{"_timestamp":1.7572833892183077e+09,"_wandb":{"runtime":1614},"val_acc":0.4392156862745098,"val_recall_plastic":0.990990990990991,"val_precision_plastic":0.4365079365079365,"_step":2,"val_confusion_matrix_table":{"artifact_path":"wandb-client-artifact://lkcb57u9kwfpbn4e98y9djymgugxm5r19kug2aq0e62hdbzyvy73u9f3lkbedmtj1ap7ft8oup5hoxngy4zlexfhczd78r3i10iwekyaio6w256ftr1gncpz1nltkn5m/val_confusion_matrix_table.table.json","nrows":4,"_type":"table-file","size":198,"_latest_artifact_path":"wandb-client-artifact://xaxosr3de5re2nlqf2e2duflfhuoa667xn89g71vtea84z52uaomx7juhlp1vnlixohmbbpkm0ujnhcz2mb6gmk7omackmq7fudthbp32sxzjb666nh2t75qvcv41r9h:latest/val_confusion_matrix_table.table.json","sha256":"ba6473802fdaf9fd89612988af657952cac0bbfe795ad77aa6b2406c907f795c","log_mode":"IMMUTABLE","path":"media/table/val_confusion_matrix_table_2_ba6473802fdaf9fd8961.table.json","ncols":3},"val_f1_plastic":0.6060606060606061,"_runtime":1614,"oob_score":0.8955349620893007}