{"val_f1_plastic":0.006734006734006734,"oob_score":0.8955349620893007,"val_confusion_matrix_table":{"sha256":"294146a332a2a0bb6893151d193714d671d8b847e1022ad3deeb2213dc152177","path":"media/table/val_confusion_matrix_table_2_294146a332a2a0bb6893.table.json","ncols":3,"_type":"table-file","nrows":4,"_latest_artifact_path":"wandb-client-artifact://nueithrax4ljsjnohlftr8rg4geuiwevwk29sxg0k2uozl8bd986oevmgg2ck21zole1xicp5hehw287u41mouk8ve1zxp97luwhq4l8ylhcaofanuuii5aif04bkq51:latest/val_confusion_matrix_table.table.json","log_mode":"IMMUTABLE","artifact_path":"wandb-client-artifact://fjlvhisekygc8dqaa826hu05rcxeag14b90ckcfred6tuxhcuadbb93oks59ui64jgrgz7wpld2yjpt7q6wozwgporgo3yhm44wf4an0ykgtuszjadqjnt85o7na3ogi/val_confusion_matrix_table.table.json","size":199},"_wandb":{"runtime":48},"_runtime":48,"val_acc":0.4215686274509804,"_timestamp":1.7572831729947858e+09,"val_recall_plastic":0.0045045045045045045,"_step":2,"val_precision_plastic":0.013333333333333334}