{"_timestamp":1.757283330335049e+09,"val_recall_plastic":0.990990990990991,"val_acc":0.4392156862745098,"val_f1_plastic":0.6060606060606061,"oob_score":0.8955349620893007,"val_precision_plastic":0.4365079365079365,"val_confusion_matrix_table":{"_type":"table-file","ncols":3,"artifact_path":"wandb-client-artifact://5k581af5gi60g5kmvitw2g0w5ofj0nwz4tq4s5slrq0997by69z0yhl3evabo3ss611b9wx8u6fa9df1pneuqyg2mvm6ddqnmdgv1fkfnsl6suwcms9jt5s91ryy8efm/val_confusion_matrix_table.table.json","log_mode":"IMMUTABLE","_latest_artifact_path":"wandb-client-artifact://zmentiimk669z1uijkf550opab4xqa66qwr4gy9jnt9w14bfg723x165z3yywknjfspul3hthrwpel7attr4ddkfsd6uezx369noki05i5gwgqccphzstjccr7uowrg4:latest/val_confusion_matrix_table.table.json","size":198,"path":"media/table/val_confusion_matrix_table_2_ba6473802fdaf9fd8961.table.json","nrows":4,"sha256":"ba6473802fdaf9fd89612988af657952cac0bbfe795ad77aa6b2406c907f795c"},"_wandb":{"runtime":53},"_runtime":53,"_step":2}