image,folder,x1,y1,x2,y2,abs_path
image_0.jpg,bottles_closeups,2037,2836,2060,2856,D:\SEM 7\CVProject\datasets\bottles_closeups\image_0.jpg
image_0.jpg,bottles_closeups,2056,2941,2078,2958,D:\SEM 7\CVProject\datasets\bottles_closeups\image_0.jpg
image_0.jpg,bottles_closeups,2028,2782,2051,2800,D:\SEM 7\CVProject\datasets\bottles_closeups\image_0.jpg
image_0.jpg,bottles_closeups,2194,3155,2221,3176,D:\SEM 7\CVProject\datasets\bottles_closeups\image_0.jpg
image_0.jpg,bottles_closeups,363,2185,438,2252,D:\SEM 7\CVProject\datasets\bottles_closeups\image_0.jpg
image_0.jpg,bottles_closeups,2375,3368,2972,4000,D:\SEM 7\CVProject\datasets\bottles_closeups\image_0.jpg
image_0.jpg,bottles_closeups,327,693,379,746,D:\SEM 7\CVProject\datasets\bottles_closeups\image_0.jpg
image_0.jpg,bottles_closeups,791,3696,926,3914,D:\SEM 7\CVProject\datasets\bottles_closeups\image_0.jpg
image_0.jpg,bottles_closeups,2044,2890,2071,2909,D:\SEM 7\CVProject\datasets\bottles_closeups\image_0.jpg
image_0.jpg,bottles_closeups,2839,452,2913,520,D:\SEM 7\CVProject\datasets\bottles_closeups\image_0.jpg
image_0.jpg,bottles_closeups,2048,2539,2067,2564,D:\SEM 7\CVProject\datasets\bottles_closeups\image_0.jpg
image_0.jpg,bottles_closeups,2060,2617,2081,2632,D:\SEM 7\CVProject\datasets\bottles_closeups\image_0.jpg
image_0.jpg,bottles_closeups,1777,539,1833,595,D:\SEM 7\CVProject\datasets\bottles_closeups\image_0.jpg
image_0.jpg,bottles_closeups,2151,2934,2176,2953,D:\SEM 7\CVProject\datasets\bottles_closeups\image_0.jpg
image_0.jpg,bottles_closeups,2943,350,3000,446,D:\SEM 7\CVProject\datasets\bottles_closeups\image_0.jpg
image_0.jpg,bottles_closeups,442,2240,470,2260,D:\SEM 7\CVProject\datasets\bottles_closeups\image_0.jpg
image_0.jpg,bottles_closeups,1092,3553,1779,4000,D:\SEM 7\CVProject\datasets\bottles_closeups\image_0.jpg
image_0.jpg,bottles_closeups,1560,2770,1581,2790,D:\SEM 7\CVProject\datasets\bottles_closeups\image_0.jpg
image_0.jpg,bottles_closeups,1129,3426,1316,3541,D:\SEM 7\CVProject\datasets\bottles_closeups\image_0.jpg
image_0.jpg,bottles_closeups,2391,2724,2432,2738,D:\SEM 7\CVProject\datasets\bottles_closeups\image_0.jpg
image_0.jpg,bottles_closeups,785,2705,821,2724,D:\SEM 7\CVProject\datasets\bottles_closeups\image_0.jpg
image_0.jpg,bottles_closeups,0,886,3000,3066,D:\SEM 7\CVProject\datasets\bottles_closeups\image_0.jpg
image_0.jpg,bottles_closeups,2174,3068,2206,3093,D:\SEM 7\CVProject\datasets\bottles_closeups\image_0.jpg
image_0.jpg,bottles_closeups,606,2257,652,2288,D:\SEM 7\CVProject\datasets\bottles_closeups\image_0.jpg
image_0.jpg,bottles_closeups,438,2158,472,2173,D:\SEM 7\CVProject\datasets\bottles_closeups\image_0.jpg
image_0.jpg,bottles_closeups,779,2642,845,2695,D:\SEM 7\CVProject\datasets\bottles_closeups\image_0.jpg
image_0.jpg,bottles_closeups,548,2240,597,2273,D:\SEM 7\CVProject\datasets\bottles_closeups\image_0.jpg
image_0.jpg,bottles_closeups,478,2236,538,2264,D:\SEM 7\CVProject\datasets\bottles_closeups\image_0.jpg
image_0.jpg,bottles_closeups,259,2257,285,2274,D:\SEM 7\CVProject\datasets\bottles_closeups\image_0.jpg
image_0.jpg,bottles_closeups,1999,2579,2252,3091,D:\SEM 7\CVProject\datasets\bottles_closeups\image_0.jpg
image_0.jpg,bottles_closeups,0,2956,798,3960,D:\SEM 7\CVProject\datasets\bottles_closeups\image_0.jpg
image_0.jpg,bottles_closeups,958,915,1816,1082,D:\SEM 7\CVProject\datasets\bottles_closeups\image_0.jpg
image_0.jpg,bottles_closeups,662,2270,701,2298,D:\SEM 7\CVProject\datasets\bottles_closeups\image_0.jpg
image_0.jpg,bottles_closeups,0,2637,155,2711,D:\SEM 7\CVProject\datasets\bottles_closeups\image_0.jpg
image_0.jpg,bottles_closeups,978,3150,1232,3484,D:\SEM 7\CVProject\datasets\bottles_closeups\image_0.jpg
image_0.jpg,bottles_closeups,2037,2865,2065,2883,D:\SEM 7\CVProject\datasets\bottles_closeups\image_0.jpg
image_0.jpg,bottles_closeups,2026,2803,2055,2829,D:\SEM 7\CVProject\datasets\bottles_closeups\image_0.jpg
image_0.jpg,bottles_closeups,1213,2846,1268,2892,D:\SEM 7\CVProject\datasets\bottles_closeups\image_0.jpg
image_0.jpg,bottles_closeups,1905,3299,2155,3658,D:\SEM 7\CVProject\datasets\bottles_closeups\image_0.jpg
image_0.jpg,bottles_closeups,1097,2851,1186,2861,D:\SEM 7\CVProject\datasets\bottles_closeups\image_0.jpg
image_0.jpg,bottles_closeups,835,2694,898,2731,D:\SEM 7\CVProject\datasets\bottles_closeups\image_0.jpg
image_0.jpg,bottles_closeups,1475,2742,1546,2780,D:\SEM 7\CVProject\datasets\bottles_closeups\image_0.jpg
image_0.jpg,bottles_closeups,127,2384,152,2408,D:\SEM 7\CVProject\datasets\bottles_closeups\image_0.jpg
image_0.jpg,bottles_closeups,797,2784,855,2846,D:\SEM 7\CVProject\datasets\bottles_closeups\image_0.jpg
image_0.jpg,bottles_closeups,2153,2674,3000,3318,D:\SEM 7\CVProject\datasets\bottles_closeups\image_0.jpg
image_0.jpg,bottles_closeups,2294,2846,2331,2866,D:\SEM 7\CVProject\datasets\bottles_closeups\image_0.jpg
image_0.jpg,bottles_closeups,0,0,2982,759,D:\SEM 7\CVProject\datasets\bottles_closeups\image_0.jpg
image_0.jpg,bottles_closeups,567,2390,621,2426,D:\SEM 7\CVProject\datasets\bottles_closeups\image_0.jpg
image_1.jpg,bottles_closeups,192,0,253,30,D:\SEM 7\CVProject\datasets\bottles_closeups\image_1.jpg
image_1.jpg,bottles_closeups,1750,323,1822,390,D:\SEM 7\CVProject\datasets\bottles_closeups\image_1.jpg
image_1.jpg,bottles_closeups,2202,0,2251,27,D:\SEM 7\CVProject\datasets\bottles_closeups\image_1.jpg
image_1.jpg,bottles_closeups,1901,327,1979,386,D:\SEM 7\CVProject\datasets\bottles_closeups\image_1.jpg
image_1.jpg,bottles_closeups,2767,3589,2817,3640,D:\SEM 7\CVProject\datasets\bottles_closeups\image_1.jpg
image_1.jpg,bottles_closeups,0,382,46,432,D:\SEM 7\CVProject\datasets\bottles_closeups\image_1.jpg
image_1.jpg,bottles_closeups,2684,0,2854,146,D:\SEM 7\CVProject\datasets\bottles_closeups\image_1.jpg
image_1.jpg,bottles_closeups,1918,62,2059,178,D:\SEM 7\CVProject\datasets\bottles_closeups\image_1.jpg
image_1.jpg,bottles_closeups,0,0,3000,4000,D:\SEM 7\CVProject\datasets\bottles_closeups\image_1.jpg
image_1.jpg,bottles_closeups,0,435,70,568,D:\SEM 7\CVProject\datasets\bottles_closeups\image_1.jpg
image_1.jpg,bottles_closeups,2540,2798,2577,2823,D:\SEM 7\CVProject\datasets\bottles_closeups\image_1.jpg
image_1.jpg,bottles_closeups,2071,291,2264,568,D:\SEM 7\CVProject\datasets\bottles_closeups\image_1.jpg
image_1.jpg,bottles_closeups,2272,477,2472,651,D:\SEM 7\CVProject\datasets\bottles_closeups\image_1.jpg
image_10.jpg,bottles_closeups,2812,487,2837,522,D:\SEM 7\CVProject\datasets\bottles_closeups\image_10.jpg
image_10.jpg,bottles_closeups,1342,3398,1444,3429,D:\SEM 7\CVProject\datasets\bottles_closeups\image_10.jpg
image_10.jpg,bottles_closeups,1634,3017,1687,3036,D:\SEM 7\CVProject\datasets\bottles_closeups\image_10.jpg
image_10.jpg,bottles_closeups,1818,3147,1950,3180,D:\SEM 7\CVProject\datasets\bottles_closeups\image_10.jpg
image_10.jpg,bottles_closeups,1046,3399,2011,3992,D:\SEM 7\CVProject\datasets\bottles_closeups\image_10.jpg
image_10.jpg,bottles_closeups,1872,1271,1909,1286,D:\SEM 7\CVProject\datasets\bottles_closeups\image_10.jpg
image_10.jpg,bottles_closeups,1775,1482,1815,1494,D:\SEM 7\CVProject\datasets\bottles_closeups\image_10.jpg
image_10.jpg,bottles_closeups,2010,3336,2028,3388,D:\SEM 7\CVProject\datasets\bottles_closeups\image_10.jpg
image_10.jpg,bottles_closeups,1144,3073,1184,3104,D:\SEM 7\CVProject\datasets\bottles_closeups\image_10.jpg
image_10.jpg,bottles_closeups,2010,3153,2037,3225,D:\SEM 7\CVProject\datasets\bottles_closeups\image_10.jpg
image_10.jpg,bottles_closeups,700,1227,967,1650,D:\SEM 7\CVProject\datasets\bottles_closeups\image_10.jpg
image_10.jpg,bottles_closeups,1042,3303,1096,3401,D:\SEM 7\CVProject\datasets\bottles_closeups\image_10.jpg
image_10.jpg,bottles_closeups,40,40,2998,3175,D:\SEM 7\CVProject\datasets\bottles_closeups\image_10.jpg
image_10.jpg,bottles_closeups,1020,3088,1129,3263,D:\SEM 7\CVProject\datasets\bottles_closeups\image_10.jpg
image_11.jpg,bottles_closeups,1061,2652,1068,2704,D:\SEM 7\CVProject\datasets\bottles_closeups\image_11.jpg
image_11.jpg,bottles_closeups,1193,0,3024,1916,D:\SEM 7\CVProject\datasets\bottles_closeups\image_11.jpg
image_11.jpg,bottles_closeups,849,819,1762,2568,D:\SEM 7\CVProject\datasets\bottles_closeups\image_11.jpg
image_11.jpg,bottles_closeups,861,2827,920,2926,D:\SEM 7\CVProject\datasets\bottles_closeups\image_11.jpg
image_11.jpg,bottles_closeups,868,3004,1612,3354,D:\SEM 7\CVProject\datasets\bottles_closeups\image_11.jpg
image_11.jpg,bottles_closeups,1002,2937,1174,3022,D:\SEM 7\CVProject\datasets\bottles_closeups\image_11.jpg
image_11.jpg,bottles_closeups,851,2658,973,2778,D:\SEM 7\CVProject\datasets\bottles_closeups\image_11.jpg
image_11.jpg,bottles_closeups,1410,2872,1503,2881,D:\SEM 7\CVProject\datasets\bottles_closeups\image_11.jpg
image_11.jpg,bottles_closeups,338,122,348,184,D:\SEM 7\CVProject\datasets\bottles_closeups\image_11.jpg
image_11.jpg,bottles_closeups,1071,2737,1172,2800,D:\SEM 7\CVProject\datasets\bottles_closeups\image_11.jpg
image_11.jpg,bottles_closeups,1088,2549,1206,2567,D:\SEM 7\CVProject\datasets\bottles_closeups\image_11.jpg
image_11.jpg,bottles_closeups,1584,2866,1630,2927,D:\SEM 7\CVProject\datasets\bottles_closeups\image_11.jpg
image_12.jpg,bottles_closeups,994,2853,1012,2873,D:\SEM 7\CVProject\datasets\bottles_closeups\image_12.jpg
image_12.jpg,bottles_closeups,2632,1978,2656,1992,D:\SEM 7\CVProject\datasets\bottles_closeups\image_12.jpg
image_12.jpg,bottles_closeups,2852,1583,2913,1665,D:\SEM 7\CVProject\datasets\bottles_closeups\image_12.jpg
image_12.jpg,bottles_closeups,1125,2720,1430,3370,D:\SEM 7\CVProject\datasets\bottles_closeups\image_12.jpg
image_12.jpg,bottles_closeups,2047,2042,3024,4032,D:\SEM 7\CVProject\datasets\bottles_closeups\image_12.jpg
image_12.jpg,bottles_closeups,40,1195,193,1334,D:\SEM 7\CVProject\datasets\bottles_closeups\image_12.jpg
image_12.jpg,bottles_closeups,1855,3072,1889,3154,D:\SEM 7\CVProject\datasets\bottles_closeups\image_12.jpg
image_12.jpg,bottles_closeups,822,2705,900,2740,D:\SEM 7\CVProject\datasets\bottles_closeups\image_12.jpg
image_12.jpg,bottles_closeups,390,1279,2060,2759,D:\SEM 7\CVProject\datasets\bottles_closeups\image_12.jpg
image_12.jpg,bottles_closeups,40,2821,345,3522,D:\SEM 7\CVProject\datasets\bottles_closeups\image_12.jpg
image_12.jpg,bottles_closeups,1046,2731,1099,2758,D:\SEM 7\CVProject\datasets\bottles_closeups\image_12.jpg
image_12.jpg,bottles_closeups,2800,1933,2853,1960,D:\SEM 7\CVProject\datasets\bottles_closeups\image_12.jpg
image_12.jpg,bottles_closeups,2697,1987,2740,2008,D:\SEM 7\CVProject\datasets\bottles_closeups\image_12.jpg
image_12.jpg,bottles_closeups,2859,2067,2901,2116,D:\SEM 7\CVProject\datasets\bottles_closeups\image_12.jpg
image_13.jpg,bottles_closeups,2228,2741,2245,2761,D:\SEM 7\CVProject\datasets\bottles_closeups\image_13.jpg
image_13.jpg,bottles_closeups,1084,3576,1138,3627,D:\SEM 7\CVProject\datasets\bottles_closeups\image_13.jpg
image_13.jpg,bottles_closeups,1888,3587,1916,3624,D:\SEM 7\CVProject\datasets\bottles_closeups\image_13.jpg
image_13.jpg,bottles_closeups,554,2116,706,2237,D:\SEM 7\CVProject\datasets\bottles_closeups\image_13.jpg
image_13.jpg,bottles_closeups,1425,3722,1462,3754,D:\SEM 7\CVProject\datasets\bottles_closeups\image_13.jpg
image_13.jpg,bottles_closeups,791,1540,1894,3439,D:\SEM 7\CVProject\datasets\bottles_closeups\image_13.jpg
image_13.jpg,bottles_closeups,1060,3848,1094,3877,D:\SEM 7\CVProject\datasets\bottles_closeups\image_13.jpg
image_13.jpg,bottles_closeups,1196,1244,1239,1269,D:\SEM 7\CVProject\datasets\bottles_closeups\image_13.jpg
image_13.jpg,bottles_closeups,1034,3898,1070,3922,D:\SEM 7\CVProject\datasets\bottles_closeups\image_13.jpg
image_13.jpg,bottles_closeups,1268,3918,1288,3936,D:\SEM 7\CVProject\datasets\bottles_closeups\image_13.jpg
image_13.jpg,bottles_closeups,1079,3672,1116,3695,D:\SEM 7\CVProject\datasets\bottles_closeups\image_13.jpg
image_13.jpg,bottles_closeups,805,32,1838,1147,D:\SEM 7\CVProject\datasets\bottles_closeups\image_13.jpg
image_13.jpg,bottles_closeups,1066,3752,1163,3793,D:\SEM 7\CVProject\datasets\bottles_closeups\image_13.jpg
image_13.jpg,bottles_closeups,1657,1326,1842,1414,D:\SEM 7\CVProject\datasets\bottles_closeups\image_13.jpg
image_13.jpg,bottles_closeups,1178,3497,1297,3547,D:\SEM 7\CVProject\datasets\bottles_closeups\image_13.jpg
image_13.jpg,bottles_closeups,1563,3574,1598,3596,D:\SEM 7\CVProject\datasets\bottles_closeups\image_13.jpg
image_14.jpg,bottles_closeups,2999,2676,3024,2728,D:\SEM 7\CVProject\datasets\bottles_closeups\image_14.jpg
image_14.jpg,bottles_closeups,1102,0,3024,2785,D:\SEM 7\CVProject\datasets\bottles_closeups\image_14.jpg
image_14.jpg,bottles_closeups,0,3861,505,4032,D:\SEM 7\CVProject\datasets\bottles_closeups\image_14.jpg
image_14.jpg,bottles_closeups,1152,2878,1854,3398,D:\SEM 7\CVProject\datasets\bottles_closeups\image_14.jpg
image_14.jpg,bottles_closeups,1323,2839,1348,2861,D:\SEM 7\CVProject\datasets\bottles_closeups\image_14.jpg
image_15.jpg,bottles_closeups,2991,2920,3024,2993,D:\SEM 7\CVProject\datasets\bottles_closeups\image_15.jpg
image_15.jpg,bottles_closeups,1524,3197,1603,3264,D:\SEM 7\CVProject\datasets\bottles_closeups\image_15.jpg
image_15.jpg,bottles_closeups,228,0,3024,3024,D:\SEM 7\CVProject\datasets\bottles_closeups\image_15.jpg
image_15.jpg,bottles_closeups,1195,3131,1233,3155,D:\SEM 7\CVProject\datasets\bottles_closeups\image_15.jpg
image_15.jpg,bottles_closeups,912,3267,1794,3641,D:\SEM 7\CVProject\datasets\bottles_closeups\image_15.jpg
image_16.jpg,bottles_closeups,2665,0,2715,34,D:\SEM 7\CVProject\datasets\bottles_closeups\image_16.jpg
image_16.jpg,bottles_closeups,2884,0,2942,25,D:\SEM 7\CVProject\datasets\bottles_closeups\image_16.jpg
image_16.jpg,bottles_closeups,1004,1054,1574,1619,D:\SEM 7\CVProject\datasets\bottles_closeups\image_16.jpg
image_16.jpg,bottles_closeups,1203,1762,1279,1843,D:\SEM 7\CVProject\datasets\bottles_closeups\image_16.jpg
image_16.jpg,bottles_closeups,1432,2960,1454,2976,D:\SEM 7\CVProject\datasets\bottles_closeups\image_16.jpg
image_16.jpg,bottles_closeups,1779,2652,1953,2919,D:\SEM 7\CVProject\datasets\bottles_closeups\image_16.jpg
image_16.jpg,bottles_closeups,924,1875,1720,2737,D:\SEM 7\CVProject\datasets\bottles_closeups\image_16.jpg
image_16.jpg,bottles_closeups,1546,3538,1580,3581,D:\SEM 7\CVProject\datasets\bottles_closeups\image_16.jpg
image_16.jpg,bottles_closeups,1336,1630,1395,1644,D:\SEM 7\CVProject\datasets\bottles_closeups\image_16.jpg
image_16.jpg,bottles_closeups,859,3927,880,3951,D:\SEM 7\CVProject\datasets\bottles_closeups\image_16.jpg
image_16.jpg,bottles_closeups,1103,2651,1674,3002,D:\SEM 7\CVProject\datasets\bottles_closeups\image_16.jpg
image_16.jpg,bottles_closeups,977,0,3024,2487,D:\SEM 7\CVProject\datasets\bottles_closeups\image_16.jpg
image_16.jpg,bottles_closeups,0,2773,622,4032,D:\SEM 7\CVProject\datasets\bottles_closeups\image_16.jpg
image_16.jpg,bottles_closeups,1331,2751,1496,2793,D:\SEM 7\CVProject\datasets\bottles_closeups\image_16.jpg
image_16.jpg,bottles_closeups,1735,3867,1759,3904,D:\SEM 7\CVProject\datasets\bottles_closeups\image_16.jpg
image_16.jpg,bottles_closeups,1454,1696,1485,1736,D:\SEM 7\CVProject\datasets\bottles_closeups\image_16.jpg
image_16.jpg,bottles_closeups,1604,1650,1789,1810,D:\SEM 7\CVProject\datasets\bottles_closeups\image_16.jpg
image_16.jpg,bottles_closeups,1317,1608,1338,1659,D:\SEM 7\CVProject\datasets\bottles_closeups\image_16.jpg
image_16.jpg,bottles_closeups,1587,1705,1643,1744,D:\SEM 7\CVProject\datasets\bottles_closeups\image_16.jpg
image_16.jpg,bottles_closeups,1063,1639,1099,1664,D:\SEM 7\CVProject\datasets\bottles_closeups\image_16.jpg
image_17.jpg,bottles_closeups,43,2673,61,2734,D:\SEM 7\CVProject\datasets\bottles_closeups\image_17.jpg
image_17.jpg,bottles_closeups,220,3961,278,4000,D:\SEM 7\CVProject\datasets\bottles_closeups\image_17.jpg
image_17.jpg,bottles_closeups,698,1885,718,1900,D:\SEM 7\CVProject\datasets\bottles_closeups\image_17.jpg
image_17.jpg,bottles_closeups,901,2618,919,2635,D:\SEM 7\CVProject\datasets\bottles_closeups\image_17.jpg
image_17.jpg,bottles_closeups,2972,1723,3000,1790,D:\SEM 7\CVProject\datasets\bottles_closeups\image_17.jpg
image_17.jpg,bottles_closeups,0,2488,28,2537,D:\SEM 7\CVProject\datasets\bottles_closeups\image_17.jpg
image_17.jpg,bottles_closeups,2554,3946,2603,3996,D:\SEM 7\CVProject\datasets\bottles_closeups\image_17.jpg
image_17.jpg,bottles_closeups,585,2936,602,2956,D:\SEM 7\CVProject\datasets\bottles_closeups\image_17.jpg
image_17.jpg,bottles_closeups,0,2912,43,2974,D:\SEM 7\CVProject\datasets\bottles_closeups\image_17.jpg
image_17.jpg,bottles_closeups,2370,1687,2737,2000,D:\SEM 7\CVProject\datasets\bottles_closeups\image_17.jpg
image_17.jpg,bottles_closeups,795,3638,816,3664,D:\SEM 7\CVProject\datasets\bottles_closeups\image_17.jpg
image_17.jpg,bottles_closeups,41,949,98,1001,D:\SEM 7\CVProject\datasets\bottles_closeups\image_17.jpg
image_17.jpg,bottles_closeups,2432,1523,2580,1652,D:\SEM 7\CVProject\datasets\bottles_closeups\image_17.jpg
image_17.jpg,bottles_closeups,2630,1542,2718,1636,D:\SEM 7\CVProject\datasets\bottles_closeups\image_17.jpg
image_17.jpg,bottles_closeups,1920,477,2033,602,D:\SEM 7\CVProject\datasets\bottles_closeups\image_17.jpg
image_17.jpg,bottles_closeups,911,3643,969,3724,D:\SEM 7\CVProject\datasets\bottles_closeups\image_17.jpg
image_17.jpg,bottles_closeups,132,1664,217,1731,D:\SEM 7\CVProject\datasets\bottles_closeups\image_17.jpg
image_17.jpg,bottles_closeups,0,2315,162,2640,D:\SEM 7\CVProject\datasets\bottles_closeups\image_17.jpg
image_17.jpg,bottles_closeups,2556,3499,2712,3697,D:\SEM 7\CVProject\datasets\bottles_closeups\image_17.jpg
image_17.jpg,bottles_closeups,0,1242,91,1642,D:\SEM 7\CVProject\datasets\bottles_closeups\image_17.jpg
image_17.jpg,bottles_closeups,2615,3746,2882,4000,D:\SEM 7\CVProject\datasets\bottles_closeups\image_17.jpg
image_17.jpg,bottles_closeups,79,278,228,497,D:\SEM 7\CVProject\datasets\bottles_closeups\image_17.jpg
image_17.jpg,bottles_closeups,2288,2170,3000,2642,D:\SEM 7\CVProject\datasets\bottles_closeups\image_17.jpg
image_17.jpg,bottles_closeups,156,1473,246,1607,D:\SEM 7\CVProject\datasets\bottles_closeups\image_17.jpg
image_17.jpg,bottles_closeups,2224,3659,2317,3868,D:\SEM 7\CVProject\datasets\bottles_closeups\image_17.jpg
image_17.jpg,bottles_closeups,319,1366,921,1904,D:\SEM 7\CVProject\datasets\bottles_closeups\image_17.jpg
image_17.jpg,bottles_closeups,2812,1317,2975,1529,D:\SEM 7\CVProject\datasets\bottles_closeups\image_17.jpg
image_17.jpg,bottles_closeups,2160,537,2924,956,D:\SEM 7\CVProject\datasets\bottles_closeups\image_17.jpg
image_17.jpg,bottles_closeups,200,639,2134,3868,D:\SEM 7\CVProject\datasets\bottles_closeups\image_17.jpg
image_17.jpg,bottles_closeups,238,1112,414,1348,D:\SEM 7\CVProject\datasets\bottles_closeups\image_17.jpg
image_17.jpg,bottles_closeups,305,319,1193,815,D:\SEM 7\CVProject\datasets\bottles_closeups\image_17.jpg
image_17.jpg,bottles_closeups,98,3292,282,3931,D:\SEM 7\CVProject\datasets\bottles_closeups\image_17.jpg
image_17.jpg,bottles_closeups,805,3087,1031,3461,D:\SEM 7\CVProject\datasets\bottles_closeups\image_17.jpg
image_17.jpg,bottles_closeups,1813,0,2072,185,D:\SEM 7\CVProject\datasets\bottles_closeups\image_17.jpg
image_17.jpg,bottles_closeups,2641,3004,2668,3023,D:\SEM 7\CVProject\datasets\bottles_closeups\image_17.jpg
image_18.jpg,bottles_closeups,2349,1528,2541,1610,D:\SEM 7\CVProject\datasets\bottles_closeups\image_18.jpg
image_18.jpg,bottles_closeups,2951,2282,3000,2337,D:\SEM 7\CVProject\datasets\bottles_closeups\image_18.jpg
image_18.jpg,bottles_closeups,950,185,1006,255,D:\SEM 7\CVProject\datasets\bottles_closeups\image_18.jpg
image_18.jpg,bottles_closeups,2132,266,2202,838,D:\SEM 7\CVProject\datasets\bottles_closeups\image_18.jpg
image_18.jpg,bottles_closeups,0,2438,152,2707,D:\SEM 7\CVProject\datasets\bottles_closeups\image_18.jpg
image_18.jpg,bottles_closeups,706,3824,731,3851,D:\SEM 7\CVProject\datasets\bottles_closeups\image_18.jpg
image_18.jpg,bottles_closeups,2104,1105,2193,1316,D:\SEM 7\CVProject\datasets\bottles_closeups\image_18.jpg
image_18.jpg,bottles_closeups,109,3169,164,3256,D:\SEM 7\CVProject\datasets\bottles_closeups\image_18.jpg
image_18.jpg,bottles_closeups,1024,1113,2960,4000,D:\SEM 7\CVProject\datasets\bottles_closeups\image_18.jpg
image_18.jpg,bottles_closeups,395,3923,418,3948,D:\SEM 7\CVProject\datasets\bottles_closeups\image_18.jpg
image_18.jpg,bottles_closeups,119,3874,247,4000,D:\SEM 7\CVProject\datasets\bottles_closeups\image_18.jpg
image_18.jpg,bottles_closeups,749,3662,976,3971,D:\SEM 7\CVProject\datasets\bottles_closeups\image_18.jpg
image_18.jpg,bottles_closeups,0,1940,315,2134,D:\SEM 7\CVProject\datasets\bottles_closeups\image_18.jpg
image_18.jpg,bottles_closeups,448,3919,474,3945,D:\SEM 7\CVProject\datasets\bottles_closeups\image_18.jpg
image_18.jpg,bottles_closeups,2182,1856,2288,1980,D:\SEM 7\CVProject\datasets\bottles_closeups\image_18.jpg
image_18.jpg,bottles_closeups,40,3186,921,3865,D:\SEM 7\CVProject\datasets\bottles_closeups\image_18.jpg
image_18.jpg,bottles_closeups,315,3881,391,3956,D:\SEM 7\CVProject\datasets\bottles_closeups\image_18.jpg
image_18.jpg,bottles_closeups,949,3353,1087,3541,D:\SEM 7\CVProject\datasets\bottles_closeups\image_18.jpg
image_18.jpg,bottles_closeups,2840,1655,3000,1937,D:\SEM 7\CVProject\datasets\bottles_closeups\image_18.jpg
image_18.jpg,bottles_closeups,449,0,912,497,D:\SEM 7\CVProject\datasets\bottles_closeups\image_18.jpg
image_19.jpg,bottles_closeups,43,2673,61,2734,D:\SEM 7\CVProject\datasets\bottles_closeups\image_19.jpg
image_19.jpg,bottles_closeups,220,3961,278,4000,D:\SEM 7\CVProject\datasets\bottles_closeups\image_19.jpg
image_19.jpg,bottles_closeups,698,1885,718,1900,D:\SEM 7\CVProject\datasets\bottles_closeups\image_19.jpg
image_19.jpg,bottles_closeups,901,2618,919,2635,D:\SEM 7\CVProject\datasets\bottles_closeups\image_19.jpg
image_19.jpg,bottles_closeups,2972,1723,3000,1790,D:\SEM 7\CVProject\datasets\bottles_closeups\image_19.jpg
image_19.jpg,bottles_closeups,0,2488,28,2537,D:\SEM 7\CVProject\datasets\bottles_closeups\image_19.jpg
image_19.jpg,bottles_closeups,2554,3946,2603,3996,D:\SEM 7\CVProject\datasets\bottles_closeups\image_19.jpg
image_19.jpg,bottles_closeups,0,2912,43,2974,D:\SEM 7\CVProject\datasets\bottles_closeups\image_19.jpg
image_19.jpg,bottles_closeups,2370,1687,2737,2000,D:\SEM 7\CVProject\datasets\bottles_closeups\image_19.jpg
image_19.jpg,bottles_closeups,795,3638,816,3664,D:\SEM 7\CVProject\datasets\bottles_closeups\image_19.jpg
image_19.jpg,bottles_closeups,41,949,98,1001,D:\SEM 7\CVProject\datasets\bottles_closeups\image_19.jpg
image_19.jpg,bottles_closeups,2432,1523,2580,1652,D:\SEM 7\CVProject\datasets\bottles_closeups\image_19.jpg
image_19.jpg,bottles_closeups,911,3643,970,3724,D:\SEM 7\CVProject\datasets\bottles_closeups\image_19.jpg
image_19.jpg,bottles_closeups,2631,1542,2718,1634,D:\SEM 7\CVProject\datasets\bottles_closeups\image_19.jpg
image_19.jpg,bottles_closeups,1920,477,2033,602,D:\SEM 7\CVProject\datasets\bottles_closeups\image_19.jpg
image_19.jpg,bottles_closeups,0,2315,162,2640,D:\SEM 7\CVProject\datasets\bottles_closeups\image_19.jpg
image_19.jpg,bottles_closeups,132,1664,217,1731,D:\SEM 7\CVProject\datasets\bottles_closeups\image_19.jpg
image_19.jpg,bottles_closeups,2555,3499,2712,3697,D:\SEM 7\CVProject\datasets\bottles_closeups\image_19.jpg
image_19.jpg,bottles_closeups,0,1242,91,1642,D:\SEM 7\CVProject\datasets\bottles_closeups\image_19.jpg
image_19.jpg,bottles_closeups,2615,3746,2882,4000,D:\SEM 7\CVProject\datasets\bottles_closeups\image_19.jpg
image_19.jpg,bottles_closeups,79,278,228,497,D:\SEM 7\CVProject\datasets\bottles_closeups\image_19.jpg
image_19.jpg,bottles_closeups,156,1473,246,1607,D:\SEM 7\CVProject\datasets\bottles_closeups\image_19.jpg
image_19.jpg,bottles_closeups,2288,2170,3000,2642,D:\SEM 7\CVProject\datasets\bottles_closeups\image_19.jpg
image_19.jpg,bottles_closeups,2224,3659,2317,3868,D:\SEM 7\CVProject\datasets\bottles_closeups\image_19.jpg
image_19.jpg,bottles_closeups,319,1366,921,1904,D:\SEM 7\CVProject\datasets\bottles_closeups\image_19.jpg
image_19.jpg,bottles_closeups,2812,1317,2975,1529,D:\SEM 7\CVProject\datasets\bottles_closeups\image_19.jpg
image_19.jpg,bottles_closeups,2153,537,2924,956,D:\SEM 7\CVProject\datasets\bottles_closeups\image_19.jpg
image_19.jpg,bottles_closeups,98,3292,282,3951,D:\SEM 7\CVProject\datasets\bottles_closeups\image_19.jpg
image_19.jpg,bottles_closeups,238,1112,414,1348,D:\SEM 7\CVProject\datasets\bottles_closeups\image_19.jpg
image_19.jpg,bottles_closeups,155,639,2134,3868,D:\SEM 7\CVProject\datasets\bottles_closeups\image_19.jpg
image_19.jpg,bottles_closeups,305,319,1193,815,D:\SEM 7\CVProject\datasets\bottles_closeups\image_19.jpg
image_19.jpg,bottles_closeups,805,3087,1031,3461,D:\SEM 7\CVProject\datasets\bottles_closeups\image_19.jpg
image_19.jpg,bottles_closeups,1813,0,2072,185,D:\SEM 7\CVProject\datasets\bottles_closeups\image_19.jpg
image_19.jpg,bottles_closeups,2641,3004,2668,3023,D:\SEM 7\CVProject\datasets\bottles_closeups\image_19.jpg
image_2.jpg,bottles_closeups,0,20,3000,4000,D:\SEM 7\CVProject\datasets\bottles_closeups\image_2.jpg
image_20.jpg,bottles_closeups,0,2438,194,2707,D:\SEM 7\CVProject\datasets\bottles_closeups\image_20.jpg
image_20.jpg,bottles_closeups,2348,1528,2541,1610,D:\SEM 7\CVProject\datasets\bottles_closeups\image_20.jpg
image_20.jpg,bottles_closeups,950,185,1017,255,D:\SEM 7\CVProject\datasets\bottles_closeups\image_20.jpg
image_20.jpg,bottles_closeups,770,3662,976,3971,D:\SEM 7\CVProject\datasets\bottles_closeups\image_20.jpg
image_20.jpg,bottles_closeups,2132,266,2202,837,D:\SEM 7\CVProject\datasets\bottles_closeups\image_20.jpg
image_20.jpg,bottles_closeups,706,3824,731,3851,D:\SEM 7\CVProject\datasets\bottles_closeups\image_20.jpg
image_20.jpg,bottles_closeups,2104,1105,2193,1316,D:\SEM 7\CVProject\datasets\bottles_closeups\image_20.jpg
image_20.jpg,bottles_closeups,70,3894,86,3915,D:\SEM 7\CVProject\datasets\bottles_closeups\image_20.jpg
image_20.jpg,bottles_closeups,109,3169,164,3256,D:\SEM 7\CVProject\datasets\bottles_closeups\image_20.jpg
image_20.jpg,bottles_closeups,395,3923,418,3948,D:\SEM 7\CVProject\datasets\bottles_closeups\image_20.jpg
image_20.jpg,bottles_closeups,1024,1110,3000,4000,D:\SEM 7\CVProject\datasets\bottles_closeups\image_20.jpg
image_20.jpg,bottles_closeups,113,3874,247,4000,D:\SEM 7\CVProject\datasets\bottles_closeups\image_20.jpg
image_20.jpg,bottles_closeups,448,3919,474,3945,D:\SEM 7\CVProject\datasets\bottles_closeups\image_20.jpg
image_20.jpg,bottles_closeups,0,1940,315,2134,D:\SEM 7\CVProject\datasets\bottles_closeups\image_20.jpg
image_20.jpg,bottles_closeups,243,0,912,497,D:\SEM 7\CVProject\datasets\bottles_closeups\image_20.jpg
image_20.jpg,bottles_closeups,2182,1856,2288,1980,D:\SEM 7\CVProject\datasets\bottles_closeups\image_20.jpg
image_20.jpg,bottles_closeups,315,3881,391,3956,D:\SEM 7\CVProject\datasets\bottles_closeups\image_20.jpg
image_20.jpg,bottles_closeups,82,3186,1087,3897,D:\SEM 7\CVProject\datasets\bottles_closeups\image_20.jpg
image_20.jpg,bottles_closeups,2840,1655,3000,1937,D:\SEM 7\CVProject\datasets\bottles_closeups\image_20.jpg
image_21.jpg,bottles_closeups,1851,4789,1886,4802,D:\SEM 7\CVProject\datasets\bottles_closeups\image_21.jpg
image_21.jpg,bottles_closeups,1991,4775,2066,4833,D:\SEM 7\CVProject\datasets\bottles_closeups\image_21.jpg
image_21.jpg,bottles_closeups,1948,1964,2637,2633,D:\SEM 7\CVProject\datasets\bottles_closeups\image_21.jpg
image_21.jpg,bottles_closeups,2618,3984,2647,3996,D:\SEM 7\CVProject\datasets\bottles_closeups\image_21.jpg
image_21.jpg,bottles_closeups,1766,4969,1792,4987,D:\SEM 7\CVProject\datasets\bottles_closeups\image_21.jpg
image_21.jpg,bottles_closeups,2596,4763,2636,4790,D:\SEM 7\CVProject\datasets\bottles_closeups\image_21.jpg
image_21.jpg,bottles_closeups,2616,4504,2654,4531,D:\SEM 7\CVProject\datasets\bottles_closeups\image_21.jpg
image_21.jpg,bottles_closeups,2555,2938,2647,3381,D:\SEM 7\CVProject\datasets\bottles_closeups\image_21.jpg
image_21.jpg,bottles_closeups,2630,4095,2668,4126,D:\SEM 7\CVProject\datasets\bottles_closeups\image_21.jpg
image_21.jpg,bottles_closeups,2266,3367,2331,3442,D:\SEM 7\CVProject\datasets\bottles_closeups\image_21.jpg
image_21.jpg,bottles_closeups,2614,4049,2642,4066,D:\SEM 7\CVProject\datasets\bottles_closeups\image_21.jpg
image_21.jpg,bottles_closeups,2594,4519,2613,4553,D:\SEM 7\CVProject\datasets\bottles_closeups\image_21.jpg
image_21.jpg,bottles_closeups,2649,2958,2714,3328,D:\SEM 7\CVProject\datasets\bottles_closeups\image_21.jpg
image_21.jpg,bottles_closeups,2552,3354,2569,3386,D:\SEM 7\CVProject\datasets\bottles_closeups\image_21.jpg
image_21.jpg,bottles_closeups,2582,4101,2617,4134,D:\SEM 7\CVProject\datasets\bottles_closeups\image_21.jpg
image_21.jpg,bottles_closeups,2577,2791,2600,2820,D:\SEM 7\CVProject\datasets\bottles_closeups\image_21.jpg
image_21.jpg,bottles_closeups,2426,3995,2442,4045,D:\SEM 7\CVProject\datasets\bottles_closeups\image_21.jpg
image_21.jpg,bottles_closeups,2669,3390,2695,3412,D:\SEM 7\CVProject\datasets\bottles_closeups\image_21.jpg
image_21.jpg,bottles_closeups,2063,3792,2086,3812,D:\SEM 7\CVProject\datasets\bottles_closeups\image_21.jpg
image_21.jpg,bottles_closeups,1828,3110,1965,3213,D:\SEM 7\CVProject\datasets\bottles_closeups\image_21.jpg
image_21.jpg,bottles_closeups,2616,2769,2641,2822,D:\SEM 7\CVProject\datasets\bottles_closeups\image_21.jpg
image_21.jpg,bottles_closeups,2653,3819,2677,3840,D:\SEM 7\CVProject\datasets\bottles_closeups\image_21.jpg
image_21.jpg,bottles_closeups,2568,3704,2586,3741,D:\SEM 7\CVProject\datasets\bottles_closeups\image_21.jpg
image_21.jpg,bottles_closeups,2580,3889,2596,3922,D:\SEM 7\CVProject\datasets\bottles_closeups\image_21.jpg
image_21.jpg,bottles_closeups,40,3616,563,3892,D:\SEM 7\CVProject\datasets\bottles_closeups\image_21.jpg
image_21.jpg,bottles_closeups,0,4751,4284,5712,D:\SEM 7\CVProject\datasets\bottles_closeups\image_21.jpg
image_21.jpg,bottles_closeups,2559,4502,2592,4546,D:\SEM 7\CVProject\datasets\bottles_closeups\image_21.jpg
image_21.jpg,bottles_closeups,2569,3455,2586,3503,D:\SEM 7\CVProject\datasets\bottles_closeups\image_21.jpg
image_21.jpg,bottles_closeups,2571,3933,2603,3985,D:\SEM 7\CVProject\datasets\bottles_closeups\image_21.jpg
image_21.jpg,bottles_closeups,2470,4796,2679,5071,D:\SEM 7\CVProject\datasets\bottles_closeups\image_21.jpg
image_21.jpg,bottles_closeups,2569,3396,2594,3444,D:\SEM 7\CVProject\datasets\bottles_closeups\image_21.jpg
image_21.jpg,bottles_closeups,2551,4043,2608,4084,D:\SEM 7\CVProject\datasets\bottles_closeups\image_21.jpg
image_21.jpg,bottles_closeups,1808,4326,1869,4382,D:\SEM 7\CVProject\datasets\bottles_closeups\image_21.jpg
image_21.jpg,bottles_closeups,1951,3772,1976,3813,D:\SEM 7\CVProject\datasets\bottles_closeups\image_21.jpg
image_21.jpg,bottles_closeups,2407,3899,2516,4007,D:\SEM 7\CVProject\datasets\bottles_closeups\image_21.jpg
image_21.jpg,bottles_closeups,2430,4982,2459,5009,D:\SEM 7\CVProject\datasets\bottles_closeups\image_21.jpg
image_21.jpg,bottles_closeups,2507,3988,2549,4073,D:\SEM 7\CVProject\datasets\bottles_closeups\image_21.jpg
image_21.jpg,bottles_closeups,2634,3704,2684,3754,D:\SEM 7\CVProject\datasets\bottles_closeups\image_21.jpg
image_21.jpg,bottles_closeups,1832,4233,1886,4283,D:\SEM 7\CVProject\datasets\bottles_closeups\image_21.jpg
image_21.jpg,bottles_closeups,2094,3035,2182,3443,D:\SEM 7\CVProject\datasets\bottles_closeups\image_21.jpg
image_21.jpg,bottles_closeups,1894,3509,1941,3558,D:\SEM 7\CVProject\datasets\bottles_closeups\image_21.jpg
image_21.jpg,bottles_closeups,2529,4541,2561,4577,D:\SEM 7\CVProject\datasets\bottles_closeups\image_21.jpg
image_21.jpg,bottles_closeups,1945,3657,1978,3710,D:\SEM 7\CVProject\datasets\bottles_closeups\image_21.jpg
image_21.jpg,bottles_closeups,1532,3126,1934,4759,D:\SEM 7\CVProject\datasets\bottles_closeups\image_21.jpg
image_21.jpg,bottles_closeups,2548,4119,2589,4170,D:\SEM 7\CVProject\datasets\bottles_closeups\image_21.jpg
image_21.jpg,bottles_closeups,2660,2807,2702,2866,D:\SEM 7\CVProject\datasets\bottles_closeups\image_21.jpg
image_21.jpg,bottles_closeups,2632,2910,2664,2932,D:\SEM 7\CVProject\datasets\bottles_closeups\image_21.jpg
image_21.jpg,bottles_closeups,2489,4468,2542,4505,D:\SEM 7\CVProject\datasets\bottles_closeups\image_21.jpg
image_21.jpg,bottles_closeups,2621,4353,2688,4400,D:\SEM 7\CVProject\datasets\bottles_closeups\image_21.jpg
image_21.jpg,bottles_closeups,1768,2994,1798,3059,D:\SEM 7\CVProject\datasets\bottles_closeups\image_21.jpg
image_21.jpg,bottles_closeups,2479,3696,2503,3781,D:\SEM 7\CVProject\datasets\bottles_closeups\image_21.jpg
image_21.jpg,bottles_closeups,1760,2709,1834,2940,D:\SEM 7\CVProject\datasets\bottles_closeups\image_21.jpg
image_21.jpg,bottles_closeups,2594,3653,2652,3687,D:\SEM 7\CVProject\datasets\bottles_closeups\image_21.jpg
image_21.jpg,bottles_closeups,2310,2763,2370,2797,D:\SEM 7\CVProject\datasets\bottles_closeups\image_21.jpg
image_22.jpg,bottles_closeups,0,0,3338,5712,D:\SEM 7\CVProject\datasets\bottles_closeups\image_22.jpg
image_22.jpg,bottles_closeups,151,5680,200,5712,D:\SEM 7\CVProject\datasets\bottles_closeups\image_22.jpg
image_22.jpg,bottles_closeups,0,2616,38,2686,D:\SEM 7\CVProject\datasets\bottles_closeups\image_22.jpg
image_22.jpg,bottles_closeups,0,4828,29,4877,D:\SEM 7\CVProject\datasets\bottles_closeups\image_22.jpg
image_22.jpg,bottles_closeups,0,920,36,992,D:\SEM 7\CVProject\datasets\bottles_closeups\image_22.jpg
image_23.jpg,bottles_closeups,4252,4923,4284,4972,D:\SEM 7\CVProject\datasets\bottles_closeups\image_23.jpg
image_23.jpg,bottles_closeups,40,5329,144,5537,D:\SEM 7\CVProject\datasets\bottles_closeups\image_23.jpg
image_23.jpg,bottles_closeups,1080,2615,1108,2648,D:\SEM 7\CVProject\datasets\bottles_closeups\image_23.jpg
image_23.jpg,bottles_closeups,1233,2565,1264,2603,D:\SEM 7\CVProject\datasets\bottles_closeups\image_23.jpg
image_23.jpg,bottles_closeups,764,2851,4284,5712,D:\SEM 7\CVProject\datasets\bottles_closeups\image_23.jpg
image_23.jpg,bottles_closeups,249,1829,1067,2667,D:\SEM 7\CVProject\datasets\bottles_closeups\image_23.jpg
image_23.jpg,bottles_closeups,832,2732,861,2748,D:\SEM 7\CVProject\datasets\bottles_closeups\image_23.jpg
image_23.jpg,bottles_closeups,1365,2758,2767,4221,D:\SEM 7\CVProject\datasets\bottles_closeups\image_23.jpg
image_23.jpg,bottles_closeups,1382,3585,1416,3597,D:\SEM 7\CVProject\datasets\bottles_closeups\image_23.jpg
image_23.jpg,bottles_closeups,2446,4053,2474,4068,D:\SEM 7\CVProject\datasets\bottles_closeups\image_23.jpg
image_23.jpg,bottles_closeups,926,2820,1112,3034,D:\SEM 7\CVProject\datasets\bottles_closeups\image_23.jpg
image_23.jpg,bottles_closeups,1395,3497,1445,3521,D:\SEM 7\CVProject\datasets\bottles_closeups\image_23.jpg
image_23.jpg,bottles_closeups,1702,3040,1726,3061,D:\SEM 7\CVProject\datasets\bottles_closeups\image_23.jpg
image_23.jpg,bottles_closeups,822,2809,846,2831,D:\SEM 7\CVProject\datasets\bottles_closeups\image_23.jpg
image_23.jpg,bottles_closeups,1661,2815,1719,2940,D:\SEM 7\CVProject\datasets\bottles_closeups\image_23.jpg
image_23.jpg,bottles_closeups,2762,3415,2807,3457,D:\SEM 7\CVProject\datasets\bottles_closeups\image_23.jpg
image_23.jpg,bottles_closeups,3026,3532,3069,3581,D:\SEM 7\CVProject\datasets\bottles_closeups\image_23.jpg
image_23.jpg,bottles_closeups,2353,4063,2371,4096,D:\SEM 7\CVProject\datasets\bottles_closeups\image_23.jpg
image_23.jpg,bottles_closeups,1145,3195,1214,3209,D:\SEM 7\CVProject\datasets\bottles_closeups\image_23.jpg
image_23.jpg,bottles_closeups,1446,2574,1544,2767,D:\SEM 7\CVProject\datasets\bottles_closeups\image_23.jpg
image_23.jpg,bottles_closeups,2852,3492,2875,3518,D:\SEM 7\CVProject\datasets\bottles_closeups\image_23.jpg
image_23.jpg,bottles_closeups,1774,2459,1812,2484,D:\SEM 7\CVProject\datasets\bottles_closeups\image_23.jpg
image_23.jpg,bottles_closeups,2740,3656,2817,3813,D:\SEM 7\CVProject\datasets\bottles_closeups\image_23.jpg
image_23.jpg,bottles_closeups,1221,3271,1264,3290,D:\SEM 7\CVProject\datasets\bottles_closeups\image_23.jpg
image_23.jpg,bottles_closeups,2802,3449,2833,3474,D:\SEM 7\CVProject\datasets\bottles_closeups\image_23.jpg
image_23.jpg,bottles_closeups,1048,3027,1212,3190,D:\SEM 7\CVProject\datasets\bottles_closeups\image_23.jpg
image_23.jpg,bottles_closeups,1574,3053,1596,3085,D:\SEM 7\CVProject\datasets\bottles_closeups\image_23.jpg
image_23.jpg,bottles_closeups,2288,4004,2336,4064,D:\SEM 7\CVProject\datasets\bottles_closeups\image_23.jpg
image_23.jpg,bottles_closeups,2828,3490,2940,3655,D:\SEM 7\CVProject\datasets\bottles_closeups\image_23.jpg
image_23.jpg,bottles_closeups,1350,3296,1423,3336,D:\SEM 7\CVProject\datasets\bottles_closeups\image_23.jpg
image_23.jpg,bottles_closeups,1290,3334,1352,3382,D:\SEM 7\CVProject\datasets\bottles_closeups\image_23.jpg
image_23.jpg,bottles_closeups,40,3472,1525,4994,D:\SEM 7\CVProject\datasets\bottles_closeups\image_23.jpg
image_23.jpg,bottles_closeups,1471,2474,1540,2510,D:\SEM 7\CVProject\datasets\bottles_closeups\image_23.jpg
image_23.jpg,bottles_closeups,857,2675,940,2732,D:\SEM 7\CVProject\datasets\bottles_closeups\image_23.jpg
image_23.jpg,bottles_closeups,1020,2991,1164,3075,D:\SEM 7\CVProject\datasets\bottles_closeups\image_23.jpg
image_23.jpg,bottles_closeups,852,2707,977,2779,D:\SEM 7\CVProject\datasets\bottles_closeups\image_23.jpg
image_23.jpg,bottles_closeups,1128,2307,1326,2588,D:\SEM 7\CVProject\datasets\bottles_closeups\image_23.jpg
image_23.jpg,bottles_closeups,1265,3261,1390,3333,D:\SEM 7\CVProject\datasets\bottles_closeups\image_23.jpg
image_24.jpg,bottles_closeups,0,40,281,3504,D:\SEM 7\CVProject\datasets\bottles_closeups\image_24.jpg
image_24.jpg,bottles_closeups,3949,5030,4244,5672,D:\SEM 7\CVProject\datasets\bottles_closeups\image_24.jpg
image_24.jpg,bottles_closeups,970,5110,1037,5190,D:\SEM 7\CVProject\datasets\bottles_closeups\image_24.jpg
image_24.jpg,bottles_closeups,732,1919,1912,4370,D:\SEM 7\CVProject\datasets\bottles_closeups\image_24.jpg
image_25.jpg,bottles_closeups,1564,2688,1578,2731,D:\SEM 7\CVProject\datasets\bottles_closeups\image_25.jpg
image_25.jpg,bottles_closeups,444,2824,532,2891,D:\SEM 7\CVProject\datasets\bottles_closeups\image_25.jpg
image_25.jpg,bottles_closeups,1546,3199,1566,3214,D:\SEM 7\CVProject\datasets\bottles_closeups\image_25.jpg
image_25.jpg,bottles_closeups,528,2501,552,2539,D:\SEM 7\CVProject\datasets\bottles_closeups\image_25.jpg
image_25.jpg,bottles_closeups,1224,2873,1286,2888,D:\SEM 7\CVProject\datasets\bottles_closeups\image_25.jpg
image_25.jpg,bottles_closeups,772,2353,1020,2541,D:\SEM 7\CVProject\datasets\bottles_closeups\image_25.jpg
image_25.jpg,bottles_closeups,1404,2983,1437,3000,D:\SEM 7\CVProject\datasets\bottles_closeups\image_25.jpg
image_25.jpg,bottles_closeups,826,2953,896,2992,D:\SEM 7\CVProject\datasets\bottles_closeups\image_25.jpg
image_25.jpg,bottles_closeups,1612,3239,1626,3267,D:\SEM 7\CVProject\datasets\bottles_closeups\image_25.jpg
image_25.jpg,bottles_closeups,500,2478,515,2517,D:\SEM 7\CVProject\datasets\bottles_closeups\image_25.jpg
image_25.jpg,bottles_closeups,1296,2217,1576,2375,D:\SEM 7\CVProject\datasets\bottles_closeups\image_25.jpg
image_25.jpg,bottles_closeups,949,1376,1753,2230,D:\SEM 7\CVProject\datasets\bottles_closeups\image_25.jpg
image_25.jpg,bottles_closeups,1678,2675,1693,2710,D:\SEM 7\CVProject\datasets\bottles_closeups\image_25.jpg
image_25.jpg,bottles_closeups,1241,2564,1436,2617,D:\SEM 7\CVProject\datasets\bottles_closeups\image_25.jpg
image_25.jpg,bottles_closeups,916,2208,1116,2367,D:\SEM 7\CVProject\datasets\bottles_closeups\image_25.jpg
image_25.jpg,bottles_closeups,970,1942,991,1971,D:\SEM 7\CVProject\datasets\bottles_closeups\image_25.jpg
image_25.jpg,bottles_closeups,724,2608,865,2699,D:\SEM 7\CVProject\datasets\bottles_closeups\image_25.jpg
image_25.jpg,bottles_closeups,1692,2802,1729,2841,D:\SEM 7\CVProject\datasets\bottles_closeups\image_25.jpg
image_25.jpg,bottles_closeups,0,2925,4284,5712,D:\SEM 7\CVProject\datasets\bottles_closeups\image_25.jpg
image_25.jpg,bottles_closeups,1212,2842,1402,2865,D:\SEM 7\CVProject\datasets\bottles_closeups\image_25.jpg
image_25.jpg,bottles_closeups,698,2878,742,2921,D:\SEM 7\CVProject\datasets\bottles_closeups\image_25.jpg
image_25.jpg,bottles_closeups,1088,2384,1641,2488,D:\SEM 7\CVProject\datasets\bottles_closeups\image_25.jpg
image_25.jpg,bottles_closeups,391,2930,424,3040,D:\SEM 7\CVProject\datasets\bottles_closeups\image_25.jpg
image_25.jpg,bottles_closeups,771,2577,906,2657,D:\SEM 7\CVProject\datasets\bottles_closeups\image_25.jpg
image_25.jpg,bottles_closeups,735,2774,790,2832,D:\SEM 7\CVProject\datasets\bottles_closeups\image_25.jpg
image_26.jpg,bottles_closeups,482,5481,532,5532,D:\SEM 7\CVProject\datasets\bottles_closeups\image_26.jpg
image_26.jpg,bottles_closeups,318,5310,370,5361,D:\SEM 7\CVProject\datasets\bottles_closeups\image_26.jpg
image_26.jpg,bottles_closeups,0,60,4284,5712,D:\SEM 7\CVProject\datasets\bottles_closeups\image_26.jpg
image_27.jpg,bottles_closeups,3362,4895,3388,4925,D:\SEM 7\CVProject\datasets\bottles_closeups\image_27.jpg
image_27.jpg,bottles_closeups,1856,2618,1968,2727,D:\SEM 7\CVProject\datasets\bottles_closeups\image_27.jpg
image_27.jpg,bottles_closeups,3648,5044,3695,5100,D:\SEM 7\CVProject\datasets\bottles_closeups\image_27.jpg
image_27.jpg,bottles_closeups,3350,3698,3486,3818,D:\SEM 7\CVProject\datasets\bottles_closeups\image_27.jpg
image_27.jpg,bottles_closeups,3224,4746,3242,4775,D:\SEM 7\CVProject\datasets\bottles_closeups\image_27.jpg
image_27.jpg,bottles_closeups,3959,0,4284,637,D:\SEM 7\CVProject\datasets\bottles_closeups\image_27.jpg
image_27.jpg,bottles_closeups,2290,3756,3274,4795,D:\SEM 7\CVProject\datasets\bottles_closeups\image_27.jpg
image_27.jpg,bottles_closeups,1148,2708,2877,4190,D:\SEM 7\CVProject\datasets\bottles_closeups\image_27.jpg
image_27.jpg,bottles_closeups,1887,2783,1957,2827,D:\SEM 7\CVProject\datasets\bottles_closeups\image_27.jpg
image_27.jpg,bottles_closeups,0,4139,1800,5712,D:\SEM 7\CVProject\datasets\bottles_closeups\image_27.jpg
image_27.jpg,bottles_closeups,2421,4020,2449,4067,D:\SEM 7\CVProject\datasets\bottles_closeups\image_27.jpg
image_27.jpg,bottles_closeups,1464,3009,1490,3054,D:\SEM 7\CVProject\datasets\bottles_closeups\image_27.jpg
image_27.jpg,bottles_closeups,1210,2588,1366,2729,D:\SEM 7\CVProject\datasets\bottles_closeups\image_27.jpg
image_27.jpg,bottles_closeups,3740,1247,4122,1682,D:\SEM 7\CVProject\datasets\bottles_closeups\image_27.jpg
image_27.jpg,bottles_closeups,434,1738,1860,3140,D:\SEM 7\CVProject\datasets\bottles_closeups\image_27.jpg
image_27.jpg,bottles_closeups,2062,4075,2372,4358,D:\SEM 7\CVProject\datasets\bottles_closeups\image_27.jpg
image_27.jpg,bottles_closeups,2683,3939,2719,3965,D:\SEM 7\CVProject\datasets\bottles_closeups\image_27.jpg
image_27.jpg,bottles_closeups,4082,5537,4106,5578,D:\SEM 7\CVProject\datasets\bottles_closeups\image_27.jpg
image_27.jpg,bottles_closeups,194,118,239,174,D:\SEM 7\CVProject\datasets\bottles_closeups\image_27.jpg
image_27.jpg,bottles_closeups,2514,4062,2573,4092,D:\SEM 7\CVProject\datasets\bottles_closeups\image_27.jpg
image_27.jpg,bottles_closeups,192,214,235,270,D:\SEM 7\CVProject\datasets\bottles_closeups\image_27.jpg
image_27.jpg,bottles_closeups,206,40,276,134,D:\SEM 7\CVProject\datasets\bottles_closeups\image_27.jpg
image_27.jpg,bottles_closeups,243,175,290,235,D:\SEM 7\CVProject\datasets\bottles_closeups\image_27.jpg
image_27.jpg,bottles_closeups,122,42,194,129,D:\SEM 7\CVProject\datasets\bottles_closeups\image_27.jpg
image_27.jpg,bottles_closeups,309,66,364,134,D:\SEM 7\CVProject\datasets\bottles_closeups\image_27.jpg
image_27.jpg,bottles_closeups,239,40,341,162,D:\SEM 7\CVProject\datasets\bottles_closeups\image_27.jpg
image_27.jpg,bottles_closeups,1741,4923,1770,4968,D:\SEM 7\CVProject\datasets\bottles_closeups\image_27.jpg
image_27.jpg,bottles_closeups,105,108,186,209,D:\SEM 7\CVProject\datasets\bottles_closeups\image_27.jpg
image_27.jpg,bottles_closeups,292,352,341,414,D:\SEM 7\CVProject\datasets\bottles_closeups\image_27.jpg
image_27.jpg,bottles_closeups,370,199,410,248,D:\SEM 7\CVProject\datasets\bottles_closeups\image_27.jpg
image_27.jpg,bottles_closeups,208,93,312,217,D:\SEM 7\CVProject\datasets\bottles_closeups\image_27.jpg
image_27.jpg,bottles_closeups,74,82,256,304,D:\SEM 7\CVProject\datasets\bottles_closeups\image_27.jpg
image_27.jpg,bottles_closeups,2342,4080,2466,4168,D:\SEM 7\CVProject\datasets\bottles_closeups\image_27.jpg
image_27.jpg,bottles_closeups,365,72,424,143,D:\SEM 7\CVProject\datasets\bottles_closeups\image_27.jpg
image_27.jpg,bottles_closeups,65,143,152,254,D:\SEM 7\CVProject\datasets\bottles_closeups\image_27.jpg
image_27.jpg,bottles_closeups,76,328,156,420,D:\SEM 7\CVProject\datasets\bottles_closeups\image_27.jpg
image_27.jpg,bottles_closeups,136,212,213,320,D:\SEM 7\CVProject\datasets\bottles_closeups\image_27.jpg
image_27.jpg,bottles_closeups,40,206,196,395,D:\SEM 7\CVProject\datasets\bottles_closeups\image_27.jpg
image_27.jpg,bottles_closeups,297,182,393,303,D:\SEM 7\CVProject\datasets\bottles_closeups\image_27.jpg
image_27.jpg,bottles_closeups,202,403,290,516,D:\SEM 7\CVProject\datasets\bottles_closeups\image_27.jpg
image_27.jpg,bottles_closeups,1585,4989,1728,5215,D:\SEM 7\CVProject\datasets\bottles_closeups\image_27.jpg
image_28.jpg,bottles_closeups,1244,872,2465,4498,D:\SEM 7\CVProject\datasets\bottles_closeups\image_28.jpg
image_28.jpg,bottles_closeups,2008,5015,2040,5040,D:\SEM 7\CVProject\datasets\bottles_closeups\image_28.jpg
image_28.jpg,bottles_closeups,2096,5318,2128,5338,D:\SEM 7\CVProject\datasets\bottles_closeups\image_28.jpg
image_28.jpg,bottles_closeups,1850,4604,1868,4630,D:\SEM 7\CVProject\datasets\bottles_closeups\image_28.jpg
image_28.jpg,bottles_closeups,2000,4976,2026,4993,D:\SEM 7\CVProject\datasets\bottles_closeups\image_28.jpg
image_28.jpg,bottles_closeups,0,1704,430,4279,D:\SEM 7\CVProject\datasets\bottles_closeups\image_28.jpg
image_28.jpg,bottles_closeups,1998,5152,2033,5170,D:\SEM 7\CVProject\datasets\bottles_closeups\image_28.jpg
image_28.jpg,bottles_closeups,1987,4909,2020,4932,D:\SEM 7\CVProject\datasets\bottles_closeups\image_28.jpg
image_28.jpg,bottles_closeups,1910,3755,2095,3769,D:\SEM 7\CVProject\datasets\bottles_closeups\image_28.jpg
image_29.jpg,bottles_closeups,0,34,345,461,D:\SEM 7\CVProject\datasets\bottles_closeups\image_29.jpg
image_29.jpg,bottles_closeups,708,5094,760,5144,D:\SEM 7\CVProject\datasets\bottles_closeups\image_29.jpg
image_29.jpg,bottles_closeups,0,0,3769,5712,D:\SEM 7\CVProject\datasets\bottles_closeups\image_29.jpg
image_29.jpg,bottles_closeups,40,5284,86,5321,D:\SEM 7\CVProject\datasets\bottles_closeups\image_29.jpg
image_3.jpg,bottles_closeups,868,201,928,264,D:\SEM 7\CVProject\datasets\bottles_closeups\image_3.jpg
image_3.jpg,bottles_closeups,2974,2502,3000,2588,D:\SEM 7\CVProject\datasets\bottles_closeups\image_3.jpg
image_3.jpg,bottles_closeups,2970,765,3000,842,D:\SEM 7\CVProject\datasets\bottles_closeups\image_3.jpg
image_3.jpg,bottles_closeups,38,3972,88,4000,D:\SEM 7\CVProject\datasets\bottles_closeups\image_3.jpg
image_3.jpg,bottles_closeups,1299,3184,1323,3219,D:\SEM 7\CVProject\datasets\bottles_closeups\image_3.jpg
image_3.jpg,bottles_closeups,0,0,804,441,D:\SEM 7\CVProject\datasets\bottles_closeups\image_3.jpg
image_3.jpg,bottles_closeups,1360,3232,1398,3279,D:\SEM 7\CVProject\datasets\bottles_closeups\image_3.jpg
image_3.jpg,bottles_closeups,2301,3835,2404,3978,D:\SEM 7\CVProject\datasets\bottles_closeups\image_3.jpg
image_3.jpg,bottles_closeups,447,3376,482,3411,D:\SEM 7\CVProject\datasets\bottles_closeups\image_3.jpg
image_3.jpg,bottles_closeups,674,0,933,161,D:\SEM 7\CVProject\datasets\bottles_closeups\image_3.jpg
image_3.jpg,bottles_closeups,765,3461,796,3529,D:\SEM 7\CVProject\datasets\bottles_closeups\image_3.jpg
image_3.jpg,bottles_closeups,1574,3366,1600,3399,D:\SEM 7\CVProject\datasets\bottles_closeups\image_3.jpg
image_3.jpg,bottles_closeups,1434,3075,1470,3114,D:\SEM 7\CVProject\datasets\bottles_closeups\image_3.jpg
image_3.jpg,bottles_closeups,633,3505,676,3539,D:\SEM 7\CVProject\datasets\bottles_closeups\image_3.jpg
image_3.jpg,bottles_closeups,417,3333,457,3379,D:\SEM 7\CVProject\datasets\bottles_closeups\image_3.jpg
image_3.jpg,bottles_closeups,506,3544,523,3569,D:\SEM 7\CVProject\datasets\bottles_closeups\image_3.jpg
image_3.jpg,bottles_closeups,718,3740,736,3765,D:\SEM 7\CVProject\datasets\bottles_closeups\image_3.jpg
image_3.jpg,bottles_closeups,1071,40,1320,262,D:\SEM 7\CVProject\datasets\bottles_closeups\image_3.jpg
image_3.jpg,bottles_closeups,691,3502,708,3572,D:\SEM 7\CVProject\datasets\bottles_closeups\image_3.jpg
image_3.jpg,bottles_closeups,0,17,3000,4000,D:\SEM 7\CVProject\datasets\bottles_closeups\image_3.jpg
image_3.jpg,bottles_closeups,1442,3295,1482,3338,D:\SEM 7\CVProject\datasets\bottles_closeups\image_3.jpg
image_3.jpg,bottles_closeups,2571,2550,2597,2575,D:\SEM 7\CVProject\datasets\bottles_closeups\image_3.jpg
image_3.jpg,bottles_closeups,1868,3680,1887,3704,D:\SEM 7\CVProject\datasets\bottles_closeups\image_3.jpg
image_3.jpg,bottles_closeups,1731,3435,1754,3486,D:\SEM 7\CVProject\datasets\bottles_closeups\image_3.jpg
image_3.jpg,bottles_closeups,0,3302,647,3960,D:\SEM 7\CVProject\datasets\bottles_closeups\image_3.jpg
image_3.jpg,bottles_closeups,1327,3195,1363,3242,D:\SEM 7\CVProject\datasets\bottles_closeups\image_3.jpg
image_3.jpg,bottles_closeups,1766,3422,1795,3487,D:\SEM 7\CVProject\datasets\bottles_closeups\image_3.jpg
image_3.jpg,bottles_closeups,1332,3265,1352,3290,D:\SEM 7\CVProject\datasets\bottles_closeups\image_3.jpg
image_3.jpg,bottles_closeups,0,2936,166,3374,D:\SEM 7\CVProject\datasets\bottles_closeups\image_3.jpg
image_3.jpg,bottles_closeups,1780,3365,1838,3472,D:\SEM 7\CVProject\datasets\bottles_closeups\image_3.jpg
image_3.jpg,bottles_closeups,456,3364,578,3552,D:\SEM 7\CVProject\datasets\bottles_closeups\image_3.jpg
image_3.jpg,bottles_closeups,1674,3045,1705,3115,D:\SEM 7\CVProject\datasets\bottles_closeups\image_3.jpg
image_3.jpg,bottles_closeups,2580,2588,2612,2610,D:\SEM 7\CVProject\datasets\bottles_closeups\image_3.jpg
image_3.jpg,bottles_closeups,1466,3284,1601,3547,D:\SEM 7\CVProject\datasets\bottles_closeups\image_3.jpg
image_3.jpg,bottles_closeups,2243,3551,2405,3736,D:\SEM 7\CVProject\datasets\bottles_closeups\image_3.jpg
image_3.jpg,bottles_closeups,1801,3249,1852,3424,D:\SEM 7\CVProject\datasets\bottles_closeups\image_3.jpg
image_3.jpg,bottles_closeups,2590,336,2960,576,D:\SEM 7\CVProject\datasets\bottles_closeups\image_3.jpg
image_3.jpg,bottles_closeups,637,91,676,131,D:\SEM 7\CVProject\datasets\bottles_closeups\image_3.jpg
image_30.jpg,bottles_closeups,1030,2248,2714,3924,D:\SEM 7\CVProject\datasets\bottles_closeups\image_30.jpg
image_30.jpg,bottles_closeups,1870,2187,1925,2241,D:\SEM 7\CVProject\datasets\bottles_closeups\image_30.jpg
image_30.jpg,bottles_closeups,4093,3519,4284,3615,D:\SEM 7\CVProject\datasets\bottles_closeups\image_30.jpg
image_30.jpg,bottles_closeups,1108,0,4284,2443,D:\SEM 7\CVProject\datasets\bottles_closeups\image_30.jpg
image_30.jpg,bottles_closeups,2022,1856,2059,1873,D:\SEM 7\CVProject\datasets\bottles_closeups\image_30.jpg
image_30.jpg,bottles_closeups,2156,2224,2269,2297,D:\SEM 7\CVProject\datasets\bottles_closeups\image_30.jpg
image_30.jpg,bottles_closeups,1826,2000,1898,2069,D:\SEM 7\CVProject\datasets\bottles_closeups\image_30.jpg
image_30.jpg,bottles_closeups,1014,4581,2474,5344,D:\SEM 7\CVProject\datasets\bottles_closeups\image_30.jpg
image_30.jpg,bottles_closeups,2349,4243,2461,4312,D:\SEM 7\CVProject\datasets\bottles_closeups\image_30.jpg
image_30.jpg,bottles_closeups,88,195,96,261,D:\SEM 7\CVProject\datasets\bottles_closeups\image_30.jpg
image_30.jpg,bottles_closeups,93,651,101,710,D:\SEM 7\CVProject\datasets\bottles_closeups\image_30.jpg
image_30.jpg,bottles_closeups,66,317,76,363,D:\SEM 7\CVProject\datasets\bottles_closeups\image_30.jpg
image_30.jpg,bottles_closeups,192,190,206,336,D:\SEM 7\CVProject\datasets\bottles_closeups\image_30.jpg
image_30.jpg,bottles_closeups,149,40,161,137,D:\SEM 7\CVProject\datasets\bottles_closeups\image_30.jpg
image_30.jpg,bottles_closeups,53,183,68,295,D:\SEM 7\CVProject\datasets\bottles_closeups\image_30.jpg
image_30.jpg,bottles_closeups,211,83,222,193,D:\SEM 7\CVProject\datasets\bottles_closeups\image_30.jpg
image_30.jpg,bottles_closeups,160,160,178,341,D:\SEM 7\CVProject\datasets\bottles_closeups\image_30.jpg
image_30.jpg,bottles_closeups,2545,1947,2696,2018,D:\SEM 7\CVProject\datasets\bottles_closeups\image_30.jpg
image_30.jpg,bottles_closeups,2471,2444,2651,2495,D:\SEM 7\CVProject\datasets\bottles_closeups\image_30.jpg
image_31.jpg,bottles_closeups,1042,1090,1704,1718,D:\SEM 7\CVProject\datasets\bottles_closeups\image_31.jpg
image_31.jpg,bottles_closeups,1464,2255,1537,2266,D:\SEM 7\CVProject\datasets\bottles_closeups\image_31.jpg
image_31.jpg,bottles_closeups,1474,2283,1500,2296,D:\SEM 7\CVProject\datasets\bottles_closeups\image_31.jpg
image_31.jpg,bottles_closeups,1483,2585,1512,2596,D:\SEM 7\CVProject\datasets\bottles_closeups\image_31.jpg
image_31.jpg,bottles_closeups,1478,2571,1519,2582,D:\SEM 7\CVProject\datasets\bottles_closeups\image_31.jpg
image_31.jpg,bottles_closeups,1502,2281,1531,2293,D:\SEM 7\CVProject\datasets\bottles_closeups\image_31.jpg
image_31.jpg,bottles_closeups,1083,792,1140,921,D:\SEM 7\CVProject\datasets\bottles_closeups\image_31.jpg
image_31.jpg,bottles_closeups,3426,2193,3440,2274,D:\SEM 7\CVProject\datasets\bottles_closeups\image_31.jpg
image_31.jpg,bottles_closeups,3877,1339,3889,1368,D:\SEM 7\CVProject\datasets\bottles_closeups\image_31.jpg
image_31.jpg,bottles_closeups,0,2643,3822,5712,D:\SEM 7\CVProject\datasets\bottles_closeups\image_31.jpg
image_31.jpg,bottles_closeups,3787,375,3825,411,D:\SEM 7\CVProject\datasets\bottles_closeups\image_31.jpg
image_31.jpg,bottles_closeups,4204,599,4242,624,D:\SEM 7\CVProject\datasets\bottles_closeups\image_31.jpg
image_31.jpg,bottles_closeups,4057,642,4102,673,D:\SEM 7\CVProject\datasets\bottles_closeups\image_31.jpg
image_31.jpg,bottles_closeups,1154,2130,1224,2178,D:\SEM 7\CVProject\datasets\bottles_closeups\image_31.jpg
image_31.jpg,bottles_closeups,3281,3331,3339,3514,D:\SEM 7\CVProject\datasets\bottles_closeups\image_31.jpg
image_31.jpg,bottles_closeups,1030,3943,1090,3966,D:\SEM 7\CVProject\datasets\bottles_closeups\image_31.jpg
image_31.jpg,bottles_closeups,1417,1944,1523,1957,D:\SEM 7\CVProject\datasets\bottles_closeups\image_31.jpg
image_31.jpg,bottles_closeups,1241,2379,1446,2418,D:\SEM 7\CVProject\datasets\bottles_closeups\image_31.jpg
image_31.jpg,bottles_closeups,1404,1878,1570,1908,D:\SEM 7\CVProject\datasets\bottles_closeups\image_31.jpg
image_31.jpg,bottles_closeups,1438,1987,1568,2028,D:\SEM 7\CVProject\datasets\bottles_closeups\image_31.jpg
image_31.jpg,bottles_closeups,1552,1978,1648,2004,D:\SEM 7\CVProject\datasets\bottles_closeups\image_31.jpg
image_31.jpg,bottles_closeups,3583,290,3597,316,D:\SEM 7\CVProject\datasets\bottles_closeups\image_31.jpg
image_31.jpg,bottles_closeups,3393,1974,3418,2243,D:\SEM 7\CVProject\datasets\bottles_closeups\image_31.jpg
image_31.jpg,bottles_closeups,3555,41,3575,324,D:\SEM 7\CVProject\datasets\bottles_closeups\image_31.jpg
image_32.jpg,bottles_closeups,560,3420,625,3482,D:\SEM 7\CVProject\datasets\bottles_closeups\image_32.jpg
image_32.jpg,bottles_closeups,782,537,2237,3810,D:\SEM 7\CVProject\datasets\bottles_closeups\image_32.jpg
image_32.jpg,bottles_closeups,670,3776,733,3841,D:\SEM 7\CVProject\datasets\bottles_closeups\image_32.jpg
image_32.jpg,bottles_closeups,521,2798,554,2821,D:\SEM 7\CVProject\datasets\bottles_closeups\image_32.jpg
image_32.jpg,bottles_closeups,595,3592,672,3728,D:\SEM 7\CVProject\datasets\bottles_closeups\image_32.jpg
image_32.jpg,bottles_closeups,522,2699,546,2718,D:\SEM 7\CVProject\datasets\bottles_closeups\image_32.jpg
image_32.jpg,bottles_closeups,492,2824,545,2854,D:\SEM 7\CVProject\datasets\bottles_closeups\image_32.jpg
image_32.jpg,bottles_closeups,186,1980,231,1998,D:\SEM 7\CVProject\datasets\bottles_closeups\image_32.jpg
image_32.jpg,bottles_closeups,56,1894,128,1913,D:\SEM 7\CVProject\datasets\bottles_closeups\image_32.jpg
image_33.jpg,bottles_closeups,702,310,1857,3914,D:\SEM 7\CVProject\datasets\bottles_closeups\image_33.jpg
image_33.jpg,bottles_closeups,1921,762,1948,797,D:\SEM 7\CVProject\datasets\bottles_closeups\image_33.jpg
image_33.jpg,bottles_closeups,397,2833,416,2850,D:\SEM 7\CVProject\datasets\bottles_closeups\image_33.jpg
image_33.jpg,bottles_closeups,570,1705,614,1756,D:\SEM 7\CVProject\datasets\bottles_closeups\image_33.jpg
image_33.jpg,bottles_closeups,300,2943,360,2999,D:\SEM 7\CVProject\datasets\bottles_closeups\image_33.jpg
image_33.jpg,bottles_closeups,2832,928,2984,1066,D:\SEM 7\CVProject\datasets\bottles_closeups\image_33.jpg
image_33.jpg,bottles_closeups,258,2475,332,2525,D:\SEM 7\CVProject\datasets\bottles_closeups\image_33.jpg
image_33.jpg,bottles_closeups,42,2283,81,2308,D:\SEM 7\CVProject\datasets\bottles_closeups\image_33.jpg
image_33.jpg,bottles_closeups,40,2621,264,2844,D:\SEM 7\CVProject\datasets\bottles_closeups\image_33.jpg
image_33.jpg,bottles_closeups,1973,783,2020,866,D:\SEM 7\CVProject\datasets\bottles_closeups\image_33.jpg
image_33.jpg,bottles_closeups,285,1916,314,1965,D:\SEM 7\CVProject\datasets\bottles_closeups\image_33.jpg
image_33.jpg,bottles_closeups,298,920,354,978,D:\SEM 7\CVProject\datasets\bottles_closeups\image_33.jpg
image_33.jpg,bottles_closeups,80,2296,250,2418,D:\SEM 7\CVProject\datasets\bottles_closeups\image_33.jpg
image_34.jpg,bottles_closeups,1378,2760,2776,4032,D:\SEM 7\CVProject\datasets\bottles_closeups\image_34.jpg
image_34.jpg,bottles_closeups,1689,2287,1707,2303,D:\SEM 7\CVProject\datasets\bottles_closeups\image_34.jpg
image_34.jpg,bottles_closeups,1478,52,1534,112,D:\SEM 7\CVProject\datasets\bottles_closeups\image_34.jpg
image_34.jpg,bottles_closeups,1922,1876,1965,1922,D:\SEM 7\CVProject\datasets\bottles_closeups\image_34.jpg
image_34.jpg,bottles_closeups,822,240,2760,2178,D:\SEM 7\CVProject\datasets\bottles_closeups\image_34.jpg
image_34.jpg,bottles_closeups,1322,264,1351,293,D:\SEM 7\CVProject\datasets\bottles_closeups\image_34.jpg
image_35.jpg,bottles_closeups,2231,3659,2263,3681,D:\SEM 7\CVProject\datasets\bottles_closeups\image_35.jpg
image_35.jpg,bottles_closeups,2409,302,2521,380,D:\SEM 7\CVProject\datasets\bottles_closeups\image_35.jpg
image_35.jpg,bottles_closeups,2752,399,2840,487,D:\SEM 7\CVProject\datasets\bottles_closeups\image_35.jpg
image_35.jpg,bottles_closeups,2025,3880,2057,3894,D:\SEM 7\CVProject\datasets\bottles_closeups\image_35.jpg
image_35.jpg,bottles_closeups,2702,40,2769,115,D:\SEM 7\CVProject\datasets\bottles_closeups\image_35.jpg
image_35.jpg,bottles_closeups,1618,2844,1779,2904,D:\SEM 7\CVProject\datasets\bottles_closeups\image_35.jpg
image_35.jpg,bottles_closeups,2704,283,2764,341,D:\SEM 7\CVProject\datasets\bottles_closeups\image_35.jpg
image_35.jpg,bottles_closeups,1821,3624,1865,3654,D:\SEM 7\CVProject\datasets\bottles_closeups\image_35.jpg
image_35.jpg,bottles_closeups,1609,2915,1718,2941,D:\SEM 7\CVProject\datasets\bottles_closeups\image_35.jpg
image_35.jpg,bottles_closeups,1519,3749,1684,3916,D:\SEM 7\CVProject\datasets\bottles_closeups\image_35.jpg
image_35.jpg,bottles_closeups,1538,2500,1785,2608,D:\SEM 7\CVProject\datasets\bottles_closeups\image_35.jpg
image_35.jpg,bottles_closeups,1537,3543,1608,3579,D:\SEM 7\CVProject\datasets\bottles_closeups\image_35.jpg
image_35.jpg,bottles_closeups,1766,3431,1851,3482,D:\SEM 7\CVProject\datasets\bottles_closeups\image_35.jpg
image_35.jpg,bottles_closeups,2849,447,2984,580,D:\SEM 7\CVProject\datasets\bottles_closeups\image_35.jpg
image_35.jpg,bottles_closeups,1897,2740,2086,2866,D:\SEM 7\CVProject\datasets\bottles_closeups\image_35.jpg
image_35.jpg,bottles_closeups,2027,952,2074,1032,D:\SEM 7\CVProject\datasets\bottles_closeups\image_35.jpg
image_35.jpg,bottles_closeups,2072,976,2159,1086,D:\SEM 7\CVProject\datasets\bottles_closeups\image_35.jpg
image_35.jpg,bottles_closeups,75,2441,130,2473,D:\SEM 7\CVProject\datasets\bottles_closeups\image_35.jpg
image_35.jpg,bottles_closeups,2090,2359,2231,2457,D:\SEM 7\CVProject\datasets\bottles_closeups\image_35.jpg
image_35.jpg,bottles_closeups,245,2533,357,2625,D:\SEM 7\CVProject\datasets\bottles_closeups\image_35.jpg
image_35.jpg,bottles_closeups,466,237,2984,3935,D:\SEM 7\CVProject\datasets\bottles_closeups\image_35.jpg
image_35.jpg,bottles_closeups,2148,1031,2220,1137,D:\SEM 7\CVProject\datasets\bottles_closeups\image_35.jpg
image_35.jpg,bottles_closeups,193,2419,510,2854,D:\SEM 7\CVProject\datasets\bottles_closeups\image_35.jpg
image_35.jpg,bottles_closeups,198,2621,285,2689,D:\SEM 7\CVProject\datasets\bottles_closeups\image_35.jpg
image_35.jpg,bottles_closeups,2059,3669,2271,3849,D:\SEM 7\CVProject\datasets\bottles_closeups\image_35.jpg
image_36.jpg,bottles_closeups,637,3986,687,4032,D:\SEM 7\CVProject\datasets\bottles_closeups\image_36.jpg
image_36.jpg,bottles_closeups,777,324,2220,4028,D:\SEM 7\CVProject\datasets\bottles_closeups\image_36.jpg
image_36.jpg,bottles_closeups,415,3132,476,3192,D:\SEM 7\CVProject\datasets\bottles_closeups\image_36.jpg
image_36.jpg,bottles_closeups,608,3506,686,3565,D:\SEM 7\CVProject\datasets\bottles_closeups\image_36.jpg
image_36.jpg,bottles_closeups,632,3831,996,4032,D:\SEM 7\CVProject\datasets\bottles_closeups\image_36.jpg
image_36.jpg,bottles_closeups,474,3749,524,3775,D:\SEM 7\CVProject\datasets\bottles_closeups\image_36.jpg
image_36.jpg,bottles_closeups,84,2943,308,2997,D:\SEM 7\CVProject\datasets\bottles_closeups\image_36.jpg
image_37.jpg,bottles_closeups,78,1850,130,1870,D:\SEM 7\CVProject\datasets\bottles_closeups\image_37.jpg
image_37.jpg,bottles_closeups,151,1810,211,1821,D:\SEM 7\CVProject\datasets\bottles_closeups\image_37.jpg
image_37.jpg,bottles_closeups,146,1170,162,1200,D:\SEM 7\CVProject\datasets\bottles_closeups\image_37.jpg
image_37.jpg,bottles_closeups,284,1263,331,1316,D:\SEM 7\CVProject\datasets\bottles_closeups\image_37.jpg
image_37.jpg,bottles_closeups,2367,1421,2399,1463,D:\SEM 7\CVProject\datasets\bottles_closeups\image_37.jpg
image_37.jpg,bottles_closeups,0,108,34,177,D:\SEM 7\CVProject\datasets\bottles_closeups\image_37.jpg
image_37.jpg,bottles_closeups,978,3417,1051,3515,D:\SEM 7\CVProject\datasets\bottles_closeups\image_37.jpg
image_37.jpg,bottles_closeups,0,1742,30,1796,D:\SEM 7\CVProject\datasets\bottles_closeups\image_37.jpg
image_37.jpg,bottles_closeups,304,1594,323,1621,D:\SEM 7\CVProject\datasets\bottles_closeups\image_37.jpg
image_37.jpg,bottles_closeups,167,1637,318,1729,D:\SEM 7\CVProject\datasets\bottles_closeups\image_37.jpg
image_37.jpg,bottles_closeups,1485,944,1506,985,D:\SEM 7\CVProject\datasets\bottles_closeups\image_37.jpg
image_37.jpg,bottles_closeups,1773,1167,1793,1199,D:\SEM 7\CVProject\datasets\bottles_closeups\image_37.jpg
image_37.jpg,bottles_closeups,1470,1012,1487,1031,D:\SEM 7\CVProject\datasets\bottles_closeups\image_37.jpg
image_37.jpg,bottles_closeups,348,2196,365,2242,D:\SEM 7\CVProject\datasets\bottles_closeups\image_37.jpg
image_37.jpg,bottles_closeups,556,2436,584,2461,D:\SEM 7\CVProject\datasets\bottles_closeups\image_37.jpg
image_37.jpg,bottles_closeups,1144,197,1659,788,D:\SEM 7\CVProject\datasets\bottles_closeups\image_37.jpg
image_37.jpg,bottles_closeups,140,163,155,185,D:\SEM 7\CVProject\datasets\bottles_closeups\image_37.jpg
image_37.jpg,bottles_closeups,510,2555,534,2587,D:\SEM 7\CVProject\datasets\bottles_closeups\image_37.jpg
image_37.jpg,bottles_closeups,375,1356,426,1404,D:\SEM 7\CVProject\datasets\bottles_closeups\image_37.jpg
image_37.jpg,bottles_closeups,57,702,121,776,D:\SEM 7\CVProject\datasets\bottles_closeups\image_37.jpg
image_37.jpg,bottles_closeups,1972,182,2001,214,D:\SEM 7\CVProject\datasets\bottles_closeups\image_37.jpg
image_37.jpg,bottles_closeups,90,1155,131,1208,D:\SEM 7\CVProject\datasets\bottles_closeups\image_37.jpg
image_37.jpg,bottles_closeups,104,1879,209,1955,D:\SEM 7\CVProject\datasets\bottles_closeups\image_37.jpg
image_37.jpg,bottles_closeups,880,1198,905,1248,D:\SEM 7\CVProject\datasets\bottles_closeups\image_37.jpg
image_37.jpg,bottles_closeups,1164,3166,1194,3187,D:\SEM 7\CVProject\datasets\bottles_closeups\image_37.jpg
image_37.jpg,bottles_closeups,72,1945,179,2004,D:\SEM 7\CVProject\datasets\bottles_closeups\image_37.jpg
image_37.jpg,bottles_closeups,415,2457,474,2512,D:\SEM 7\CVProject\datasets\bottles_closeups\image_37.jpg
image_37.jpg,bottles_closeups,57,1147,2012,3013,D:\SEM 7\CVProject\datasets\bottles_closeups\image_37.jpg
image_37.jpg,bottles_closeups,968,3140,982,3221,D:\SEM 7\CVProject\datasets\bottles_closeups\image_37.jpg
image_37.jpg,bottles_closeups,428,1285,464,1319,D:\SEM 7\CVProject\datasets\bottles_closeups\image_37.jpg
image_37.jpg,bottles_closeups,1581,3524,1609,3542,D:\SEM 7\CVProject\datasets\bottles_closeups\image_37.jpg
image_37.jpg,bottles_closeups,114,528,171,562,D:\SEM 7\CVProject\datasets\bottles_closeups\image_37.jpg
image_37.jpg,bottles_closeups,1316,2903,1339,2933,D:\SEM 7\CVProject\datasets\bottles_closeups\image_37.jpg
image_37.jpg,bottles_closeups,1669,3855,1720,3921,D:\SEM 7\CVProject\datasets\bottles_closeups\image_37.jpg
image_37.jpg,bottles_closeups,1024,1027,1104,1210,D:\SEM 7\CVProject\datasets\bottles_closeups\image_37.jpg
image_37.jpg,bottles_closeups,1549,3187,1595,3203,D:\SEM 7\CVProject\datasets\bottles_closeups\image_37.jpg
image_37.jpg,bottles_closeups,991,3248,1052,3313,D:\SEM 7\CVProject\datasets\bottles_closeups\image_37.jpg
image_37.jpg,bottles_closeups,58,1328,136,1389,D:\SEM 7\CVProject\datasets\bottles_closeups\image_37.jpg
image_37.jpg,bottles_closeups,936,3616,997,3688,D:\SEM 7\CVProject\datasets\bottles_closeups\image_37.jpg
image_37.jpg,bottles_closeups,330,2258,356,2287,D:\SEM 7\CVProject\datasets\bottles_closeups\image_37.jpg
image_37.jpg,bottles_closeups,112,1786,204,1806,D:\SEM 7\CVProject\datasets\bottles_closeups\image_37.jpg
image_37.jpg,bottles_closeups,1551,2692,1576,2732,D:\SEM 7\CVProject\datasets\bottles_closeups\image_37.jpg
image_37.jpg,bottles_closeups,1631,999,1660,1037,D:\SEM 7\CVProject\datasets\bottles_closeups\image_37.jpg
image_37.jpg,bottles_closeups,310,2216,336,2277,D:\SEM 7\CVProject\datasets\bottles_closeups\image_37.jpg
image_37.jpg,bottles_closeups,370,1282,548,1413,D:\SEM 7\CVProject\datasets\bottles_closeups\image_37.jpg
image_37.jpg,bottles_closeups,796,3687,900,3874,D:\SEM 7\CVProject\datasets\bottles_closeups\image_37.jpg
image_37.jpg,bottles_closeups,1841,3154,1872,3173,D:\SEM 7\CVProject\datasets\bottles_closeups\image_37.jpg
image_37.jpg,bottles_closeups,872,3161,930,3206,D:\SEM 7\CVProject\datasets\bottles_closeups\image_37.jpg
image_37.jpg,bottles_closeups,1076,2948,1120,2974,D:\SEM 7\CVProject\datasets\bottles_closeups\image_37.jpg
image_37.jpg,bottles_closeups,1542,3232,1596,3249,D:\SEM 7\CVProject\datasets\bottles_closeups\image_37.jpg
image_37.jpg,bottles_closeups,1503,2855,1593,2888,D:\SEM 7\CVProject\datasets\bottles_closeups\image_37.jpg
image_37.jpg,bottles_closeups,90,924,197,1035,D:\SEM 7\CVProject\datasets\bottles_closeups\image_37.jpg
image_37.jpg,bottles_closeups,408,1253,466,1289,D:\SEM 7\CVProject\datasets\bottles_closeups\image_37.jpg
image_37.jpg,bottles_closeups,886,3257,934,3294,D:\SEM 7\CVProject\datasets\bottles_closeups\image_37.jpg
image_37.jpg,bottles_closeups,1574,3568,1636,3591,D:\SEM 7\CVProject\datasets\bottles_closeups\image_37.jpg
image_37.jpg,bottles_closeups,1515,2900,1594,2928,D:\SEM 7\CVProject\datasets\bottles_closeups\image_37.jpg
image_37.jpg,bottles_closeups,1779,3840,1802,3889,D:\SEM 7\CVProject\datasets\bottles_closeups\image_37.jpg
image_37.jpg,bottles_closeups,1512,3703,1622,3913,D:\SEM 7\CVProject\datasets\bottles_closeups\image_37.jpg
image_37.jpg,bottles_closeups,1057,2697,1136,2749,D:\SEM 7\CVProject\datasets\bottles_closeups\image_37.jpg
image_37.jpg,bottles_closeups,1791,0,2765,614,D:\SEM 7\CVProject\datasets\bottles_closeups\image_37.jpg
image_38.jpg,bottles_closeups,685,1028,718,1052,D:\SEM 7\CVProject\datasets\bottles_closeups\image_38.jpg
image_38.jpg,bottles_closeups,1153,140,1732,215,D:\SEM 7\CVProject\datasets\bottles_closeups\image_38.jpg
image_38.jpg,bottles_closeups,1206,223,1240,258,D:\SEM 7\CVProject\datasets\bottles_closeups\image_38.jpg
image_38.jpg,bottles_closeups,1048,3225,1105,3279,D:\SEM 7\CVProject\datasets\bottles_closeups\image_38.jpg
image_38.jpg,bottles_closeups,1014,2543,1036,2561,D:\SEM 7\CVProject\datasets\bottles_closeups\image_38.jpg
image_38.jpg,bottles_closeups,1808,2681,1852,2695,D:\SEM 7\CVProject\datasets\bottles_closeups\image_38.jpg
image_38.jpg,bottles_closeups,862,2438,888,2454,D:\SEM 7\CVProject\datasets\bottles_closeups\image_38.jpg
image_38.jpg,bottles_closeups,1376,2675,1886,2985,D:\SEM 7\CVProject\datasets\bottles_closeups\image_38.jpg
image_38.jpg,bottles_closeups,1290,2868,1338,2927,D:\SEM 7\CVProject\datasets\bottles_closeups\image_38.jpg
image_38.jpg,bottles_closeups,1471,3277,1495,3310,D:\SEM 7\CVProject\datasets\bottles_closeups\image_38.jpg
image_38.jpg,bottles_closeups,1376,2637,1392,2680,D:\SEM 7\CVProject\datasets\bottles_closeups\image_38.jpg
image_38.jpg,bottles_closeups,1376,2514,1422,2600,D:\SEM 7\CVProject\datasets\bottles_closeups\image_38.jpg
image_38.jpg,bottles_closeups,1478,3210,1500,3235,D:\SEM 7\CVProject\datasets\bottles_closeups\image_38.jpg
image_38.jpg,bottles_closeups,386,924,2530,2660,D:\SEM 7\CVProject\datasets\bottles_closeups\image_38.jpg
image_38.jpg,bottles_closeups,1468,2541,1520,2582,D:\SEM 7\CVProject\datasets\bottles_closeups\image_38.jpg
image_38.jpg,bottles_closeups,1474,3118,1509,3159,D:\SEM 7\CVProject\datasets\bottles_closeups\image_38.jpg
image_38.jpg,bottles_closeups,158,44,360,920,D:\SEM 7\CVProject\datasets\bottles_closeups\image_38.jpg
image_38.jpg,bottles_closeups,1616,2635,1690,2662,D:\SEM 7\CVProject\datasets\bottles_closeups\image_38.jpg
image_4.jpg,bottles_closeups,2969,2318,3000,2384,D:\SEM 7\CVProject\datasets\bottles_closeups\image_4.jpg
image_4.jpg,bottles_closeups,1845,1279,1920,1354,D:\SEM 7\CVProject\datasets\bottles_closeups\image_4.jpg
image_4.jpg,bottles_closeups,0,2032,34,2118,D:\SEM 7\CVProject\datasets\bottles_closeups\image_4.jpg
image_4.jpg,bottles_closeups,1941,2587,2009,2673,D:\SEM 7\CVProject\datasets\bottles_closeups\image_4.jpg
image_4.jpg,bottles_closeups,246,2552,315,2634,D:\SEM 7\CVProject\datasets\bottles_closeups\image_4.jpg
image_4.jpg,bottles_closeups,0,3735,151,3920,D:\SEM 7\CVProject\datasets\bottles_closeups\image_4.jpg
image_4.jpg,bottles_closeups,216,1993,323,2060,D:\SEM 7\CVProject\datasets\bottles_closeups\image_4.jpg
image_4.jpg,bottles_closeups,134,1232,212,1300,D:\SEM 7\CVProject\datasets\bottles_closeups\image_4.jpg
image_4.jpg,bottles_closeups,2845,3428,2904,3483,D:\SEM 7\CVProject\datasets\bottles_closeups\image_4.jpg
image_4.jpg,bottles_closeups,1863,1399,2017,1531,D:\SEM 7\CVProject\datasets\bottles_closeups\image_4.jpg
image_4.jpg,bottles_closeups,217,3310,330,3460,D:\SEM 7\CVProject\datasets\bottles_closeups\image_4.jpg
image_4.jpg,bottles_closeups,0,3214,65,3384,D:\SEM 7\CVProject\datasets\bottles_closeups\image_4.jpg
image_4.jpg,bottles_closeups,669,2555,747,2657,D:\SEM 7\CVProject\datasets\bottles_closeups\image_4.jpg
image_4.jpg,bottles_closeups,1980,911,2150,1060,D:\SEM 7\CVProject\datasets\bottles_closeups\image_4.jpg
image_4.jpg,bottles_closeups,0,1318,372,1635,D:\SEM 7\CVProject\datasets\bottles_closeups\image_4.jpg
image_4.jpg,bottles_closeups,655,1379,2073,4000,D:\SEM 7\CVProject\datasets\bottles_closeups\image_4.jpg
image_4.jpg,bottles_closeups,2575,1277,2701,1380,D:\SEM 7\CVProject\datasets\bottles_closeups\image_4.jpg
image_4.jpg,bottles_closeups,357,2478,513,2580,D:\SEM 7\CVProject\datasets\bottles_closeups\image_4.jpg
image_4.jpg,bottles_closeups,2607,1554,2773,1741,D:\SEM 7\CVProject\datasets\bottles_closeups\image_4.jpg
image_4.jpg,bottles_closeups,2287,3732,2952,4000,D:\SEM 7\CVProject\datasets\bottles_closeups\image_4.jpg
image_4.jpg,bottles_closeups,473,1837,635,1958,D:\SEM 7\CVProject\datasets\bottles_closeups\image_4.jpg
image_4.jpg,bottles_closeups,2108,282,2960,1130,D:\SEM 7\CVProject\datasets\bottles_closeups\image_4.jpg
image_4.jpg,bottles_closeups,0,134,320,364,D:\SEM 7\CVProject\datasets\bottles_closeups\image_4.jpg
image_4.jpg,bottles_closeups,2901,3313,3000,3423,D:\SEM 7\CVProject\datasets\bottles_closeups\image_4.jpg
image_4.jpg,bottles_closeups,270,2022,498,2159,D:\SEM 7\CVProject\datasets\bottles_closeups\image_4.jpg
image_4.jpg,bottles_closeups,2333,3340,2482,3502,D:\SEM 7\CVProject\datasets\bottles_closeups\image_4.jpg
image_4.jpg,bottles_closeups,329,1976,761,2460,D:\SEM 7\CVProject\datasets\bottles_closeups\image_4.jpg
image_4.jpg,bottles_closeups,1577,3692,1963,4000,D:\SEM 7\CVProject\datasets\bottles_closeups\image_4.jpg
image_4.jpg,bottles_closeups,175,2658,758,3174,D:\SEM 7\CVProject\datasets\bottles_closeups\image_4.jpg
image_4.jpg,bottles_closeups,589,341,2121,1396,D:\SEM 7\CVProject\datasets\bottles_closeups\image_4.jpg
image_4.jpg,bottles_closeups,1846,1094,2092,1256,D:\SEM 7\CVProject\datasets\bottles_closeups\image_4.jpg
image_4.jpg,bottles_closeups,0,1590,469,1979,D:\SEM 7\CVProject\datasets\bottles_closeups\image_4.jpg
image_4.jpg,bottles_closeups,2314,1900,2852,2299,D:\SEM 7\CVProject\datasets\bottles_closeups\image_4.jpg
image_4.jpg,bottles_closeups,2259,2558,3000,3243,D:\SEM 7\CVProject\datasets\bottles_closeups\image_4.jpg
image_5.jpg,bottles_closeups,2833,3870,2984,3992,D:\SEM 7\CVProject\datasets\bottles_closeups\image_5.jpg
image_5.jpg,bottles_closeups,2610,2424,2772,2579,D:\SEM 7\CVProject\datasets\bottles_closeups\image_5.jpg
image_5.jpg,bottles_closeups,2613,2113,2822,2384,D:\SEM 7\CVProject\datasets\bottles_closeups\image_5.jpg
image_5.jpg,bottles_closeups,1988,3414,2070,3479,D:\SEM 7\CVProject\datasets\bottles_closeups\image_5.jpg
image_5.jpg,bottles_closeups,2401,2073,2555,2274,D:\SEM 7\CVProject\datasets\bottles_closeups\image_5.jpg
image_5.jpg,bottles_closeups,920,651,2995,4032,D:\SEM 7\CVProject\datasets\bottles_closeups\image_5.jpg
image_5.jpg,bottles_closeups,2416,2376,2550,2503,D:\SEM 7\CVProject\datasets\bottles_closeups\image_5.jpg
image_5.jpg,bottles_closeups,2855,3777,2914,3830,D:\SEM 7\CVProject\datasets\bottles_closeups\image_5.jpg
image_6.jpg,bottles_closeups,1186,1718,1528,2058,D:\SEM 7\CVProject\datasets\bottles_closeups\image_6.jpg
image_6.jpg,bottles_closeups,488,3085,540,3144,D:\SEM 7\CVProject\datasets\bottles_closeups\image_6.jpg
image_6.jpg,bottles_closeups,869,0,3024,2715,D:\SEM 7\CVProject\datasets\bottles_closeups\image_6.jpg
image_6.jpg,bottles_closeups,1272,2130,1337,2201,D:\SEM 7\CVProject\datasets\bottles_closeups\image_6.jpg
image_6.jpg,bottles_closeups,1111,2179,1594,2811,D:\SEM 7\CVProject\datasets\bottles_closeups\image_6.jpg
image_6.jpg,bottles_closeups,414,2897,470,2949,D:\SEM 7\CVProject\datasets\bottles_closeups\image_6.jpg
image_6.jpg,bottles_closeups,357,2739,420,2828,D:\SEM 7\CVProject\datasets\bottles_closeups\image_6.jpg
image_6.jpg,bottles_closeups,144,2184,204,2250,D:\SEM 7\CVProject\datasets\bottles_closeups\image_6.jpg
image_6.jpg,bottles_closeups,0,3114,719,4032,D:\SEM 7\CVProject\datasets\bottles_closeups\image_6.jpg
image_6.jpg,bottles_closeups,1163,2782,1544,3040,D:\SEM 7\CVProject\datasets\bottles_closeups\image_6.jpg
image_7.jpg,bottles_closeups,1623,1904,3024,3992,D:\SEM 7\CVProject\datasets\bottles_closeups\image_7.jpg
image_7.jpg,bottles_closeups,1794,395,2512,1219,D:\SEM 7\CVProject\datasets\bottles_closeups\image_7.jpg
image_7.jpg,bottles_closeups,2090,1367,2198,1402,D:\SEM 7\CVProject\datasets\bottles_closeups\image_7.jpg
image_7.jpg,bottles_closeups,1945,1643,1983,1661,D:\SEM 7\CVProject\datasets\bottles_closeups\image_7.jpg
image_8.jpg,bottles_closeups,1330,3276,1350,3292,D:\SEM 7\CVProject\datasets\bottles_closeups\image_8.jpg
image_8.jpg,bottles_closeups,1328,3336,1366,3345,D:\SEM 7\CVProject\datasets\bottles_closeups\image_8.jpg
image_8.jpg,bottles_closeups,0,0,1636,1751,D:\SEM 7\CVProject\datasets\bottles_closeups\image_8.jpg
image_8.jpg,bottles_closeups,626,1683,1824,3887,D:\SEM 7\CVProject\datasets\bottles_closeups\image_8.jpg
image_8.jpg,bottles_closeups,1458,3298,1557,3380,D:\SEM 7\CVProject\datasets\bottles_closeups\image_8.jpg
image_8.jpg,bottles_closeups,1114,1172,1786,1684,D:\SEM 7\CVProject\datasets\bottles_closeups\image_8.jpg
image_8.jpg,bottles_closeups,1222,3315,1302,3332,D:\SEM 7\CVProject\datasets\bottles_closeups\image_8.jpg
image_8.jpg,bottles_closeups,834,1349,1069,1472,D:\SEM 7\CVProject\datasets\bottles_closeups\image_8.jpg
image_8.jpg,bottles_closeups,1370,3269,1426,3291,D:\SEM 7\CVProject\datasets\bottles_closeups\image_8.jpg
image_8.jpg,bottles_closeups,1491,3267,1544,3301,D:\SEM 7\CVProject\datasets\bottles_closeups\image_8.jpg
image_8.jpg,bottles_closeups,902,1506,1063,1563,D:\SEM 7\CVProject\datasets\bottles_closeups\image_8.jpg
image_8.jpg,bottles_closeups,1790,3114,1818,3164,D:\SEM 7\CVProject\datasets\bottles_closeups\image_8.jpg
image_8.jpg,bottles_closeups,1564,3183,1802,3382,D:\SEM 7\CVProject\datasets\bottles_closeups\image_8.jpg
image_9.jpg,bottles_closeups,1335,507,1556,732,D:\SEM 7\CVProject\datasets\bottles_closeups\image_9.jpg
image_9.jpg,bottles_closeups,1531,293,1751,493,D:\SEM 7\CVProject\datasets\bottles_closeups\image_9.jpg
image_9.jpg,bottles_closeups,1292,292,1510,488,D:\SEM 7\CVProject\datasets\bottles_closeups\image_9.jpg
image_9.jpg,bottles_closeups,1426,82,1642,278,D:\SEM 7\CVProject\datasets\bottles_closeups\image_9.jpg
image_9.jpg,bottles_closeups,1054,287,1272,483,D:\SEM 7\CVProject\datasets\bottles_closeups\image_9.jpg
image_9.jpg,bottles_closeups,1036,503,1314,702,D:\SEM 7\CVProject\datasets\bottles_closeups\image_9.jpg
image_9.jpg,bottles_closeups,1187,83,1406,273,D:\SEM 7\CVProject\datasets\bottles_closeups\image_9.jpg
image_9.jpg,bottles_closeups,43,40,235,90,D:\SEM 7\CVProject\datasets\bottles_closeups\image_9.jpg
image_9.jpg,bottles_closeups,2092,40,2305,81,D:\SEM 7\CVProject\datasets\bottles_closeups\image_9.jpg
image_9.jpg,bottles_closeups,588,287,806,479,D:\SEM 7\CVProject\datasets\bottles_closeups\image_9.jpg
image_9.jpg,bottles_closeups,359,287,577,478,D:\SEM 7\CVProject\datasets\bottles_closeups\image_9.jpg
image_9.jpg,bottles_closeups,254,40,452,85,D:\SEM 7\CVProject\datasets\bottles_closeups\image_9.jpg
image_9.jpg,bottles_closeups,1146,40,1352,71,D:\SEM 7\CVProject\datasets\bottles_closeups\image_9.jpg
image_9.jpg,bottles_closeups,920,40,1120,73,D:\SEM 7\CVProject\datasets\bottles_closeups\image_9.jpg
image_9.jpg,bottles_closeups,63,98,275,280,D:\SEM 7\CVProject\datasets\bottles_closeups\image_9.jpg
image_9.jpg,bottles_closeups,1852,40,2064,78,D:\SEM 7\CVProject\datasets\bottles_closeups\image_9.jpg
image_9.jpg,bottles_closeups,2262,2600,2275,2635,D:\SEM 7\CVProject\datasets\bottles_closeups\image_9.jpg
image_9.jpg,bottles_closeups,473,40,671,80,D:\SEM 7\CVProject\datasets\bottles_closeups\image_9.jpg
image_9.jpg,bottles_closeups,694,40,894,75,D:\SEM 7\CVProject\datasets\bottles_closeups\image_9.jpg
image_9.jpg,bottles_closeups,1378,40,1586,72,D:\SEM 7\CVProject\datasets\bottles_closeups\image_9.jpg
image_9.jpg,bottles_closeups,1614,40,1824,75,D:\SEM 7\CVProject\datasets\bottles_closeups\image_9.jpg
image_9.jpg,bottles_closeups,40,290,1018,723,D:\SEM 7\CVProject\datasets\bottles_closeups\image_9.jpg
image_9.jpg,bottles_closeups,277,85,1172,481,D:\SEM 7\CVProject\datasets\bottles_closeups\image_9.jpg
image_9.jpg,bottles_closeups,108,0,162,39,D:\SEM 7\CVProject\datasets\bottles_closeups\image_9.jpg
image_9.jpg,bottles_closeups,1448,2893,1498,2948,D:\SEM 7\CVProject\datasets\bottles_closeups\image_9.jpg
image_9.jpg,bottles_closeups,558,0,607,25,D:\SEM 7\CVProject\datasets\bottles_closeups\image_9.jpg
image_9.jpg,bottles_closeups,40,2831,68,2874,D:\SEM 7\CVProject\datasets\bottles_closeups\image_9.jpg
image_9.jpg,bottles_closeups,810,3484,901,3579,D:\SEM 7\CVProject\datasets\bottles_closeups\image_9.jpg
image_9.jpg,bottles_closeups,40,2439,68,2535,D:\SEM 7\CVProject\datasets\bottles_closeups\image_9.jpg
image_9.jpg,bottles_closeups,1578,86,2344,743,D:\SEM 7\CVProject\datasets\bottles_closeups\image_9.jpg
image_9.jpg,bottles_closeups,2234,2791,2246,2857,D:\SEM 7\CVProject\datasets\bottles_closeups\image_9.jpg
image_9.jpg,bottles_closeups,40,110,62,197,D:\SEM 7\CVProject\datasets\bottles_closeups\image_9.jpg
image_9.jpg,bottles_closeups,1553,1018,1584,1062,D:\SEM 7\CVProject\datasets\bottles_closeups\image_9.jpg
image_9.jpg,bottles_closeups,0,294,136,478,D:\SEM 7\CVProject\datasets\bottles_closeups\image_9.jpg
image_9.jpg,bottles_closeups,104,2576,269,2699,D:\SEM 7\CVProject\datasets\bottles_closeups\image_9.jpg
image_9.jpg,bottles_closeups,1649,3369,1691,3395,D:\SEM 7\CVProject\datasets\bottles_closeups\image_9.jpg
image_9.jpg,bottles_closeups,2573,758,2713,904,D:\SEM 7\CVProject\datasets\bottles_closeups\image_9.jpg
image_9.jpg,bottles_closeups,1354,894,2531,2505,D:\SEM 7\CVProject\datasets\bottles_closeups\image_9.jpg
image_9.jpg,bottles_closeups,1445,2554,1460,2585,D:\SEM 7\CVProject\datasets\bottles_closeups\image_9.jpg
image_9.jpg,bottles_closeups,2515,290,2593,357,D:\SEM 7\CVProject\datasets\bottles_closeups\image_9.jpg
image_9.jpg,bottles_closeups,1498,3115,1515,3146,D:\SEM 7\CVProject\datasets\bottles_closeups\image_9.jpg
image_9.jpg,bottles_closeups,1957,1303,2001,1316,D:\SEM 7\CVProject\datasets\bottles_closeups\image_9.jpg
image_9.jpg,bottles_closeups,2137,3568,2222,3692,D:\SEM 7\CVProject\datasets\bottles_closeups\image_9.jpg
image_9.jpg,bottles_closeups,2454,2678,2528,2846,D:\SEM 7\CVProject\datasets\bottles_closeups\image_9.jpg
image_9.jpg,bottles_closeups,1603,3628,1673,3697,D:\SEM 7\CVProject\datasets\bottles_closeups\image_9.jpg
image_9.jpg,bottles_closeups,2184,3409,2275,3447,D:\SEM 7\CVProject\datasets\bottles_closeups\image_9.jpg
image_9.jpg,bottles_closeups,684,2651,840,2783,D:\SEM 7\CVProject\datasets\bottles_closeups\image_9.jpg
image_9.jpg,bottles_closeups,1900,2650,1945,2667,D:\SEM 7\CVProject\datasets\bottles_closeups\image_9.jpg
image_9.jpg,bottles_closeups,1861,3415,1935,3450,D:\SEM 7\CVProject\datasets\bottles_closeups\image_9.jpg
image_9.jpg,bottles_closeups,1940,878,1990,915,D:\SEM 7\CVProject\datasets\bottles_closeups\image_9.jpg
image_9.jpg,bottles_closeups,1922,871,1986,886,D:\SEM 7\CVProject\datasets\bottles_closeups\image_9.jpg
image_9.jpg,bottles_closeups,1593,881,1632,941,D:\SEM 7\CVProject\datasets\bottles_closeups\image_9.jpg
image_9.jpg,bottles_closeups,1893,3332,1915,3377,D:\SEM 7\CVProject\datasets\bottles_closeups\image_9.jpg
image_9.jpg,bottles_closeups,1464,3617,1554,3670,D:\SEM 7\CVProject\datasets\bottles_closeups\image_9.jpg
image_9.jpg,bottles_closeups,1518,3382,1619,3438,D:\SEM 7\CVProject\datasets\bottles_closeups\image_9.jpg
image_9.jpg,bottles_closeups,1596,1307,1674,1325,D:\SEM 7\CVProject\datasets\bottles_closeups\image_9.jpg
image_9.jpg,bottles_closeups,1525,3264,1544,3331,D:\SEM 7\CVProject\datasets\bottles_closeups\image_9.jpg
image_9.jpg,bottles_closeups,108,1798,370,1813,D:\SEM 7\CVProject\datasets\bottles_closeups\image_9.jpg
image_9.jpg,bottles_closeups,2073,3513,2133,3565,D:\SEM 7\CVProject\datasets\bottles_closeups\image_9.jpg
image_9.jpg,bottles_closeups,1307,2959,1356,3030,D:\SEM 7\CVProject\datasets\bottles_closeups\image_9.jpg
image_9.jpg,bottles_closeups,1302,3192,1503,3410,D:\SEM 7\CVProject\datasets\bottles_closeups\image_9.jpg
image_0.jpg,bottles_occluded,0,0,3024,4032,D:\SEM 7\CVProject\datasets\bottles_occluded\image_0.jpg
image_0.jpg,bottles_occluded,2990,0,3024,26,D:\SEM 7\CVProject\datasets\bottles_occluded\image_0.jpg
image_0.jpg,bottles_occluded,216,0,265,27,D:\SEM 7\CVProject\datasets\bottles_occluded\image_0.jpg
image_0.jpg,bottles_occluded,1504,4001,1578,4032,D:\SEM 7\CVProject\datasets\bottles_occluded\image_0.jpg
image_0.jpg,bottles_occluded,2958,3759,3024,3839,D:\SEM 7\CVProject\datasets\bottles_occluded\image_0.jpg
image_0.jpg,bottles_occluded,191,4004,242,4032,D:\SEM 7\CVProject\datasets\bottles_occluded\image_0.jpg
image_0.jpg,bottles_occluded,1788,3986,1874,4032,D:\SEM 7\CVProject\datasets\bottles_occluded\image_0.jpg
image_0.jpg,bottles_occluded,1588,3908,1702,4032,D:\SEM 7\CVProject\datasets\bottles_occluded\image_0.jpg
image_0.jpg,bottles_occluded,2973,2642,3024,2732,D:\SEM 7\CVProject\datasets\bottles_occluded\image_0.jpg
image_1.jpg,bottles_occluded,2559,0,2642,30,D:\SEM 7\CVProject\datasets\bottles_occluded\image_1.jpg
image_1.jpg,bottles_occluded,2991,2406,3024,2455,D:\SEM 7\CVProject\datasets\bottles_occluded\image_1.jpg
image_1.jpg,bottles_occluded,1959,0,2120,40,D:\SEM 7\CVProject\datasets\bottles_occluded\image_1.jpg
image_1.jpg,bottles_occluded,1365,0,1414,28,D:\SEM 7\CVProject\datasets\bottles_occluded\image_1.jpg
image_1.jpg,bottles_occluded,2411,1999,2433,2013,D:\SEM 7\CVProject\datasets\bottles_occluded\image_1.jpg
image_1.jpg,bottles_occluded,2427,2035,2461,2052,D:\SEM 7\CVProject\datasets\bottles_occluded\image_1.jpg
image_1.jpg,bottles_occluded,2275,2017,2302,2038,D:\SEM 7\CVProject\datasets\bottles_occluded\image_1.jpg
image_1.jpg,bottles_occluded,2769,2631,2795,2647,D:\SEM 7\CVProject\datasets\bottles_occluded\image_1.jpg
image_1.jpg,bottles_occluded,2516,2165,2541,2179,D:\SEM 7\CVProject\datasets\bottles_occluded\image_1.jpg
image_1.jpg,bottles_occluded,2318,2084,2350,2098,D:\SEM 7\CVProject\datasets\bottles_occluded\image_1.jpg
image_1.jpg,bottles_occluded,2871,2608,2897,2623,D:\SEM 7\CVProject\datasets\bottles_occluded\image_1.jpg
image_1.jpg,bottles_occluded,2809,2607,2848,2624,D:\SEM 7\CVProject\datasets\bottles_occluded\image_1.jpg
image_1.jpg,bottles_occluded,2561,2778,2588,2795,D:\SEM 7\CVProject\datasets\bottles_occluded\image_1.jpg
image_1.jpg,bottles_occluded,2889,2879,2918,2895,D:\SEM 7\CVProject\datasets\bottles_occluded\image_1.jpg
image_1.jpg,bottles_occluded,2333,2208,2362,2223,D:\SEM 7\CVProject\datasets\bottles_occluded\image_1.jpg
image_1.jpg,bottles_occluded,2954,2973,2984,2991,D:\SEM 7\CVProject\datasets\bottles_occluded\image_1.jpg
image_1.jpg,bottles_occluded,2432,2291,2464,2307,D:\SEM 7\CVProject\datasets\bottles_occluded\image_1.jpg
image_1.jpg,bottles_occluded,2916,3119,2948,3137,D:\SEM 7\CVProject\datasets\bottles_occluded\image_1.jpg
image_1.jpg,bottles_occluded,2446,2316,2477,2331,D:\SEM 7\CVProject\datasets\bottles_occluded\image_1.jpg
image_1.jpg,bottles_occluded,2892,2978,2921,2996,D:\SEM 7\CVProject\datasets\bottles_occluded\image_1.jpg
image_1.jpg,bottles_occluded,2814,1448,2851,1558,D:\SEM 7\CVProject\datasets\bottles_occluded\image_1.jpg
image_1.jpg,bottles_occluded,2839,2131,2870,2150,D:\SEM 7\CVProject\datasets\bottles_occluded\image_1.jpg
image_1.jpg,bottles_occluded,2653,1952,2681,1975,D:\SEM 7\CVProject\datasets\bottles_occluded\image_1.jpg
image_1.jpg,bottles_occluded,2863,3038,2894,3057,D:\SEM 7\CVProject\datasets\bottles_occluded\image_1.jpg
image_1.jpg,bottles_occluded,2434,2771,2460,2789,D:\SEM 7\CVProject\datasets\bottles_occluded\image_1.jpg
image_1.jpg,bottles_occluded,2255,1991,2291,2018,D:\SEM 7\CVProject\datasets\bottles_occluded\image_1.jpg
image_1.jpg,bottles_occluded,2809,2312,2840,2326,D:\SEM 7\CVProject\datasets\bottles_occluded\image_1.jpg
image_1.jpg,bottles_occluded,2870,2765,2899,2781,D:\SEM 7\CVProject\datasets\bottles_occluded\image_1.jpg
image_1.jpg,bottles_occluded,2285,2127,2315,2140,D:\SEM 7\CVProject\datasets\bottles_occluded\image_1.jpg
image_1.jpg,bottles_occluded,2533,2204,2570,2220,D:\SEM 7\CVProject\datasets\bottles_occluded\image_1.jpg
image_1.jpg,bottles_occluded,2517,2422,2539,2437,D:\SEM 7\CVProject\datasets\bottles_occluded\image_1.jpg
image_1.jpg,bottles_occluded,2395,2400,2417,2414,D:\SEM 7\CVProject\datasets\bottles_occluded\image_1.jpg
image_1.jpg,bottles_occluded,2883,2403,2906,2418,D:\SEM 7\CVProject\datasets\bottles_occluded\image_1.jpg
image_1.jpg,bottles_occluded,2736,2949,2764,2967,D:\SEM 7\CVProject\datasets\bottles_occluded\image_1.jpg
image_1.jpg,bottles_occluded,2424,2450,2446,2464,D:\SEM 7\CVProject\datasets\bottles_occluded\image_1.jpg
image_1.jpg,bottles_occluded,2778,2487,2803,2502,D:\SEM 7\CVProject\datasets\bottles_occluded\image_1.jpg
image_1.jpg,bottles_occluded,2843,3006,2874,3025,D:\SEM 7\CVProject\datasets\bottles_occluded\image_1.jpg
image_1.jpg,bottles_occluded,2828,3091,2859,3111,D:\SEM 7\CVProject\datasets\bottles_occluded\image_1.jpg
image_1.jpg,bottles_occluded,2351,2146,2378,2161,D:\SEM 7\CVProject\datasets\bottles_occluded\image_1.jpg
image_1.jpg,bottles_occluded,2433,2466,2456,2481,D:\SEM 7\CVProject\datasets\bottles_occluded\image_1.jpg
image_1.jpg,bottles_occluded,2741,2762,2767,2779,D:\SEM 7\CVProject\datasets\bottles_occluded\image_1.jpg
image_1.jpg,bottles_occluded,2664,2741,2691,2758,D:\SEM 7\CVProject\datasets\bottles_occluded\image_1.jpg
image_1.jpg,bottles_occluded,2489,2208,2525,2222,D:\SEM 7\CVProject\datasets\bottles_occluded\image_1.jpg
image_1.jpg,bottles_occluded,2832,2410,2856,2425,D:\SEM 7\CVProject\datasets\bottles_occluded\image_1.jpg
image_1.jpg,bottles_occluded,2571,2341,2608,2356,D:\SEM 7\CVProject\datasets\bottles_occluded\image_1.jpg
image_1.jpg,bottles_occluded,2612,2757,2638,2774,D:\SEM 7\CVProject\datasets\bottles_occluded\image_1.jpg
image_1.jpg,bottles_occluded,2365,2345,2387,2360,D:\SEM 7\CVProject\datasets\bottles_occluded\image_1.jpg
image_1.jpg,bottles_occluded,2793,2288,2824,2304,D:\SEM 7\CVProject\datasets\bottles_occluded\image_1.jpg
image_1.jpg,bottles_occluded,2798,2939,2826,2958,D:\SEM 7\CVProject\datasets\bottles_occluded\image_1.jpg
image_1.jpg,bottles_occluded,2829,2884,2856,2903,D:\SEM 7\CVProject\datasets\bottles_occluded\image_1.jpg
image_1.jpg,bottles_occluded,2493,2878,2519,2896,D:\SEM 7\CVProject\datasets\bottles_occluded\image_1.jpg
image_1.jpg,bottles_occluded,2560,2996,2589,3014,D:\SEM 7\CVProject\datasets\bottles_occluded\image_1.jpg
image_1.jpg,bottles_occluded,2410,2729,2436,2747,D:\SEM 7\CVProject\datasets\bottles_occluded\image_1.jpg
image_1.jpg,bottles_occluded,2469,2524,2492,2540,D:\SEM 7\CVProject\datasets\bottles_occluded\image_1.jpg
image_1.jpg,bottles_occluded,2585,2275,2611,2291,D:\SEM 7\CVProject\datasets\bottles_occluded\image_1.jpg
image_1.jpg,bottles_occluded,2530,2942,2557,2962,D:\SEM 7\CVProject\datasets\bottles_occluded\image_1.jpg
image_1.jpg,bottles_occluded,2628,2886,2655,2903,D:\SEM 7\CVProject\datasets\bottles_occluded\image_1.jpg
image_1.jpg,bottles_occluded,2920,3021,2953,3040,D:\SEM 7\CVProject\datasets\bottles_occluded\image_1.jpg
image_1.jpg,bottles_occluded,2948,2868,2979,2885,D:\SEM 7\CVProject\datasets\bottles_occluded\image_1.jpg
image_1.jpg,bottles_occluded,2576,2606,2600,2622,D:\SEM 7\CVProject\datasets\bottles_occluded\image_1.jpg
image_1.jpg,bottles_occluded,2441,2385,2463,2400,D:\SEM 7\CVProject\datasets\bottles_occluded\image_1.jpg
image_1.jpg,bottles_occluded,2312,2368,2347,2384,D:\SEM 7\CVProject\datasets\bottles_occluded\image_1.jpg
image_1.jpg,bottles_occluded,2475,2979,2514,3000,D:\SEM 7\CVProject\datasets\bottles_occluded\image_1.jpg
image_1.jpg,bottles_occluded,2691,2877,2719,2895,D:\SEM 7\CVProject\datasets\bottles_occluded\image_1.jpg
image_1.jpg,bottles_occluded,2357,2757,2393,2776,D:\SEM 7\CVProject\datasets\bottles_occluded\image_1.jpg
image_1.jpg,bottles_occluded,2872,2947,2902,2966,D:\SEM 7\CVProject\datasets\bottles_occluded\image_1.jpg
image_1.jpg,bottles_occluded,2874,3162,2906,3184,D:\SEM 7\CVProject\datasets\bottles_occluded\image_1.jpg
image_1.jpg,bottles_occluded,2917,2742,2946,2759,D:\SEM 7\CVProject\datasets\bottles_occluded\image_1.jpg
image_1.jpg,bottles_occluded,2730,3050,2759,3069,D:\SEM 7\CVProject\datasets\bottles_occluded\image_1.jpg
image_1.jpg,bottles_occluded,2540,2643,2565,2660,D:\SEM 7\CVProject\datasets\bottles_occluded\image_1.jpg
image_1.jpg,bottles_occluded,2880,2780,2921,2799,D:\SEM 7\CVProject\datasets\bottles_occluded\image_1.jpg
image_1.jpg,bottles_occluded,2623,2348,2661,2365,D:\SEM 7\CVProject\datasets\bottles_occluded\image_1.jpg
image_1.jpg,bottles_occluded,2593,2738,2627,2760,D:\SEM 7\CVProject\datasets\bottles_occluded\image_1.jpg
image_1.jpg,bottles_occluded,2668,1980,2707,2004,D:\SEM 7\CVProject\datasets\bottles_occluded\image_1.jpg
image_1.jpg,bottles_occluded,2783,2916,2815,2937,D:\SEM 7\CVProject\datasets\bottles_occluded\image_1.jpg
image_1.jpg,bottles_occluded,2787,3141,2820,3164,D:\SEM 7\CVProject\datasets\bottles_occluded\image_1.jpg
image_1.jpg,bottles_occluded,2425,2369,2455,2386,D:\SEM 7\CVProject\datasets\bottles_occluded\image_1.jpg
image_1.jpg,bottles_occluded,2521,2273,2558,2290,D:\SEM 7\CVProject\datasets\bottles_occluded\image_1.jpg
image_1.jpg,bottles_occluded,2518,2444,2554,2460,D:\SEM 7\CVProject\datasets\bottles_occluded\image_1.jpg
image_1.jpg,bottles_occluded,2912,2311,2946,2325,D:\SEM 7\CVProject\datasets\bottles_occluded\image_1.jpg
image_1.jpg,bottles_occluded,2814,2864,2846,2884,D:\SEM 7\CVProject\datasets\bottles_occluded\image_1.jpg
image_1.jpg,bottles_occluded,2946,2705,2984,2734,D:\SEM 7\CVProject\datasets\bottles_occluded\image_1.jpg
image_1.jpg,bottles_occluded,2516,2921,2546,2943,D:\SEM 7\CVProject\datasets\bottles_occluded\image_1.jpg
image_1.jpg,bottles_occluded,2652,2839,2693,2857,D:\SEM 7\CVProject\datasets\bottles_occluded\image_1.jpg
image_1.jpg,bottles_occluded,2945,2778,2984,2796,D:\SEM 7\CVProject\datasets\bottles_occluded\image_1.jpg
image_1.jpg,bottles_occluded,2926,3137,2960,3155,D:\SEM 7\CVProject\datasets\bottles_occluded\image_1.jpg
image_1.jpg,bottles_occluded,2866,2095,2898,2119,D:\SEM 7\CVProject\datasets\bottles_occluded\image_1.jpg
image_1.jpg,bottles_occluded,2782,3017,2814,3039,D:\SEM 7\CVProject\datasets\bottles_occluded\image_1.jpg
image_1.jpg,bottles_occluded,2789,2834,2823,2854,D:\SEM 7\CVProject\datasets\bottles_occluded\image_1.jpg
image_1.jpg,bottles_occluded,2455,2412,2490,2427,D:\SEM 7\CVProject\datasets\bottles_occluded\image_1.jpg
image_1.jpg,bottles_occluded,2934,2849,2966,2870,D:\SEM 7\CVProject\datasets\bottles_occluded\image_1.jpg
image_1.jpg,bottles_occluded,2459,2625,2498,2643,D:\SEM 7\CVProject\datasets\bottles_occluded\image_1.jpg
image_1.jpg,bottles_occluded,2759,2884,2794,2905,D:\SEM 7\CVProject\datasets\bottles_occluded\image_1.jpg
image_1.jpg,bottles_occluded,2387,2502,2425,2519,D:\SEM 7\CVProject\datasets\bottles_occluded\image_1.jpg
image_1.jpg,bottles_occluded,2447,2911,2480,2932,D:\SEM 7\CVProject\datasets\bottles_occluded\image_1.jpg
image_1.jpg,bottles_occluded,2340,2727,2376,2746,D:\SEM 7\CVProject\datasets\bottles_occluded\image_1.jpg
image_1.jpg,bottles_occluded,2955,2887,2984,2910,D:\SEM 7\CVProject\datasets\bottles_occluded\image_1.jpg
image_1.jpg,bottles_occluded,2302,2139,2331,2166,D:\SEM 7\CVProject\datasets\bottles_occluded\image_1.jpg
image_1.jpg,bottles_occluded,2696,2896,2732,2919,D:\SEM 7\CVProject\datasets\bottles_occluded\image_1.jpg
image_1.jpg,bottles_occluded,2721,2584,2759,2600,D:\SEM 7\CVProject\datasets\bottles_occluded\image_1.jpg
image_1.jpg,bottles_occluded,2739,2445,2777,2464,D:\SEM 7\CVProject\datasets\bottles_occluded\image_1.jpg
image_1.jpg,bottles_occluded,1849,3826,1957,3992,D:\SEM 7\CVProject\datasets\bottles_occluded\image_1.jpg
image_1.jpg,bottles_occluded,2875,2259,2908,2274,D:\SEM 7\CVProject\datasets\bottles_occluded\image_1.jpg
image_1.jpg,bottles_occluded,2906,2830,2948,2848,D:\SEM 7\CVProject\datasets\bottles_occluded\image_1.jpg
image_1.jpg,bottles_occluded,2474,2858,2510,2879,D:\SEM 7\CVProject\datasets\bottles_occluded\image_1.jpg
image_1.jpg,bottles_occluded,2408,2339,2437,2356,D:\SEM 7\CVProject\datasets\bottles_occluded\image_1.jpg
image_1.jpg,bottles_occluded,2718,2496,2755,2513,D:\SEM 7\CVProject\datasets\bottles_occluded\image_1.jpg
image_1.jpg,bottles_occluded,2742,2515,2778,2531,D:\SEM 7\CVProject\datasets\bottles_occluded\image_1.jpg
image_1.jpg,bottles_occluded,2398,2228,2432,2252,D:\SEM 7\CVProject\datasets\bottles_occluded\image_1.jpg
image_1.jpg,bottles_occluded,2625,2903,2668,2923,D:\SEM 7\CVProject\datasets\bottles_occluded\image_1.jpg
image_1.jpg,bottles_occluded,2632,2789,2673,2808,D:\SEM 7\CVProject\datasets\bottles_occluded\image_1.jpg
image_1.jpg,bottles_occluded,2788,2658,2828,2677,D:\SEM 7\CVProject\datasets\bottles_occluded\image_1.jpg
image_1.jpg,bottles_occluded,2837,3112,2876,3138,D:\SEM 7\CVProject\datasets\bottles_occluded\image_1.jpg
image_1.jpg,bottles_occluded,2565,2805,2605,2825,D:\SEM 7\CVProject\datasets\bottles_occluded\image_1.jpg
image_1.jpg,bottles_occluded,2839,2433,2875,2450,D:\SEM 7\CVProject\datasets\bottles_occluded\image_1.jpg
image_1.jpg,bottles_occluded,2678,2782,2719,2801,D:\SEM 7\CVProject\datasets\bottles_occluded\image_1.jpg
image_1.jpg,bottles_occluded,2580,3027,2617,3064,D:\SEM 7\CVProject\datasets\bottles_occluded\image_1.jpg
image_1.jpg,bottles_occluded,2868,2696,2909,2715,D:\SEM 7\CVProject\datasets\bottles_occluded\image_1.jpg
image_1.jpg,bottles_occluded,2778,2572,2816,2597,D:\SEM 7\CVProject\datasets\bottles_occluded\image_1.jpg
image_1.jpg,bottles_occluded,2578,2628,2616,2646,D:\SEM 7\CVProject\datasets\bottles_occluded\image_1.jpg
image_1.jpg,bottles_occluded,2952,3065,2984,3091,D:\SEM 7\CVProject\datasets\bottles_occluded\image_1.jpg
image_1.jpg,bottles_occluded,2847,2735,2879,2758,D:\SEM 7\CVProject\datasets\bottles_occluded\image_1.jpg
image_1.jpg,bottles_occluded,2843,2652,2884,2685,D:\SEM 7\CVProject\datasets\bottles_occluded\image_1.jpg
image_1.jpg,bottles_occluded,2708,2926,2752,2947,D:\SEM 7\CVProject\datasets\bottles_occluded\image_1.jpg
image_1.jpg,bottles_occluded,2617,2677,2651,2704,D:\SEM 7\CVProject\datasets\bottles_occluded\image_1.jpg
image_1.jpg,bottles_occluded,2759,2091,2798,2123,D:\SEM 7\CVProject\datasets\bottles_occluded\image_1.jpg
image_1.jpg,bottles_occluded,2407,2423,2439,2448,D:\SEM 7\CVProject\datasets\bottles_occluded\image_1.jpg
image_1.jpg,bottles_occluded,2917,2757,2959,2777,D:\SEM 7\CVProject\datasets\bottles_occluded\image_1.jpg
image_1.jpg,bottles_occluded,2505,2708,2546,2728,D:\SEM 7\CVProject\datasets\bottles_occluded\image_1.jpg
image_1.jpg,bottles_occluded,2779,2128,2819,2151,D:\SEM 7\CVProject\datasets\bottles_occluded\image_1.jpg
image_1.jpg,bottles_occluded,2384,2288,2419,2312,D:\SEM 7\CVProject\datasets\bottles_occluded\image_1.jpg
image_1.jpg,bottles_occluded,2587,3064,2635,3089,D:\SEM 7\CVProject\datasets\bottles_occluded\image_1.jpg
image_1.jpg,bottles_occluded,2410,2865,2454,2886,D:\SEM 7\CVProject\datasets\bottles_occluded\image_1.jpg
image_1.jpg,bottles_occluded,2888,2426,2925,2443,D:\SEM 7\CVProject\datasets\bottles_occluded\image_1.jpg
image_1.jpg,bottles_occluded,2682,2343,2713,2368,D:\SEM 7\CVProject\datasets\bottles_occluded\image_1.jpg
image_1.jpg,bottles_occluded,2599,2381,2630,2407,D:\SEM 7\CVProject\datasets\bottles_occluded\image_1.jpg
image_1.jpg,bottles_occluded,2471,2177,2505,2204,D:\SEM 7\CVProject\datasets\bottles_occluded\image_1.jpg
image_1.jpg,bottles_occluded,2736,3069,2780,3105,D:\SEM 7\CVProject\datasets\bottles_occluded\image_1.jpg
image_1.jpg,bottles_occluded,2538,2461,2572,2487,D:\SEM 7\CVProject\datasets\bottles_occluded\image_1.jpg
image_1.jpg,bottles_occluded,2936,3155,2983,3186,D:\SEM 7\CVProject\datasets\bottles_occluded\image_1.jpg
image_1.jpg,bottles_occluded,2775,3337,2853,3355,D:\SEM 7\CVProject\datasets\bottles_occluded\image_1.jpg
image_1.jpg,bottles_occluded,2900,2996,2940,3024,D:\SEM 7\CVProject\datasets\bottles_occluded\image_1.jpg
image_1.jpg,bottles_occluded,2706,3012,2747,3049,D:\SEM 7\CVProject\datasets\bottles_occluded\image_1.jpg
image_1.jpg,bottles_occluded,2491,2224,2532,2247,D:\SEM 7\CVProject\datasets\bottles_occluded\image_1.jpg
image_1.jpg,bottles_occluded,2657,2471,2691,2499,D:\SEM 7\CVProject\datasets\bottles_occluded\image_1.jpg
image_1.jpg,bottles_occluded,2752,2018,2788,2047,D:\SEM 7\CVProject\datasets\bottles_occluded\image_1.jpg
image_1.jpg,bottles_occluded,2797,3056,2840,3080,D:\SEM 7\CVProject\datasets\bottles_occluded\image_1.jpg
image_1.jpg,bottles_occluded,2562,2679,2598,2709,D:\SEM 7\CVProject\datasets\bottles_occluded\image_1.jpg
image_1.jpg,bottles_occluded,2457,2945,2498,2968,D:\SEM 7\CVProject\datasets\bottles_occluded\image_1.jpg
image_1.jpg,bottles_occluded,324,0,3024,3808,D:\SEM 7\CVProject\datasets\bottles_occluded\image_1.jpg
image_1.jpg,bottles_occluded,2728,2843,2772,2861,D:\SEM 7\CVProject\datasets\bottles_occluded\image_1.jpg
image_1.jpg,bottles_occluded,2599,2647,2635,2675,D:\SEM 7\CVProject\datasets\bottles_occluded\image_1.jpg
image_1.jpg,bottles_occluded,2683,2975,2726,3014,D:\SEM 7\CVProject\datasets\bottles_occluded\image_1.jpg
image_1.jpg,bottles_occluded,2364,2159,2407,2208,D:\SEM 7\CVProject\datasets\bottles_occluded\image_1.jpg
image_1.jpg,bottles_occluded,2795,3179,2850,3214,D:\SEM 7\CVProject\datasets\bottles_occluded\image_1.jpg
image_1.jpg,bottles_occluded,2709,1975,2760,2014,D:\SEM 7\CVProject\datasets\bottles_occluded\image_1.jpg
image_1.jpg,bottles_occluded,2240,2033,2293,2104,D:\SEM 7\CVProject\datasets\bottles_occluded\image_1.jpg
image_1.jpg,bottles_occluded,2655,2639,2691,2667,D:\SEM 7\CVProject\datasets\bottles_occluded\image_1.jpg
image_1.jpg,bottles_occluded,2693,2695,2732,2734,D:\SEM 7\CVProject\datasets\bottles_occluded\image_1.jpg
image_1.jpg,bottles_occluded,2860,2452,2896,2478,D:\SEM 7\CVProject\datasets\bottles_occluded\image_1.jpg
image_1.jpg,bottles_occluded,2538,2965,2584,2986,D:\SEM 7\CVProject\datasets\bottles_occluded\image_1.jpg
image_1.jpg,bottles_occluded,2710,2035,2760,2072,D:\SEM 7\CVProject\datasets\bottles_occluded\image_1.jpg
image_1.jpg,bottles_occluded,2529,3063,2575,3087,D:\SEM 7\CVProject\datasets\bottles_occluded\image_1.jpg
image_1.jpg,bottles_occluded,2749,2968,2798,3020,D:\SEM 7\CVProject\datasets\bottles_occluded\image_1.jpg
image_1.jpg,bottles_occluded,2878,3057,2934,3119,D:\SEM 7\CVProject\datasets\bottles_occluded\image_1.jpg
image_1.jpg,bottles_occluded,2440,2792,2481,2824,D:\SEM 7\CVProject\datasets\bottles_occluded\image_1.jpg
image_1.jpg,bottles_occluded,2659,2408,2709,2444,D:\SEM 7\CVProject\datasets\bottles_occluded\image_1.jpg
image_1.jpg,bottles_occluded,2919,2927,2973,2974,D:\SEM 7\CVProject\datasets\bottles_occluded\image_1.jpg
image_1.jpg,bottles_occluded,1638,3021,1681,3168,D:\SEM 7\CVProject\datasets\bottles_occluded\image_1.jpg
image_1.jpg,bottles_occluded,1946,1929,2984,3430,D:\SEM 7\CVProject\datasets\bottles_occluded\image_1.jpg
image_10.jpg,bottles_occluded,1902,3962,1972,4000,D:\SEM 7\CVProject\datasets\bottles_occluded\image_10.jpg
image_10.jpg,bottles_occluded,2963,2938,3000,3043,D:\SEM 7\CVProject\datasets\bottles_occluded\image_10.jpg
image_10.jpg,bottles_occluded,2187,0,2291,131,D:\SEM 7\CVProject\datasets\bottles_occluded\image_10.jpg
image_10.jpg,bottles_occluded,2756,3963,2849,4000,D:\SEM 7\CVProject\datasets\bottles_occluded\image_10.jpg
image_10.jpg,bottles_occluded,579,2001,976,2364,D:\SEM 7\CVProject\datasets\bottles_occluded\image_10.jpg
image_10.jpg,bottles_occluded,0,0,3000,4000,D:\SEM 7\CVProject\datasets\bottles_occluded\image_10.jpg
image_10.jpg,bottles_occluded,2860,1113,2951,1201,D:\SEM 7\CVProject\datasets\bottles_occluded\image_10.jpg
image_10.jpg,bottles_occluded,2926,3464,2960,3523,D:\SEM 7\CVProject\datasets\bottles_occluded\image_10.jpg
image_10.jpg,bottles_occluded,2596,1240,2831,1559,D:\SEM 7\CVProject\datasets\bottles_occluded\image_10.jpg
image_11.jpg,bottles_occluded,1895,3965,1950,4000,D:\SEM 7\CVProject\datasets\bottles_occluded\image_11.jpg
image_11.jpg,bottles_occluded,2134,3961,2190,4000,D:\SEM 7\CVProject\datasets\bottles_occluded\image_11.jpg
image_11.jpg,bottles_occluded,2970,3768,3000,3823,D:\SEM 7\CVProject\datasets\bottles_occluded\image_11.jpg
image_11.jpg,bottles_occluded,0,1098,25,1147,D:\SEM 7\CVProject\datasets\bottles_occluded\image_11.jpg
image_11.jpg,bottles_occluded,0,0,3000,4000,D:\SEM 7\CVProject\datasets\bottles_occluded\image_11.jpg
image_11.jpg,bottles_occluded,1436,45,1618,312,D:\SEM 7\CVProject\datasets\bottles_occluded\image_11.jpg
image_12.jpg,bottles_occluded,1172,2263,1372,2574,D:\SEM 7\CVProject\datasets\bottles_occluded\image_12.jpg
image_12.jpg,bottles_occluded,3055,4904,3098,4914,D:\SEM 7\CVProject\datasets\bottles_occluded\image_12.jpg
image_12.jpg,bottles_occluded,2605,5410,2629,5453,D:\SEM 7\CVProject\datasets\bottles_occluded\image_12.jpg
image_12.jpg,bottles_occluded,2368,1762,2592,1991,D:\SEM 7\CVProject\datasets\bottles_occluded\image_12.jpg
image_12.jpg,bottles_occluded,1800,2005,2121,2067,D:\SEM 7\CVProject\datasets\bottles_occluded\image_12.jpg
image_12.jpg,bottles_occluded,3465,5124,3518,5176,D:\SEM 7\CVProject\datasets\bottles_occluded\image_12.jpg
image_12.jpg,bottles_occluded,2373,5234,2390,5271,D:\SEM 7\CVProject\datasets\bottles_occluded\image_12.jpg
image_12.jpg,bottles_occluded,3575,5074,3629,5126,D:\SEM 7\CVProject\datasets\bottles_occluded\image_12.jpg
image_12.jpg,bottles_occluded,3463,5027,3509,5078,D:\SEM 7\CVProject\datasets\bottles_occluded\image_12.jpg
image_12.jpg,bottles_occluded,2469,1065,2516,1188,D:\SEM 7\CVProject\datasets\bottles_occluded\image_12.jpg
image_12.jpg,bottles_occluded,2933,5619,2960,5657,D:\SEM 7\CVProject\datasets\bottles_occluded\image_12.jpg
image_12.jpg,bottles_occluded,3131,5511,3155,5549,D:\SEM 7\CVProject\datasets\bottles_occluded\image_12.jpg
image_12.jpg,bottles_occluded,2114,2066,2205,2104,D:\SEM 7\CVProject\datasets\bottles_occluded\image_12.jpg
image_12.jpg,bottles_occluded,3027,5627,3052,5663,D:\SEM 7\CVProject\datasets\bottles_occluded\image_12.jpg
image_12.jpg,bottles_occluded,2456,1056,2480,1110,D:\SEM 7\CVProject\datasets\bottles_occluded\image_12.jpg
image_12.jpg,bottles_occluded,2138,2149,2216,2190,D:\SEM 7\CVProject\datasets\bottles_occluded\image_12.jpg
image_12.jpg,bottles_occluded,3084,5538,3109,5578,D:\SEM 7\CVProject\datasets\bottles_occluded\image_12.jpg
image_12.jpg,bottles_occluded,3535,806,3618,845,D:\SEM 7\CVProject\datasets\bottles_occluded\image_12.jpg
image_12.jpg,bottles_occluded,1309,1293,1356,1331,D:\SEM 7\CVProject\datasets\bottles_occluded\image_12.jpg
image_12.jpg,bottles_occluded,2519,1348,2565,1386,D:\SEM 7\CVProject\datasets\bottles_occluded\image_12.jpg
image_12.jpg,bottles_occluded,4085,1448,4244,1585,D:\SEM 7\CVProject\datasets\bottles_occluded\image_12.jpg
image_12.jpg,bottles_occluded,2651,5444,2684,5495,D:\SEM 7\CVProject\datasets\bottles_occluded\image_12.jpg
image_12.jpg,bottles_occluded,3228,662,3346,961,D:\SEM 7\CVProject\datasets\bottles_occluded\image_12.jpg
image_12.jpg,bottles_occluded,2309,977,2351,1025,D:\SEM 7\CVProject\datasets\bottles_occluded\image_12.jpg
image_12.jpg,bottles_occluded,2704,5484,2734,5532,D:\SEM 7\CVProject\datasets\bottles_occluded\image_12.jpg
image_12.jpg,bottles_occluded,3889,1438,3989,1487,D:\SEM 7\CVProject\datasets\bottles_occluded\image_12.jpg
image_12.jpg,bottles_occluded,2443,778,2517,847,D:\SEM 7\CVProject\datasets\bottles_occluded\image_12.jpg
image_12.jpg,bottles_occluded,3122,5571,3148,5614,D:\SEM 7\CVProject\datasets\bottles_occluded\image_12.jpg
image_12.jpg,bottles_occluded,2302,2146,2351,2185,D:\SEM 7\CVProject\datasets\bottles_occluded\image_12.jpg
image_12.jpg,bottles_occluded,2960,5322,3243,5569,D:\SEM 7\CVProject\datasets\bottles_occluded\image_12.jpg
image_12.jpg,bottles_occluded,2941,5556,2970,5597,D:\SEM 7\CVProject\datasets\bottles_occluded\image_12.jpg
image_12.jpg,bottles_occluded,2971,4128,4244,5222,D:\SEM 7\CVProject\datasets\bottles_occluded\image_12.jpg
image_12.jpg,bottles_occluded,4051,1583,4229,1658,D:\SEM 7\CVProject\datasets\bottles_occluded\image_12.jpg
image_12.jpg,bottles_occluded,2364,2199,2408,2219,D:\SEM 7\CVProject\datasets\bottles_occluded\image_12.jpg
image_12.jpg,bottles_occluded,4196,228,4284,349,D:\SEM 7\CVProject\datasets\bottles_occluded\image_12.jpg
image_12.jpg,bottles_occluded,1192,2057,2135,2615,D:\SEM 7\CVProject\datasets\bottles_occluded\image_12.jpg
image_12.jpg,bottles_occluded,2562,1993,2629,2041,D:\SEM 7\CVProject\datasets\bottles_occluded\image_12.jpg
image_12.jpg,bottles_occluded,2409,2139,2486,2198,D:\SEM 7\CVProject\datasets\bottles_occluded\image_12.jpg
image_12.jpg,bottles_occluded,2028,2148,2142,2189,D:\SEM 7\CVProject\datasets\bottles_occluded\image_12.jpg
image_12.jpg,bottles_occluded,3102,1956,4244,2363,D:\SEM 7\CVProject\datasets\bottles_occluded\image_12.jpg
image_12.jpg,bottles_occluded,3874,3545,4244,3605,D:\SEM 7\CVProject\datasets\bottles_occluded\image_12.jpg
image_12.jpg,bottles_occluded,2278,4826,3312,5421,D:\SEM 7\CVProject\datasets\bottles_occluded\image_12.jpg
image_12.jpg,bottles_occluded,2355,1992,2476,2067,D:\SEM 7\CVProject\datasets\bottles_occluded\image_12.jpg
image_12.jpg,bottles_occluded,2202,2106,2285,2147,D:\SEM 7\CVProject\datasets\bottles_occluded\image_12.jpg
image_12.jpg,bottles_occluded,2980,938,3221,1118,D:\SEM 7\CVProject\datasets\bottles_occluded\image_12.jpg
image_12.jpg,bottles_occluded,3036,1418,4115,1903,D:\SEM 7\CVProject\datasets\bottles_occluded\image_12.jpg
image_12.jpg,bottles_occluded,2121,2008,2160,2038,D:\SEM 7\CVProject\datasets\bottles_occluded\image_12.jpg
image_12.jpg,bottles_occluded,0,0,2569,5712,D:\SEM 7\CVProject\datasets\bottles_occluded\image_12.jpg
image_12.jpg,bottles_occluded,2198,2199,2281,2232,D:\SEM 7\CVProject\datasets\bottles_occluded\image_12.jpg
image_12.jpg,bottles_occluded,2025,2195,2138,2235,D:\SEM 7\CVProject\datasets\bottles_occluded\image_12.jpg
image_12.jpg,bottles_occluded,1224,2189,1269,2227,D:\SEM 7\CVProject\datasets\bottles_occluded\image_12.jpg
image_12.jpg,bottles_occluded,2289,2191,2364,2224,D:\SEM 7\CVProject\datasets\bottles_occluded\image_12.jpg
image_12.jpg,bottles_occluded,2912,3487,4244,3870,D:\SEM 7\CVProject\datasets\bottles_occluded\image_12.jpg
image_12.jpg,bottles_occluded,2857,1890,3299,2028,D:\SEM 7\CVProject\datasets\bottles_occluded\image_12.jpg
image_12.jpg,bottles_occluded,3728,362,4284,812,D:\SEM 7\CVProject\datasets\bottles_occluded\image_12.jpg
image_12.jpg,bottles_occluded,3274,3755,3592,3837,D:\SEM 7\CVProject\datasets\bottles_occluded\image_12.jpg
image_13.jpg,bottles_occluded,2057,0,4284,3944,D:\SEM 7\CVProject\datasets\bottles_occluded\image_13.jpg
image_13.jpg,bottles_occluded,1352,4768,1369,4786,D:\SEM 7\CVProject\datasets\bottles_occluded\image_13.jpg
image_13.jpg,bottles_occluded,0,3632,29,3707,D:\SEM 7\CVProject\datasets\bottles_occluded\image_13.jpg
image_13.jpg,bottles_occluded,4191,0,4242,33,D:\SEM 7\CVProject\datasets\bottles_occluded\image_13.jpg
image_13.jpg,bottles_occluded,2039,2799,2091,2904,D:\SEM 7\CVProject\datasets\bottles_occluded\image_13.jpg
image_13.jpg,bottles_occluded,635,688,684,740,D:\SEM 7\CVProject\datasets\bottles_occluded\image_13.jpg
image_13.jpg,bottles_occluded,500,387,553,437,D:\SEM 7\CVProject\datasets\bottles_occluded\image_13.jpg
image_13.jpg,bottles_occluded,1609,2133,1658,2183,D:\SEM 7\CVProject\datasets\bottles_occluded\image_13.jpg
image_13.jpg,bottles_occluded,431,4698,482,4747,D:\SEM 7\CVProject\datasets\bottles_occluded\image_13.jpg
image_13.jpg,bottles_occluded,2117,2751,2166,2804,D:\SEM 7\CVProject\datasets\bottles_occluded\image_13.jpg
image_13.jpg,bottles_occluded,1916,677,1967,726,D:\SEM 7\CVProject\datasets\bottles_occluded\image_13.jpg
image_13.jpg,bottles_occluded,634,4702,727,4760,D:\SEM 7\CVProject\datasets\bottles_occluded\image_13.jpg
image_13.jpg,bottles_occluded,106,2990,242,3094,D:\SEM 7\CVProject\datasets\bottles_occluded\image_13.jpg
image_13.jpg,bottles_occluded,564,978,616,1031,D:\SEM 7\CVProject\datasets\bottles_occluded\image_13.jpg
image_13.jpg,bottles_occluded,2027,3324,2076,3377,D:\SEM 7\CVProject\datasets\bottles_occluded\image_13.jpg
image_13.jpg,bottles_occluded,3684,4463,3826,4663,D:\SEM 7\CVProject\datasets\bottles_occluded\image_13.jpg
image_13.jpg,bottles_occluded,0,3780,54,3841,D:\SEM 7\CVProject\datasets\bottles_occluded\image_13.jpg
image_13.jpg,bottles_occluded,2456,4610,2490,4759,D:\SEM 7\CVProject\datasets\bottles_occluded\image_13.jpg
image_13.jpg,bottles_occluded,2590,4514,2612,4535,D:\SEM 7\CVProject\datasets\bottles_occluded\image_13.jpg
image_13.jpg,bottles_occluded,188,985,248,1082,D:\SEM 7\CVProject\datasets\bottles_occluded\image_13.jpg
image_13.jpg,bottles_occluded,162,707,214,765,D:\SEM 7\CVProject\datasets\bottles_occluded\image_13.jpg
image_13.jpg,bottles_occluded,4037,4162,4104,4257,D:\SEM 7\CVProject\datasets\bottles_occluded\image_13.jpg
image_13.jpg,bottles_occluded,467,102,568,270,D:\SEM 7\CVProject\datasets\bottles_occluded\image_13.jpg
image_13.jpg,bottles_occluded,3374,4389,3521,4534,D:\SEM 7\CVProject\datasets\bottles_occluded\image_13.jpg
image_13.jpg,bottles_occluded,399,3245,476,3337,D:\SEM 7\CVProject\datasets\bottles_occluded\image_13.jpg
image_13.jpg,bottles_occluded,2433,3804,2558,3872,D:\SEM 7\CVProject\datasets\bottles_occluded\image_13.jpg
image_13.jpg,bottles_occluded,655,1871,728,1943,D:\SEM 7\CVProject\datasets\bottles_occluded\image_13.jpg
image_13.jpg,bottles_occluded,2608,4154,2933,4579,D:\SEM 7\CVProject\datasets\bottles_occluded\image_13.jpg
image_13.jpg,bottles_occluded,2022,2276,2130,2350,D:\SEM 7\CVProject\datasets\bottles_occluded\image_13.jpg
image_13.jpg,bottles_occluded,2540,4728,4284,5712,D:\SEM 7\CVProject\datasets\bottles_occluded\image_13.jpg
image_13.jpg,bottles_occluded,1732,4796,2131,5712,D:\SEM 7\CVProject\datasets\bottles_occluded\image_13.jpg
image_13.jpg,bottles_occluded,917,4378,972,4456,D:\SEM 7\CVProject\datasets\bottles_occluded\image_13.jpg
image_13.jpg,bottles_occluded,2025,3500,2118,3624,D:\SEM 7\CVProject\datasets\bottles_occluded\image_13.jpg
image_13.jpg,bottles_occluded,542,771,626,868,D:\SEM 7\CVProject\datasets\bottles_occluded\image_13.jpg
image_13.jpg,bottles_occluded,465,0,561,57,D:\SEM 7\CVProject\datasets\bottles_occluded\image_13.jpg
image_13.jpg,bottles_occluded,68,383,166,497,D:\SEM 7\CVProject\datasets\bottles_occluded\image_13.jpg
image_13.jpg,bottles_occluded,753,3004,831,3100,D:\SEM 7\CVProject\datasets\bottles_occluded\image_13.jpg
image_13.jpg,bottles_occluded,1642,3095,1729,3240,D:\SEM 7\CVProject\datasets\bottles_occluded\image_13.jpg
image_13.jpg,bottles_occluded,2060,3059,2158,3129,D:\SEM 7\CVProject\datasets\bottles_occluded\image_13.jpg
image_13.jpg,bottles_occluded,2168,5504,2260,5589,D:\SEM 7\CVProject\datasets\bottles_occluded\image_13.jpg
image_13.jpg,bottles_occluded,1619,3469,1747,3589,D:\SEM 7\CVProject\datasets\bottles_occluded\image_13.jpg
image_13.jpg,bottles_occluded,583,1103,678,1371,D:\SEM 7\CVProject\datasets\bottles_occluded\image_13.jpg
image_13.jpg,bottles_occluded,608,1508,728,1702,D:\SEM 7\CVProject\datasets\bottles_occluded\image_13.jpg
image_13.jpg,bottles_occluded,2030,4553,2354,4948,D:\SEM 7\CVProject\datasets\bottles_occluded\image_13.jpg
image_13.jpg,bottles_occluded,40,3596,462,4613,D:\SEM 7\CVProject\datasets\bottles_occluded\image_13.jpg
image_13.jpg,bottles_occluded,460,3158,2572,5402,D:\SEM 7\CVProject\datasets\bottles_occluded\image_13.jpg
image_13.jpg,bottles_occluded,1469,5321,1554,5414,D:\SEM 7\CVProject\datasets\bottles_occluded\image_13.jpg
image_13.jpg,bottles_occluded,0,4550,216,4882,D:\SEM 7\CVProject\datasets\bottles_occluded\image_13.jpg
image_13.jpg,bottles_occluded,2914,4434,2919,4639,D:\SEM 7\CVProject\datasets\bottles_occluded\image_13.jpg
image_13.jpg,bottles_occluded,1469,5403,1646,5510,D:\SEM 7\CVProject\datasets\bottles_occluded\image_13.jpg
image_13.jpg,bottles_occluded,1530,5498,1714,5660,D:\SEM 7\CVProject\datasets\bottles_occluded\image_13.jpg
image_13.jpg,bottles_occluded,1295,4127,1326,4176,D:\SEM 7\CVProject\datasets\bottles_occluded\image_13.jpg
image_13.jpg,bottles_occluded,1422,4136,1450,4187,D:\SEM 7\CVProject\datasets\bottles_occluded\image_13.jpg
image_13.jpg,bottles_occluded,1334,4130,1364,4178,D:\SEM 7\CVProject\datasets\bottles_occluded\image_13.jpg
image_13.jpg,bottles_occluded,1370,4131,1391,4181,D:\SEM 7\CVProject\datasets\bottles_occluded\image_13.jpg
image_13.jpg,bottles_occluded,2349,5428,2485,5672,D:\SEM 7\CVProject\datasets\bottles_occluded\image_13.jpg
image_13.jpg,bottles_occluded,3033,4641,3168,4660,D:\SEM 7\CVProject\datasets\bottles_occluded\image_13.jpg
image_13.jpg,bottles_occluded,2318,4999,2468,5124,D:\SEM 7\CVProject\datasets\bottles_occluded\image_13.jpg
image_13.jpg,bottles_occluded,2152,5063,2288,5248,D:\SEM 7\CVProject\datasets\bottles_occluded\image_13.jpg
image_14.jpg,bottles_occluded,2974,1796,3000,1866,D:\SEM 7\CVProject\datasets\bottles_occluded\image_14.jpg
image_14.jpg,bottles_occluded,2435,0,2546,75,D:\SEM 7\CVProject\datasets\bottles_occluded\image_14.jpg
image_14.jpg,bottles_occluded,1468,138,1520,200,D:\SEM 7\CVProject\datasets\bottles_occluded\image_14.jpg
image_14.jpg,bottles_occluded,1929,3955,1988,4000,D:\SEM 7\CVProject\datasets\bottles_occluded\image_14.jpg
image_14.jpg,bottles_occluded,1269,0,1318,25,D:\SEM 7\CVProject\datasets\bottles_occluded\image_14.jpg
image_14.jpg,bottles_occluded,2082,685,2120,735,D:\SEM 7\CVProject\datasets\bottles_occluded\image_14.jpg
image_14.jpg,bottles_occluded,2186,3877,2242,3931,D:\SEM 7\CVProject\datasets\bottles_occluded\image_14.jpg
image_14.jpg,bottles_occluded,1950,3378,2039,3440,D:\SEM 7\CVProject\datasets\bottles_occluded\image_14.jpg
image_14.jpg,bottles_occluded,2351,231,2408,374,D:\SEM 7\CVProject\datasets\bottles_occluded\image_14.jpg
image_14.jpg,bottles_occluded,2566,3910,2680,4000,D:\SEM 7\CVProject\datasets\bottles_occluded\image_14.jpg
image_14.jpg,bottles_occluded,2574,1750,2656,1837,D:\SEM 7\CVProject\datasets\bottles_occluded\image_14.jpg
image_14.jpg,bottles_occluded,2412,747,2541,844,D:\SEM 7\CVProject\datasets\bottles_occluded\image_14.jpg
image_14.jpg,bottles_occluded,2529,578,2645,728,D:\SEM 7\CVProject\datasets\bottles_occluded\image_14.jpg
image_14.jpg,bottles_occluded,399,0,607,146,D:\SEM 7\CVProject\datasets\bottles_occluded\image_14.jpg
image_14.jpg,bottles_occluded,2579,6,2698,95,D:\SEM 7\CVProject\datasets\bottles_occluded\image_14.jpg
image_14.jpg,bottles_occluded,247,223,364,381,D:\SEM 7\CVProject\datasets\bottles_occluded\image_14.jpg
image_14.jpg,bottles_occluded,1645,3408,1921,3899,D:\SEM 7\CVProject\datasets\bottles_occluded\image_14.jpg
image_14.jpg,bottles_occluded,1847,3176,1944,3283,D:\SEM 7\CVProject\datasets\bottles_occluded\image_14.jpg
image_14.jpg,bottles_occluded,2633,126,2822,364,D:\SEM 7\CVProject\datasets\bottles_occluded\image_14.jpg
image_14.jpg,bottles_occluded,2120,1901,2371,2053,D:\SEM 7\CVProject\datasets\bottles_occluded\image_14.jpg
image_14.jpg,bottles_occluded,2516,2770,2824,2974,D:\SEM 7\CVProject\datasets\bottles_occluded\image_14.jpg
image_14.jpg,bottles_occluded,1609,0,2073,318,D:\SEM 7\CVProject\datasets\bottles_occluded\image_14.jpg
image_14.jpg,bottles_occluded,2059,3618,2189,3748,D:\SEM 7\CVProject\datasets\bottles_occluded\image_14.jpg
image_14.jpg,bottles_occluded,1819,1427,2068,1777,D:\SEM 7\CVProject\datasets\bottles_occluded\image_14.jpg
image_14.jpg,bottles_occluded,2160,1571,2272,1688,D:\SEM 7\CVProject\datasets\bottles_occluded\image_14.jpg
image_14.jpg,bottles_occluded,2895,246,2968,320,D:\SEM 7\CVProject\datasets\bottles_occluded\image_14.jpg
image_14.jpg,bottles_occluded,2658,1878,3000,2117,D:\SEM 7\CVProject\datasets\bottles_occluded\image_14.jpg
image_14.jpg,bottles_occluded,2079,3175,2151,3249,D:\SEM 7\CVProject\datasets\bottles_occluded\image_14.jpg
image_14.jpg,bottles_occluded,0,0,2424,3654,D:\SEM 7\CVProject\datasets\bottles_occluded\image_14.jpg
image_14.jpg,bottles_occluded,2541,2325,2665,2464,D:\SEM 7\CVProject\datasets\bottles_occluded\image_14.jpg
image_14.jpg,bottles_occluded,2608,2498,2788,2722,D:\SEM 7\CVProject\datasets\bottles_occluded\image_14.jpg
image_14.jpg,bottles_occluded,2118,773,2230,871,D:\SEM 7\CVProject\datasets\bottles_occluded\image_14.jpg
image_14.jpg,bottles_occluded,2260,1213,2786,1576,D:\SEM 7\CVProject\datasets\bottles_occluded\image_14.jpg
image_14.jpg,bottles_occluded,2767,532,3000,738,D:\SEM 7\CVProject\datasets\bottles_occluded\image_14.jpg
image_14.jpg,bottles_occluded,2453,701,2484,750,D:\SEM 7\CVProject\datasets\bottles_occluded\image_14.jpg
image_14.jpg,bottles_occluded,2208,2972,2868,3630,D:\SEM 7\CVProject\datasets\bottles_occluded\image_14.jpg
image_15.jpg,bottles_occluded,0,553,39,681,D:\SEM 7\CVProject\datasets\bottles_occluded\image_15.jpg
image_15.jpg,bottles_occluded,2965,2448,3000,2613,D:\SEM 7\CVProject\datasets\bottles_occluded\image_15.jpg
image_15.jpg,bottles_occluded,0,367,31,421,D:\SEM 7\CVProject\datasets\bottles_occluded\image_15.jpg
image_15.jpg,bottles_occluded,1433,0,1519,28,D:\SEM 7\CVProject\datasets\bottles_occluded\image_15.jpg
image_15.jpg,bottles_occluded,1156,0,1220,30,D:\SEM 7\CVProject\datasets\bottles_occluded\image_15.jpg
image_15.jpg,bottles_occluded,802,3382,851,3431,D:\SEM 7\CVProject\datasets\bottles_occluded\image_15.jpg
image_15.jpg,bottles_occluded,0,1962,39,2025,D:\SEM 7\CVProject\datasets\bottles_occluded\image_15.jpg
image_15.jpg,bottles_occluded,1717,3298,1781,3368,D:\SEM 7\CVProject\datasets\bottles_occluded\image_15.jpg
image_15.jpg,bottles_occluded,73,3009,542,3495,D:\SEM 7\CVProject\datasets\bottles_occluded\image_15.jpg
image_15.jpg,bottles_occluded,1045,3592,1152,3709,D:\SEM 7\CVProject\datasets\bottles_occluded\image_15.jpg
image_15.jpg,bottles_occluded,2158,229,2233,299,D:\SEM 7\CVProject\datasets\bottles_occluded\image_15.jpg
image_15.jpg,bottles_occluded,2476,1991,2529,2054,D:\SEM 7\CVProject\datasets\bottles_occluded\image_15.jpg
image_15.jpg,bottles_occluded,190,3924,408,4000,D:\SEM 7\CVProject\datasets\bottles_occluded\image_15.jpg
image_15.jpg,bottles_occluded,2081,1937,2172,2027,D:\SEM 7\CVProject\datasets\bottles_occluded\image_15.jpg
image_15.jpg,bottles_occluded,1667,0,1798,152,D:\SEM 7\CVProject\datasets\bottles_occluded\image_15.jpg
image_15.jpg,bottles_occluded,2288,40,2960,1009,D:\SEM 7\CVProject\datasets\bottles_occluded\image_15.jpg
image_15.jpg,bottles_occluded,943,3414,1085,3527,D:\SEM 7\CVProject\datasets\bottles_occluded\image_15.jpg
image_15.jpg,bottles_occluded,1882,2141,1993,2281,D:\SEM 7\CVProject\datasets\bottles_occluded\image_15.jpg
image_15.jpg,bottles_occluded,0,38,3000,4000,D:\SEM 7\CVProject\datasets\bottles_occluded\image_15.jpg
image_15.jpg,bottles_occluded,772,3208,1010,3368,D:\SEM 7\CVProject\datasets\bottles_occluded\image_15.jpg
image_15.jpg,bottles_occluded,2315,2135,2352,2166,D:\SEM 7\CVProject\datasets\bottles_occluded\image_15.jpg
image_15.jpg,bottles_occluded,2746,991,2801,1012,D:\SEM 7\CVProject\datasets\bottles_occluded\image_15.jpg
image_15.jpg,bottles_occluded,1325,3700,1548,3960,D:\SEM 7\CVProject\datasets\bottles_occluded\image_15.jpg
image_16.jpg,bottles_occluded,1895,3965,1950,4000,D:\SEM 7\CVProject\datasets\bottles_occluded\image_16.jpg
image_16.jpg,bottles_occluded,2134,3961,2190,4000,D:\SEM 7\CVProject\datasets\bottles_occluded\image_16.jpg
image_16.jpg,bottles_occluded,2970,3768,3000,3823,D:\SEM 7\CVProject\datasets\bottles_occluded\image_16.jpg
image_16.jpg,bottles_occluded,0,1098,25,1147,D:\SEM 7\CVProject\datasets\bottles_occluded\image_16.jpg
image_16.jpg,bottles_occluded,0,0,3000,4000,D:\SEM 7\CVProject\datasets\bottles_occluded\image_16.jpg
image_16.jpg,bottles_occluded,1436,45,1618,312,D:\SEM 7\CVProject\datasets\bottles_occluded\image_16.jpg
image_17.jpg,bottles_occluded,1902,3962,1972,4000,D:\SEM 7\CVProject\datasets\bottles_occluded\image_17.jpg
image_17.jpg,bottles_occluded,2963,2938,3000,3043,D:\SEM 7\CVProject\datasets\bottles_occluded\image_17.jpg
image_17.jpg,bottles_occluded,2187,0,2291,131,D:\SEM 7\CVProject\datasets\bottles_occluded\image_17.jpg
image_17.jpg,bottles_occluded,2756,3963,2849,4000,D:\SEM 7\CVProject\datasets\bottles_occluded\image_17.jpg
image_17.jpg,bottles_occluded,0,681,128,750,D:\SEM 7\CVProject\datasets\bottles_occluded\image_17.jpg
image_17.jpg,bottles_occluded,0,0,3000,4000,D:\SEM 7\CVProject\datasets\bottles_occluded\image_17.jpg
image_17.jpg,bottles_occluded,2860,1113,2951,1201,D:\SEM 7\CVProject\datasets\bottles_occluded\image_17.jpg
image_17.jpg,bottles_occluded,579,2001,976,2363,D:\SEM 7\CVProject\datasets\bottles_occluded\image_17.jpg
image_17.jpg,bottles_occluded,2927,3472,2957,3516,D:\SEM 7\CVProject\datasets\bottles_occluded\image_17.jpg
image_17.jpg,bottles_occluded,2632,1240,2832,1519,D:\SEM 7\CVProject\datasets\bottles_occluded\image_17.jpg
image_18.jpg,bottles_occluded,546,3342,614,3442,D:\SEM 7\CVProject\datasets\bottles_occluded\image_18.jpg
image_18.jpg,bottles_occluded,1061,3892,1196,4000,D:\SEM 7\CVProject\datasets\bottles_occluded\image_18.jpg
image_18.jpg,bottles_occluded,1921,3222,1937,3243,D:\SEM 7\CVProject\datasets\bottles_occluded\image_18.jpg
image_18.jpg,bottles_occluded,2000,3343,2019,3363,D:\SEM 7\CVProject\datasets\bottles_occluded\image_18.jpg
image_18.jpg,bottles_occluded,2782,3698,3000,4000,D:\SEM 7\CVProject\datasets\bottles_occluded\image_18.jpg
image_18.jpg,bottles_occluded,967,3652,1041,3715,D:\SEM 7\CVProject\datasets\bottles_occluded\image_18.jpg
image_18.jpg,bottles_occluded,1238,2744,1277,2790,D:\SEM 7\CVProject\datasets\bottles_occluded\image_18.jpg
image_18.jpg,bottles_occluded,2038,3157,2058,3179,D:\SEM 7\CVProject\datasets\bottles_occluded\image_18.jpg
image_18.jpg,bottles_occluded,2793,2895,3000,3574,D:\SEM 7\CVProject\datasets\bottles_occluded\image_18.jpg
image_18.jpg,bottles_occluded,2589,440,2648,529,D:\SEM 7\CVProject\datasets\bottles_occluded\image_18.jpg
image_18.jpg,bottles_occluded,0,38,3000,4000,D:\SEM 7\CVProject\datasets\bottles_occluded\image_18.jpg
image_18.jpg,bottles_occluded,2309,40,2414,171,D:\SEM 7\CVProject\datasets\bottles_occluded\image_18.jpg
image_18.jpg,bottles_occluded,2027,3180,2055,3238,D:\SEM 7\CVProject\datasets\bottles_occluded\image_18.jpg
image_18.jpg,bottles_occluded,975,3269,1017,3336,D:\SEM 7\CVProject\datasets\bottles_occluded\image_18.jpg
image_18.jpg,bottles_occluded,1868,2982,1948,3065,D:\SEM 7\CVProject\datasets\bottles_occluded\image_18.jpg
image_18.jpg,bottles_occluded,1699,3627,1723,3671,D:\SEM 7\CVProject\datasets\bottles_occluded\image_18.jpg
image_18.jpg,bottles_occluded,2415,121,2641,430,D:\SEM 7\CVProject\datasets\bottles_occluded\image_18.jpg
image_18.jpg,bottles_occluded,1226,2683,1249,2723,D:\SEM 7\CVProject\datasets\bottles_occluded\image_18.jpg
image_18.jpg,bottles_occluded,1002,3361,1042,3412,D:\SEM 7\CVProject\datasets\bottles_occluded\image_18.jpg
image_18.jpg,bottles_occluded,1253,2709,1274,2735,D:\SEM 7\CVProject\datasets\bottles_occluded\image_18.jpg
image_18.jpg,bottles_occluded,1929,3000,1954,3032,D:\SEM 7\CVProject\datasets\bottles_occluded\image_18.jpg
image_18.jpg,bottles_occluded,973,3347,989,3379,D:\SEM 7\CVProject\datasets\bottles_occluded\image_18.jpg
image_18.jpg,bottles_occluded,1891,2958,1933,3012,D:\SEM 7\CVProject\datasets\bottles_occluded\image_18.jpg
image_18.jpg,bottles_occluded,2253,261,2425,575,D:\SEM 7\CVProject\datasets\bottles_occluded\image_18.jpg
image_18.jpg,bottles_occluded,1924,2936,1950,2964,D:\SEM 7\CVProject\datasets\bottles_occluded\image_18.jpg
image_19.jpg,bottles_occluded,2974,2054,3000,2120,D:\SEM 7\CVProject\datasets\bottles_occluded\image_19.jpg
image_19.jpg,bottles_occluded,1239,0,1296,56,D:\SEM 7\CVProject\datasets\bottles_occluded\image_19.jpg
image_19.jpg,bottles_occluded,1298,3972,1358,4000,D:\SEM 7\CVProject\datasets\bottles_occluded\image_19.jpg
image_19.jpg,bottles_occluded,2930,1844,2990,1896,D:\SEM 7\CVProject\datasets\bottles_occluded\image_19.jpg
image_19.jpg,bottles_occluded,2526,1198,2596,1275,D:\SEM 7\CVProject\datasets\bottles_occluded\image_19.jpg
image_19.jpg,bottles_occluded,0,3474,88,3594,D:\SEM 7\CVProject\datasets\bottles_occluded\image_19.jpg
image_19.jpg,bottles_occluded,0,1124,61,1191,D:\SEM 7\CVProject\datasets\bottles_occluded\image_19.jpg
image_19.jpg,bottles_occluded,2841,884,2896,956,D:\SEM 7\CVProject\datasets\bottles_occluded\image_19.jpg
image_19.jpg,bottles_occluded,0,1301,82,1402,D:\SEM 7\CVProject\datasets\bottles_occluded\image_19.jpg
image_19.jpg,bottles_occluded,1788,186,1802,212,D:\SEM 7\CVProject\datasets\bottles_occluded\image_19.jpg
image_19.jpg,bottles_occluded,2348,2088,2414,2118,D:\SEM 7\CVProject\datasets\bottles_occluded\image_19.jpg
image_19.jpg,bottles_occluded,92,2435,227,2570,D:\SEM 7\CVProject\datasets\bottles_occluded\image_19.jpg
image_19.jpg,bottles_occluded,63,1121,170,1215,D:\SEM 7\CVProject\datasets\bottles_occluded\image_19.jpg
image_19.jpg,bottles_occluded,2019,2142,2054,2171,D:\SEM 7\CVProject\datasets\bottles_occluded\image_19.jpg
image_19.jpg,bottles_occluded,0,1658,324,2129,D:\SEM 7\CVProject\datasets\bottles_occluded\image_19.jpg
image_19.jpg,bottles_occluded,1661,166,1687,207,D:\SEM 7\CVProject\datasets\bottles_occluded\image_19.jpg
image_19.jpg,bottles_occluded,296,958,413,1171,D:\SEM 7\CVProject\datasets\bottles_occluded\image_19.jpg
image_19.jpg,bottles_occluded,1678,5,1849,96,D:\SEM 7\CVProject\datasets\bottles_occluded\image_19.jpg
image_19.jpg,bottles_occluded,244,3173,383,3309,D:\SEM 7\CVProject\datasets\bottles_occluded\image_19.jpg
image_19.jpg,bottles_occluded,2001,2146,2019,2173,D:\SEM 7\CVProject\datasets\bottles_occluded\image_19.jpg
image_19.jpg,bottles_occluded,296,118,2960,4000,D:\SEM 7\CVProject\datasets\bottles_occluded\image_19.jpg
image_19.jpg,bottles_occluded,39,179,500,653,D:\SEM 7\CVProject\datasets\bottles_occluded\image_19.jpg
image_2.jpg,bottles_occluded,586,796,1014,1144,D:\SEM 7\CVProject\datasets\bottles_occluded\image_2.jpg
image_2.jpg,bottles_occluded,442,3026,492,3077,D:\SEM 7\CVProject\datasets\bottles_occluded\image_2.jpg
image_2.jpg,bottles_occluded,868,2684,924,2761,D:\SEM 7\CVProject\datasets\bottles_occluded\image_2.jpg
image_2.jpg,bottles_occluded,605,1314,646,1337,D:\SEM 7\CVProject\datasets\bottles_occluded\image_2.jpg
image_2.jpg,bottles_occluded,380,2698,442,2748,D:\SEM 7\CVProject\datasets\bottles_occluded\image_2.jpg
image_2.jpg,bottles_occluded,394,3143,444,3210,D:\SEM 7\CVProject\datasets\bottles_occluded\image_2.jpg
image_2.jpg,bottles_occluded,159,1042,2089,2437,D:\SEM 7\CVProject\datasets\bottles_occluded\image_2.jpg
image_2.jpg,bottles_occluded,880,2505,936,2617,D:\SEM 7\CVProject\datasets\bottles_occluded\image_2.jpg
image_2.jpg,bottles_occluded,232,3163,248,3187,D:\SEM 7\CVProject\datasets\bottles_occluded\image_2.jpg
image_2.jpg,bottles_occluded,491,3086,606,3216,D:\SEM 7\CVProject\datasets\bottles_occluded\image_2.jpg
image_2.jpg,bottles_occluded,500,2667,540,2679,D:\SEM 7\CVProject\datasets\bottles_occluded\image_2.jpg
image_2.jpg,bottles_occluded,0,3427,1136,4032,D:\SEM 7\CVProject\datasets\bottles_occluded\image_2.jpg
image_2.jpg,bottles_occluded,2631,744,2643,781,D:\SEM 7\CVProject\datasets\bottles_occluded\image_2.jpg
image_2.jpg,bottles_occluded,506,2472,556,2487,D:\SEM 7\CVProject\datasets\bottles_occluded\image_2.jpg
image_2.jpg,bottles_occluded,0,284,2349,594,D:\SEM 7\CVProject\datasets\bottles_occluded\image_2.jpg
image_2.jpg,bottles_occluded,510,2493,566,2506,D:\SEM 7\CVProject\datasets\bottles_occluded\image_2.jpg
image_2.jpg,bottles_occluded,992,2575,1035,2618,D:\SEM 7\CVProject\datasets\bottles_occluded\image_2.jpg
image_2.jpg,bottles_occluded,491,2681,535,2704,D:\SEM 7\CVProject\datasets\bottles_occluded\image_2.jpg
image_20.jpg,bottles_occluded,40,3172,360,3324,D:\SEM 7\CVProject\datasets\bottles_occluded\image_20.jpg
image_20.jpg,bottles_occluded,3314,352,3326,409,D:\SEM 7\CVProject\datasets\bottles_occluded\image_20.jpg
image_20.jpg,bottles_occluded,1001,2453,1093,2651,D:\SEM 7\CVProject\datasets\bottles_occluded\image_20.jpg
image_20.jpg,bottles_occluded,2012,1762,2040,1814,D:\SEM 7\CVProject\datasets\bottles_occluded\image_20.jpg
image_20.jpg,bottles_occluded,0,987,4284,5712,D:\SEM 7\CVProject\datasets\bottles_occluded\image_20.jpg
image_20.jpg,bottles_occluded,3751,40,3943,448,D:\SEM 7\CVProject\datasets\bottles_occluded\image_20.jpg
image_20.jpg,bottles_occluded,4040,571,4244,590,D:\SEM 7\CVProject\datasets\bottles_occluded\image_20.jpg
image_20.jpg,bottles_occluded,3897,46,4284,443,D:\SEM 7\CVProject\datasets\bottles_occluded\image_20.jpg
image_20.jpg,bottles_occluded,585,1168,620,1230,D:\SEM 7\CVProject\datasets\bottles_occluded\image_20.jpg
image_20.jpg,bottles_occluded,1148,2907,1206,3012,D:\SEM 7\CVProject\datasets\bottles_occluded\image_20.jpg
image_20.jpg,bottles_occluded,1195,2468,1234,2618,D:\SEM 7\CVProject\datasets\bottles_occluded\image_20.jpg
image_20.jpg,bottles_occluded,3363,41,3681,453,D:\SEM 7\CVProject\datasets\bottles_occluded\image_20.jpg
image_20.jpg,bottles_occluded,3354,277,3418,403,D:\SEM 7\CVProject\datasets\bottles_occluded\image_20.jpg
image_20.jpg,bottles_occluded,440,3694,838,3962,D:\SEM 7\CVProject\datasets\bottles_occluded\image_20.jpg
image_20.jpg,bottles_occluded,2386,0,3084,475,D:\SEM 7\CVProject\datasets\bottles_occluded\image_20.jpg
image_20.jpg,bottles_occluded,3503,40,3600,124,D:\SEM 7\CVProject\datasets\bottles_occluded\image_20.jpg
image_20.jpg,bottles_occluded,1740,2498,1791,2576,D:\SEM 7\CVProject\datasets\bottles_occluded\image_20.jpg
image_20.jpg,bottles_occluded,1118,2469,1182,2634,D:\SEM 7\CVProject\datasets\bottles_occluded\image_20.jpg
image_20.jpg,bottles_occluded,662,1574,2042,2576,D:\SEM 7\CVProject\datasets\bottles_occluded\image_20.jpg
image_20.jpg,bottles_occluded,834,2797,1057,2815,D:\SEM 7\CVProject\datasets\bottles_occluded\image_20.jpg
image_20.jpg,bottles_occluded,3645,573,3892,594,D:\SEM 7\CVProject\datasets\bottles_occluded\image_20.jpg
image_20.jpg,bottles_occluded,800,2860,814,2933,D:\SEM 7\CVProject\datasets\bottles_occluded\image_20.jpg
image_20.jpg,bottles_occluded,786,2795,821,2814,D:\SEM 7\CVProject\datasets\bottles_occluded\image_20.jpg
image_20.jpg,bottles_occluded,1483,1795,1998,1814,D:\SEM 7\CVProject\datasets\bottles_occluded\image_20.jpg
image_20.jpg,bottles_occluded,3016,471,3443,552,D:\SEM 7\CVProject\datasets\bottles_occluded\image_20.jpg
image_20.jpg,bottles_occluded,3808,585,3911,699,D:\SEM 7\CVProject\datasets\bottles_occluded\image_20.jpg
image_21.jpg,bottles_occluded,4060,1394,4244,1447,D:\SEM 7\CVProject\datasets\bottles_occluded\image_21.jpg
image_21.jpg,bottles_occluded,1522,1619,1572,1642,D:\SEM 7\CVProject\datasets\bottles_occluded\image_21.jpg
image_21.jpg,bottles_occluded,864,921,1326,985,D:\SEM 7\CVProject\datasets\bottles_occluded\image_21.jpg
image_21.jpg,bottles_occluded,231,4853,280,4904,D:\SEM 7\CVProject\datasets\bottles_occluded\image_21.jpg
image_21.jpg,bottles_occluded,970,1283,1007,1377,D:\SEM 7\CVProject\datasets\bottles_occluded\image_21.jpg
image_21.jpg,bottles_occluded,2591,5685,2642,5712,D:\SEM 7\CVProject\datasets\bottles_occluded\image_21.jpg
image_21.jpg,bottles_occluded,161,1705,194,1716,D:\SEM 7\CVProject\datasets\bottles_occluded\image_21.jpg
image_21.jpg,bottles_occluded,554,1140,587,1168,D:\SEM 7\CVProject\datasets\bottles_occluded\image_21.jpg
image_21.jpg,bottles_occluded,954,5575,1007,5633,D:\SEM 7\CVProject\datasets\bottles_occluded\image_21.jpg
image_21.jpg,bottles_occluded,1042,1063,1096,1120,D:\SEM 7\CVProject\datasets\bottles_occluded\image_21.jpg
image_21.jpg,bottles_occluded,2892,2242,2975,2296,D:\SEM 7\CVProject\datasets\bottles_occluded\image_21.jpg
image_21.jpg,bottles_occluded,297,3183,470,3432,D:\SEM 7\CVProject\datasets\bottles_occluded\image_21.jpg
image_21.jpg,bottles_occluded,368,1747,400,1758,D:\SEM 7\CVProject\datasets\bottles_occluded\image_21.jpg
image_21.jpg,bottles_occluded,3375,5664,3478,5712,D:\SEM 7\CVProject\datasets\bottles_occluded\image_21.jpg
image_21.jpg,bottles_occluded,40,3192,408,3692,D:\SEM 7\CVProject\datasets\bottles_occluded\image_21.jpg
image_21.jpg,bottles_occluded,852,656,1314,896,D:\SEM 7\CVProject\datasets\bottles_occluded\image_21.jpg
image_21.jpg,bottles_occluded,908,1424,926,1459,D:\SEM 7\CVProject\datasets\bottles_occluded\image_21.jpg
image_21.jpg,bottles_occluded,366,1935,637,2700,D:\SEM 7\CVProject\datasets\bottles_occluded\image_21.jpg
image_21.jpg,bottles_occluded,723,3882,755,3906,D:\SEM 7\CVProject\datasets\bottles_occluded\image_21.jpg
image_21.jpg,bottles_occluded,1460,1414,1566,1442,D:\SEM 7\CVProject\datasets\bottles_occluded\image_21.jpg
image_21.jpg,bottles_occluded,1490,1469,1527,1491,D:\SEM 7\CVProject\datasets\bottles_occluded\image_21.jpg
image_21.jpg,bottles_occluded,820,2490,840,2517,D:\SEM 7\CVProject\datasets\bottles_occluded\image_21.jpg
image_21.jpg,bottles_occluded,68,5063,88,5100,D:\SEM 7\CVProject\datasets\bottles_occluded\image_21.jpg
image_21.jpg,bottles_occluded,867,716,884,753,D:\SEM 7\CVProject\datasets\bottles_occluded\image_21.jpg
image_21.jpg,bottles_occluded,2437,2104,2455,2120,D:\SEM 7\CVProject\datasets\bottles_occluded\image_21.jpg
image_21.jpg,bottles_occluded,878,3504,1237,3739,D:\SEM 7\CVProject\datasets\bottles_occluded\image_21.jpg
image_21.jpg,bottles_occluded,149,2033,174,2143,D:\SEM 7\CVProject\datasets\bottles_occluded\image_21.jpg
image_21.jpg,bottles_occluded,636,1510,869,2092,D:\SEM 7\CVProject\datasets\bottles_occluded\image_21.jpg
image_21.jpg,bottles_occluded,870,4792,895,4848,D:\SEM 7\CVProject\datasets\bottles_occluded\image_21.jpg
image_21.jpg,bottles_occluded,614,1392,792,1493,D:\SEM 7\CVProject\datasets\bottles_occluded\image_21.jpg
image_21.jpg,bottles_occluded,1307,1474,1351,1653,D:\SEM 7\CVProject\datasets\bottles_occluded\image_21.jpg
image_21.jpg,bottles_occluded,878,4851,941,4995,D:\SEM 7\CVProject\datasets\bottles_occluded\image_21.jpg
image_21.jpg,bottles_occluded,884,1914,909,2023,D:\SEM 7\CVProject\datasets\bottles_occluded\image_21.jpg
image_21.jpg,bottles_occluded,1328,1725,1431,2121,D:\SEM 7\CVProject\datasets\bottles_occluded\image_21.jpg
image_21.jpg,bottles_occluded,1506,1486,1663,1529,D:\SEM 7\CVProject\datasets\bottles_occluded\image_21.jpg
image_21.jpg,bottles_occluded,990,1399,4284,5712,D:\SEM 7\CVProject\datasets\bottles_occluded\image_21.jpg
image_21.jpg,bottles_occluded,907,1349,937,1374,D:\SEM 7\CVProject\datasets\bottles_occluded\image_21.jpg
image_21.jpg,bottles_occluded,2252,2080,2646,2287,D:\SEM 7\CVProject\datasets\bottles_occluded\image_21.jpg
image_21.jpg,bottles_occluded,40,4987,73,5044,D:\SEM 7\CVProject\datasets\bottles_occluded\image_21.jpg
image_21.jpg,bottles_occluded,3043,2582,4244,2997,D:\SEM 7\CVProject\datasets\bottles_occluded\image_21.jpg
image_22.jpg,bottles_occluded,422,1786,482,2047,D:\SEM 7\CVProject\datasets\bottles_occluded\image_22.jpg
image_22.jpg,bottles_occluded,40,1681,289,2790,D:\SEM 7\CVProject\datasets\bottles_occluded\image_22.jpg
image_22.jpg,bottles_occluded,9,2892,290,4235,D:\SEM 7\CVProject\datasets\bottles_occluded\image_22.jpg
image_22.jpg,bottles_occluded,3895,3607,4177,3958,D:\SEM 7\CVProject\datasets\bottles_occluded\image_22.jpg
image_22.jpg,bottles_occluded,0,0,4244,4731,D:\SEM 7\CVProject\datasets\bottles_occluded\image_22.jpg
image_22.jpg,bottles_occluded,421,1703,478,1784,D:\SEM 7\CVProject\datasets\bottles_occluded\image_22.jpg
image_22.jpg,bottles_occluded,496,1928,548,1936,D:\SEM 7\CVProject\datasets\bottles_occluded\image_22.jpg
image_22.jpg,bottles_occluded,1608,1556,1736,1658,D:\SEM 7\CVProject\datasets\bottles_occluded\image_22.jpg
image_22.jpg,bottles_occluded,2690,3792,2816,3910,D:\SEM 7\CVProject\datasets\bottles_occluded\image_22.jpg
image_22.jpg,bottles_occluded,420,1651,476,1707,D:\SEM 7\CVProject\datasets\bottles_occluded\image_22.jpg
image_22.jpg,bottles_occluded,2786,3719,2915,3848,D:\SEM 7\CVProject\datasets\bottles_occluded\image_22.jpg
image_22.jpg,bottles_occluded,0,0,964,1130,D:\SEM 7\CVProject\datasets\bottles_occluded\image_22.jpg
image_22.jpg,bottles_occluded,0,4734,1136,5712,D:\SEM 7\CVProject\datasets\bottles_occluded\image_22.jpg
image_22.jpg,bottles_occluded,562,1976,644,2036,D:\SEM 7\CVProject\datasets\bottles_occluded\image_22.jpg
image_22.jpg,bottles_occluded,874,436,908,471,D:\SEM 7\CVProject\datasets\bottles_occluded\image_22.jpg
image_22.jpg,bottles_occluded,2551,3853,2692,3994,D:\SEM 7\CVProject\datasets\bottles_occluded\image_22.jpg
image_22.jpg,bottles_occluded,558,1778,639,1838,D:\SEM 7\CVProject\datasets\bottles_occluded\image_22.jpg
image_22.jpg,bottles_occluded,557,1706,636,1771,D:\SEM 7\CVProject\datasets\bottles_occluded\image_22.jpg
image_22.jpg,bottles_occluded,492,1798,546,1833,D:\SEM 7\CVProject\datasets\bottles_occluded\image_22.jpg
image_22.jpg,bottles_occluded,2342,3971,2549,4189,D:\SEM 7\CVProject\datasets\bottles_occluded\image_22.jpg
image_22.jpg,bottles_occluded,493,1738,545,1788,D:\SEM 7\CVProject\datasets\bottles_occluded\image_22.jpg
image_22.jpg,bottles_occluded,560,1841,640,1914,D:\SEM 7\CVProject\datasets\bottles_occluded\image_22.jpg
image_22.jpg,bottles_occluded,496,1946,549,1988,D:\SEM 7\CVProject\datasets\bottles_occluded\image_22.jpg
image_22.jpg,bottles_occluded,490,1644,542,1678,D:\SEM 7\CVProject\datasets\bottles_occluded\image_22.jpg
image_22.jpg,bottles_occluded,555,1634,635,1700,D:\SEM 7\CVProject\datasets\bottles_occluded\image_22.jpg
image_22.jpg,bottles_occluded,496,1875,548,1917,D:\SEM 7\CVProject\datasets\bottles_occluded\image_22.jpg
image_22.jpg,bottles_occluded,491,1683,543,1730,D:\SEM 7\CVProject\datasets\bottles_occluded\image_22.jpg
image_22.jpg,bottles_occluded,562,1906,642,1966,D:\SEM 7\CVProject\datasets\bottles_occluded\image_22.jpg
image_22.jpg,bottles_occluded,496,1996,549,2040,D:\SEM 7\CVProject\datasets\bottles_occluded\image_22.jpg
image_22.jpg,bottles_occluded,2773,3039,4284,5222,D:\SEM 7\CVProject\datasets\bottles_occluded\image_22.jpg
image_22.jpg,bottles_occluded,4078,3568,4244,3660,D:\SEM 7\CVProject\datasets\bottles_occluded\image_22.jpg
image_22.jpg,bottles_occluded,495,1836,547,1874,D:\SEM 7\CVProject\datasets\bottles_occluded\image_22.jpg
image_22.jpg,bottles_occluded,2522,4215,2915,4628,D:\SEM 7\CVProject\datasets\bottles_occluded\image_22.jpg
image_22.jpg,bottles_occluded,3171,4087,3249,4237,D:\SEM 7\CVProject\datasets\bottles_occluded\image_22.jpg
image_23.jpg,bottles_occluded,0,2148,79,2400,D:\SEM 7\CVProject\datasets\bottles_occluded\image_23.jpg
image_23.jpg,bottles_occluded,4248,1681,4284,1730,D:\SEM 7\CVProject\datasets\bottles_occluded\image_23.jpg
image_23.jpg,bottles_occluded,0,2708,30,2762,D:\SEM 7\CVProject\datasets\bottles_occluded\image_23.jpg
image_23.jpg,bottles_occluded,40,2764,108,2836,D:\SEM 7\CVProject\datasets\bottles_occluded\image_23.jpg
image_23.jpg,bottles_occluded,1632,4244,1672,4403,D:\SEM 7\CVProject\datasets\bottles_occluded\image_23.jpg
image_23.jpg,bottles_occluded,1623,2811,1655,2822,D:\SEM 7\CVProject\datasets\bottles_occluded\image_23.jpg
image_23.jpg,bottles_occluded,1628,4175,1660,4203,D:\SEM 7\CVProject\datasets\bottles_occluded\image_23.jpg
image_23.jpg,bottles_occluded,2715,3032,3215,3552,D:\SEM 7\CVProject\datasets\bottles_occluded\image_23.jpg
image_23.jpg,bottles_occluded,1418,2593,1480,2652,D:\SEM 7\CVProject\datasets\bottles_occluded\image_23.jpg
image_23.jpg,bottles_occluded,1786,2980,1847,3037,D:\SEM 7\CVProject\datasets\bottles_occluded\image_23.jpg
image_23.jpg,bottles_occluded,1634,4980,1674,5255,D:\SEM 7\CVProject\datasets\bottles_occluded\image_23.jpg
image_23.jpg,bottles_occluded,1628,2837,1655,2851,D:\SEM 7\CVProject\datasets\bottles_occluded\image_23.jpg
image_23.jpg,bottles_occluded,1056,5578,1068,5672,D:\SEM 7\CVProject\datasets\bottles_occluded\image_23.jpg
image_23.jpg,bottles_occluded,1213,2059,1250,2082,D:\SEM 7\CVProject\datasets\bottles_occluded\image_23.jpg
image_23.jpg,bottles_occluded,640,3026,884,3105,D:\SEM 7\CVProject\datasets\bottles_occluded\image_23.jpg
image_23.jpg,bottles_occluded,1465,2377,1479,2413,D:\SEM 7\CVProject\datasets\bottles_occluded\image_23.jpg
image_23.jpg,bottles_occluded,1629,3884,1650,3911,D:\SEM 7\CVProject\datasets\bottles_occluded\image_23.jpg
image_23.jpg,bottles_occluded,1614,2985,1739,3071,D:\SEM 7\CVProject\datasets\bottles_occluded\image_23.jpg
image_23.jpg,bottles_occluded,1257,2468,1320,2537,D:\SEM 7\CVProject\datasets\bottles_occluded\image_23.jpg
image_23.jpg,bottles_occluded,1206,4214,1234,4307,D:\SEM 7\CVProject\datasets\bottles_occluded\image_23.jpg
image_23.jpg,bottles_occluded,2009,4032,2030,4052,D:\SEM 7\CVProject\datasets\bottles_occluded\image_23.jpg
image_23.jpg,bottles_occluded,1026,4721,1037,4799,D:\SEM 7\CVProject\datasets\bottles_occluded\image_23.jpg
image_23.jpg,bottles_occluded,2994,3823,3067,3872,D:\SEM 7\CVProject\datasets\bottles_occluded\image_23.jpg
image_23.jpg,bottles_occluded,1706,3332,1722,3431,D:\SEM 7\CVProject\datasets\bottles_occluded\image_23.jpg
image_23.jpg,bottles_occluded,1632,3585,1663,3597,D:\SEM 7\CVProject\datasets\bottles_occluded\image_23.jpg
image_23.jpg,bottles_occluded,1845,40,4284,2642,D:\SEM 7\CVProject\datasets\bottles_occluded\image_23.jpg
image_23.jpg,bottles_occluded,1267,2719,1307,2737,D:\SEM 7\CVProject\datasets\bottles_occluded\image_23.jpg
image_23.jpg,bottles_occluded,1088,4992,1110,5011,D:\SEM 7\CVProject\datasets\bottles_occluded\image_23.jpg
image_23.jpg,bottles_occluded,1828,4787,1848,4817,D:\SEM 7\CVProject\datasets\bottles_occluded\image_23.jpg
image_23.jpg,bottles_occluded,3516,3021,4284,4032,D:\SEM 7\CVProject\datasets\bottles_occluded\image_23.jpg
image_23.jpg,bottles_occluded,1046,3925,1068,3954,D:\SEM 7\CVProject\datasets\bottles_occluded\image_23.jpg
image_23.jpg,bottles_occluded,1079,5558,1093,5603,D:\SEM 7\CVProject\datasets\bottles_occluded\image_23.jpg
image_23.jpg,bottles_occluded,40,863,326,1262,D:\SEM 7\CVProject\datasets\bottles_occluded\image_23.jpg
image_23.jpg,bottles_occluded,986,3683,1224,3921,D:\SEM 7\CVProject\datasets\bottles_occluded\image_23.jpg
image_23.jpg,bottles_occluded,1741,5478,1876,5672,D:\SEM 7\CVProject\datasets\bottles_occluded\image_23.jpg
image_23.jpg,bottles_occluded,907,1417,2091,4839,D:\SEM 7\CVProject\datasets\bottles_occluded\image_23.jpg
image_23.jpg,bottles_occluded,1748,5326,1834,5458,D:\SEM 7\CVProject\datasets\bottles_occluded\image_23.jpg
image_23.jpg,bottles_occluded,1393,3500,1646,3550,D:\SEM 7\CVProject\datasets\bottles_occluded\image_23.jpg
image_23.jpg,bottles_occluded,1722,3831,1796,3870,D:\SEM 7\CVProject\datasets\bottles_occluded\image_23.jpg
image_23.jpg,bottles_occluded,1102,5591,1142,5632,D:\SEM 7\CVProject\datasets\bottles_occluded\image_23.jpg
image_23.jpg,bottles_occluded,1696,2166,1733,2201,D:\SEM 7\CVProject\datasets\bottles_occluded\image_23.jpg
image_23.jpg,bottles_occluded,636,395,750,403,D:\SEM 7\CVProject\datasets\bottles_occluded\image_23.jpg
image_23.jpg,bottles_occluded,1094,5638,1128,5672,D:\SEM 7\CVProject\datasets\bottles_occluded\image_23.jpg
image_23.jpg,bottles_occluded,1432,4009,1815,4132,D:\SEM 7\CVProject\datasets\bottles_occluded\image_23.jpg
image_23.jpg,bottles_occluded,1070,5088,1104,5136,D:\SEM 7\CVProject\datasets\bottles_occluded\image_23.jpg
image_23.jpg,bottles_occluded,1621,3793,1672,3816,D:\SEM 7\CVProject\datasets\bottles_occluded\image_23.jpg
image_23.jpg,bottles_occluded,1070,5365,1104,5411,D:\SEM 7\CVProject\datasets\bottles_occluded\image_23.jpg
image_23.jpg,bottles_occluded,770,403,1101,428,D:\SEM 7\CVProject\datasets\bottles_occluded\image_23.jpg
image_23.jpg,bottles_occluded,1404,3835,1532,3868,D:\SEM 7\CVProject\datasets\bottles_occluded\image_23.jpg
image_24.jpg,bottles_occluded,1088,5675,1141,5712,D:\SEM 7\CVProject\datasets\bottles_occluded\image_24.jpg
image_24.jpg,bottles_occluded,126,5672,189,5712,D:\SEM 7\CVProject\datasets\bottles_occluded\image_24.jpg
image_24.jpg,bottles_occluded,3159,1406,3255,1503,D:\SEM 7\CVProject\datasets\bottles_occluded\image_24.jpg
image_24.jpg,bottles_occluded,552,889,668,990,D:\SEM 7\CVProject\datasets\bottles_occluded\image_24.jpg
image_24.jpg,bottles_occluded,3266,4283,3316,4333,D:\SEM 7\CVProject\datasets\bottles_occluded\image_24.jpg
image_24.jpg,bottles_occluded,1275,3688,1335,3745,D:\SEM 7\CVProject\datasets\bottles_occluded\image_24.jpg
image_24.jpg,bottles_occluded,220,1563,590,1711,D:\SEM 7\CVProject\datasets\bottles_occluded\image_24.jpg
image_24.jpg,bottles_occluded,2445,783,2554,905,D:\SEM 7\CVProject\datasets\bottles_occluded\image_24.jpg
image_24.jpg,bottles_occluded,1179,5647,1234,5712,D:\SEM 7\CVProject\datasets\bottles_occluded\image_24.jpg
image_24.jpg,bottles_occluded,652,899,969,1572,D:\SEM 7\CVProject\datasets\bottles_occluded\image_24.jpg
image_24.jpg,bottles_occluded,0,5331,52,5444,D:\SEM 7\CVProject\datasets\bottles_occluded\image_24.jpg
image_24.jpg,bottles_occluded,1394,5176,1495,5335,D:\SEM 7\CVProject\datasets\bottles_occluded\image_24.jpg
image_24.jpg,bottles_occluded,3538,2210,3678,2425,D:\SEM 7\CVProject\datasets\bottles_occluded\image_24.jpg
image_24.jpg,bottles_occluded,1570,1661,1834,1788,D:\SEM 7\CVProject\datasets\bottles_occluded\image_24.jpg
image_24.jpg,bottles_occluded,2046,5124,2108,5191,D:\SEM 7\CVProject\datasets\bottles_occluded\image_24.jpg
image_24.jpg,bottles_occluded,849,2079,962,2211,D:\SEM 7\CVProject\datasets\bottles_occluded\image_24.jpg
image_24.jpg,bottles_occluded,2200,924,2326,1022,D:\SEM 7\CVProject\datasets\bottles_occluded\image_24.jpg
image_24.jpg,bottles_occluded,300,1240,578,1417,D:\SEM 7\CVProject\datasets\bottles_occluded\image_24.jpg
image_24.jpg,bottles_occluded,1031,5520,1044,5557,D:\SEM 7\CVProject\datasets\bottles_occluded\image_24.jpg
image_24.jpg,bottles_occluded,1830,4540,2180,5030,D:\SEM 7\CVProject\datasets\bottles_occluded\image_24.jpg
image_24.jpg,bottles_occluded,812,3378,1004,3549,D:\SEM 7\CVProject\datasets\bottles_occluded\image_24.jpg
image_24.jpg,bottles_occluded,3979,1182,4042,1275,D:\SEM 7\CVProject\datasets\bottles_occluded\image_24.jpg
image_24.jpg,bottles_occluded,1532,5253,1598,5321,D:\SEM 7\CVProject\datasets\bottles_occluded\image_24.jpg
image_24.jpg,bottles_occluded,909,3762,1050,3918,D:\SEM 7\CVProject\datasets\bottles_occluded\image_24.jpg
image_24.jpg,bottles_occluded,2837,651,2880,701,D:\SEM 7\CVProject\datasets\bottles_occluded\image_24.jpg
image_24.jpg,bottles_occluded,1584,5389,1847,5712,D:\SEM 7\CVProject\datasets\bottles_occluded\image_24.jpg
image_24.jpg,bottles_occluded,283,5598,296,5639,D:\SEM 7\CVProject\datasets\bottles_occluded\image_24.jpg
image_24.jpg,bottles_occluded,1511,3077,1578,3142,D:\SEM 7\CVProject\datasets\bottles_occluded\image_24.jpg
image_24.jpg,bottles_occluded,399,538,929,673,D:\SEM 7\CVProject\datasets\bottles_occluded\image_24.jpg
image_24.jpg,bottles_occluded,2158,4435,2272,4550,D:\SEM 7\CVProject\datasets\bottles_occluded\image_24.jpg
image_24.jpg,bottles_occluded,555,2517,762,2775,D:\SEM 7\CVProject\datasets\bottles_occluded\image_24.jpg
image_24.jpg,bottles_occluded,49,5477,165,5645,D:\SEM 7\CVProject\datasets\bottles_occluded\image_24.jpg
image_24.jpg,bottles_occluded,0,2672,1298,5522,D:\SEM 7\CVProject\datasets\bottles_occluded\image_24.jpg
image_24.jpg,bottles_occluded,923,2256,1565,3042,D:\SEM 7\CVProject\datasets\bottles_occluded\image_24.jpg
image_24.jpg,bottles_occluded,2112,3406,2357,3582,D:\SEM 7\CVProject\datasets\bottles_occluded\image_24.jpg
image_24.jpg,bottles_occluded,841,5381,867,5459,D:\SEM 7\CVProject\datasets\bottles_occluded\image_24.jpg
image_24.jpg,bottles_occluded,40,777,248,892,D:\SEM 7\CVProject\datasets\bottles_occluded\image_24.jpg
image_24.jpg,bottles_occluded,52,5422,81,5487,D:\SEM 7\CVProject\datasets\bottles_occluded\image_24.jpg
image_24.jpg,bottles_occluded,923,5595,978,5624,D:\SEM 7\CVProject\datasets\bottles_occluded\image_24.jpg
image_24.jpg,bottles_occluded,0,0,2346,1406,D:\SEM 7\CVProject\datasets\bottles_occluded\image_24.jpg
image_24.jpg,bottles_occluded,40,204,836,586,D:\SEM 7\CVProject\datasets\bottles_occluded\image_24.jpg
image_24.jpg,bottles_occluded,3397,1727,3544,1901,D:\SEM 7\CVProject\datasets\bottles_occluded\image_24.jpg
image_24.jpg,bottles_occluded,1046,5579,1072,5624,D:\SEM 7\CVProject\datasets\bottles_occluded\image_24.jpg
image_24.jpg,bottles_occluded,40,912,184,987,D:\SEM 7\CVProject\datasets\bottles_occluded\image_24.jpg
image_24.jpg,bottles_occluded,927,5328,1093,5499,D:\SEM 7\CVProject\datasets\bottles_occluded\image_24.jpg
image_24.jpg,bottles_occluded,2427,2941,2582,3307,D:\SEM 7\CVProject\datasets\bottles_occluded\image_24.jpg
image_24.jpg,bottles_occluded,613,5434,883,5645,D:\SEM 7\CVProject\datasets\bottles_occluded\image_24.jpg
image_24.jpg,bottles_occluded,3734,1455,4073,2220,D:\SEM 7\CVProject\datasets\bottles_occluded\image_24.jpg
image_24.jpg,bottles_occluded,1380,1646,4284,4833,D:\SEM 7\CVProject\datasets\bottles_occluded\image_24.jpg
image_24.jpg,bottles_occluded,3002,392,3075,446,D:\SEM 7\CVProject\datasets\bottles_occluded\image_24.jpg
image_24.jpg,bottles_occluded,1464,3500,2612,4331,D:\SEM 7\CVProject\datasets\bottles_occluded\image_24.jpg
image_24.jpg,bottles_occluded,825,5596,843,5632,D:\SEM 7\CVProject\datasets\bottles_occluded\image_24.jpg
image_24.jpg,bottles_occluded,3483,620,4284,1025,D:\SEM 7\CVProject\datasets\bottles_occluded\image_24.jpg
image_24.jpg,bottles_occluded,4011,977,4284,1580,D:\SEM 7\CVProject\datasets\bottles_occluded\image_24.jpg
image_24.jpg,bottles_occluded,2127,3213,2215,3252,D:\SEM 7\CVProject\datasets\bottles_occluded\image_24.jpg
image_24.jpg,bottles_occluded,327,5487,603,5712,D:\SEM 7\CVProject\datasets\bottles_occluded\image_24.jpg
image_24.jpg,bottles_occluded,2794,371,3332,1089,D:\SEM 7\CVProject\datasets\bottles_occluded\image_24.jpg
image_24.jpg,bottles_occluded,2441,3456,2470,3495,D:\SEM 7\CVProject\datasets\bottles_occluded\image_24.jpg
image_24.jpg,bottles_occluded,2304,3209,2348,3256,D:\SEM 7\CVProject\datasets\bottles_occluded\image_24.jpg
image_24.jpg,bottles_occluded,2137,3334,2218,3367,D:\SEM 7\CVProject\datasets\bottles_occluded\image_24.jpg
image_24.jpg,bottles_occluded,257,5499,309,5569,D:\SEM 7\CVProject\datasets\bottles_occluded\image_24.jpg
image_24.jpg,bottles_occluded,2025,3403,2080,3432,D:\SEM 7\CVProject\datasets\bottles_occluded\image_24.jpg
image_24.jpg,bottles_occluded,3954,842,4244,1055,D:\SEM 7\CVProject\datasets\bottles_occluded\image_24.jpg
image_24.jpg,bottles_occluded,1786,3274,2108,3383,D:\SEM 7\CVProject\datasets\bottles_occluded\image_24.jpg
image_25.jpg,bottles_occluded,3404,1803,3603,2042,D:\SEM 7\CVProject\datasets\bottles_occluded\image_25.jpg
image_25.jpg,bottles_occluded,1411,2073,1503,2143,D:\SEM 7\CVProject\datasets\bottles_occluded\image_25.jpg
image_25.jpg,bottles_occluded,1745,1914,1945,2002,D:\SEM 7\CVProject\datasets\bottles_occluded\image_25.jpg
image_25.jpg,bottles_occluded,1206,5631,1218,5672,D:\SEM 7\CVProject\datasets\bottles_occluded\image_25.jpg
image_25.jpg,bottles_occluded,2258,1990,2275,2016,D:\SEM 7\CVProject\datasets\bottles_occluded\image_25.jpg
image_25.jpg,bottles_occluded,0,40,2992,3750,D:\SEM 7\CVProject\datasets\bottles_occluded\image_25.jpg
image_25.jpg,bottles_occluded,1141,4114,2148,4601,D:\SEM 7\CVProject\datasets\bottles_occluded\image_25.jpg
image_25.jpg,bottles_occluded,2013,5536,2032,5620,D:\SEM 7\CVProject\datasets\bottles_occluded\image_25.jpg
image_25.jpg,bottles_occluded,2160,3221,2180,3246,D:\SEM 7\CVProject\datasets\bottles_occluded\image_25.jpg
image_25.jpg,bottles_occluded,1250,5030,1272,5055,D:\SEM 7\CVProject\datasets\bottles_occluded\image_25.jpg
image_25.jpg,bottles_occluded,4042,2271,4253,2445,D:\SEM 7\CVProject\datasets\bottles_occluded\image_25.jpg
image_25.jpg,bottles_occluded,1181,5379,1194,5422,D:\SEM 7\CVProject\datasets\bottles_occluded\image_25.jpg
image_25.jpg,bottles_occluded,1242,4596,1386,4704,D:\SEM 7\CVProject\datasets\bottles_occluded\image_25.jpg
image_25.jpg,bottles_occluded,1242,3162,1264,3233,D:\SEM 7\CVProject\datasets\bottles_occluded\image_25.jpg
image_25.jpg,bottles_occluded,1276,5172,1331,5190,D:\SEM 7\CVProject\datasets\bottles_occluded\image_25.jpg
image_25.jpg,bottles_occluded,1148,4054,1228,4160,D:\SEM 7\CVProject\datasets\bottles_occluded\image_25.jpg
image_25.jpg,bottles_occluded,1758,3194,1848,3202,D:\SEM 7\CVProject\datasets\bottles_occluded\image_25.jpg
image_25.jpg,bottles_occluded,1391,3206,1448,3228,D:\SEM 7\CVProject\datasets\bottles_occluded\image_25.jpg
image_25.jpg,bottles_occluded,1162,4589,1182,4635,D:\SEM 7\CVProject\datasets\bottles_occluded\image_25.jpg
image_25.jpg,bottles_occluded,2239,5265,3403,5672,D:\SEM 7\CVProject\datasets\bottles_occluded\image_25.jpg
image_25.jpg,bottles_occluded,1198,5535,1211,5601,D:\SEM 7\CVProject\datasets\bottles_occluded\image_25.jpg
image_25.jpg,bottles_occluded,1929,2337,3868,3315,D:\SEM 7\CVProject\datasets\bottles_occluded\image_25.jpg
image_25.jpg,bottles_occluded,1350,1884,1608,1987,D:\SEM 7\CVProject\datasets\bottles_occluded\image_25.jpg
image_25.jpg,bottles_occluded,2079,3242,2131,3259,D:\SEM 7\CVProject\datasets\bottles_occluded\image_25.jpg
image_25.jpg,bottles_occluded,1443,1885,1492,1900,D:\SEM 7\CVProject\datasets\bottles_occluded\image_25.jpg
image_25.jpg,bottles_occluded,1284,3328,1304,3409,D:\SEM 7\CVProject\datasets\bottles_occluded\image_25.jpg
image_25.jpg,bottles_occluded,1286,4917,1326,4944,D:\SEM 7\CVProject\datasets\bottles_occluded\image_25.jpg
image_25.jpg,bottles_occluded,1294,1926,1326,1942,D:\SEM 7\CVProject\datasets\bottles_occluded\image_25.jpg
image_25.jpg,bottles_occluded,1302,3269,1452,3332,D:\SEM 7\CVProject\datasets\bottles_occluded\image_25.jpg
image_25.jpg,bottles_occluded,1405,1719,1434,1755,D:\SEM 7\CVProject\datasets\bottles_occluded\image_25.jpg
image_25.jpg,bottles_occluded,1179,3777,1331,3865,D:\SEM 7\CVProject\datasets\bottles_occluded\image_25.jpg
image_25.jpg,bottles_occluded,1293,5619,1357,5653,D:\SEM 7\CVProject\datasets\bottles_occluded\image_25.jpg
image_25.jpg,bottles_occluded,1256,5070,1372,5125,D:\SEM 7\CVProject\datasets\bottles_occluded\image_25.jpg
image_25.jpg,bottles_occluded,1290,2100,1483,2200,D:\SEM 7\CVProject\datasets\bottles_occluded\image_25.jpg
image_25.jpg,bottles_occluded,1260,5348,1363,5407,D:\SEM 7\CVProject\datasets\bottles_occluded\image_25.jpg
image_26.jpg,bottles_occluded,2492,2648,2562,2721,D:\SEM 7\CVProject\datasets\bottles_occluded\image_26.jpg
image_26.jpg,bottles_occluded,0,2453,34,2508,D:\SEM 7\CVProject\datasets\bottles_occluded\image_26.jpg
image_26.jpg,bottles_occluded,0,1303,48,1405,D:\SEM 7\CVProject\datasets\bottles_occluded\image_26.jpg
image_26.jpg,bottles_occluded,1577,0,1784,181,D:\SEM 7\CVProject\datasets\bottles_occluded\image_26.jpg
image_26.jpg,bottles_occluded,1312,1280,1438,1421,D:\SEM 7\CVProject\datasets\bottles_occluded\image_26.jpg
image_26.jpg,bottles_occluded,21,2757,328,3103,D:\SEM 7\CVProject\datasets\bottles_occluded\image_26.jpg
image_26.jpg,bottles_occluded,1527,897,1655,1028,D:\SEM 7\CVProject\datasets\bottles_occluded\image_26.jpg
image_26.jpg,bottles_occluded,2035,5232,2066,5269,D:\SEM 7\CVProject\datasets\bottles_occluded\image_26.jpg
image_26.jpg,bottles_occluded,1420,939,1490,1018,D:\SEM 7\CVProject\datasets\bottles_occluded\image_26.jpg
image_26.jpg,bottles_occluded,2779,1877,3180,1986,D:\SEM 7\CVProject\datasets\bottles_occluded\image_26.jpg
image_26.jpg,bottles_occluded,826,4989,908,5088,D:\SEM 7\CVProject\datasets\bottles_occluded\image_26.jpg
image_26.jpg,bottles_occluded,2069,2375,2142,2412,D:\SEM 7\CVProject\datasets\bottles_occluded\image_26.jpg
image_26.jpg,bottles_occluded,0,1429,70,1724,D:\SEM 7\CVProject\datasets\bottles_occluded\image_26.jpg
image_26.jpg,bottles_occluded,0,3846,200,4062,D:\SEM 7\CVProject\datasets\bottles_occluded\image_26.jpg
image_26.jpg,bottles_occluded,1741,5154,1788,5170,D:\SEM 7\CVProject\datasets\bottles_occluded\image_26.jpg
image_26.jpg,bottles_occluded,2128,4632,2152,4667,D:\SEM 7\CVProject\datasets\bottles_occluded\image_26.jpg
image_26.jpg,bottles_occluded,1106,441,1309,1061,D:\SEM 7\CVProject\datasets\bottles_occluded\image_26.jpg
image_26.jpg,bottles_occluded,149,1432,422,1798,D:\SEM 7\CVProject\datasets\bottles_occluded\image_26.jpg
image_26.jpg,bottles_occluded,0,1667,4284,5712,D:\SEM 7\CVProject\datasets\bottles_occluded\image_26.jpg
image_26.jpg,bottles_occluded,2358,1950,2547,2291,D:\SEM 7\CVProject\datasets\bottles_occluded\image_26.jpg
image_26.jpg,bottles_occluded,2071,2406,2251,2479,D:\SEM 7\CVProject\datasets\bottles_occluded\image_26.jpg
image_26.jpg,bottles_occluded,2093,2597,2117,2644,D:\SEM 7\CVProject\datasets\bottles_occluded\image_26.jpg
image_26.jpg,bottles_occluded,1066,5440,1088,5471,D:\SEM 7\CVProject\datasets\bottles_occluded\image_26.jpg
image_26.jpg,bottles_occluded,0,603,723,833,D:\SEM 7\CVProject\datasets\bottles_occluded\image_26.jpg
image_26.jpg,bottles_occluded,1690,2393,1814,2492,D:\SEM 7\CVProject\datasets\bottles_occluded\image_26.jpg
image_26.jpg,bottles_occluded,452,4844,727,5166,D:\SEM 7\CVProject\datasets\bottles_occluded\image_26.jpg
image_26.jpg,bottles_occluded,1342,5377,1696,5672,D:\SEM 7\CVProject\datasets\bottles_occluded\image_26.jpg
image_26.jpg,bottles_occluded,2153,4752,2197,4767,D:\SEM 7\CVProject\datasets\bottles_occluded\image_26.jpg
image_26.jpg,bottles_occluded,2238,4852,2370,5025,D:\SEM 7\CVProject\datasets\bottles_occluded\image_26.jpg
image_26.jpg,bottles_occluded,2320,5142,2353,5179,D:\SEM 7\CVProject\datasets\bottles_occluded\image_26.jpg
image_26.jpg,bottles_occluded,1855,2436,2052,2502,D:\SEM 7\CVProject\datasets\bottles_occluded\image_26.jpg
image_26.jpg,bottles_occluded,1286,5594,1368,5711,D:\SEM 7\CVProject\datasets\bottles_occluded\image_26.jpg
image_26.jpg,bottles_occluded,3063,1963,3755,3048,D:\SEM 7\CVProject\datasets\bottles_occluded\image_26.jpg
image_26.jpg,bottles_occluded,2140,5229,2206,5260,D:\SEM 7\CVProject\datasets\bottles_occluded\image_26.jpg
image_26.jpg,bottles_occluded,1805,4929,2255,5204,D:\SEM 7\CVProject\datasets\bottles_occluded\image_26.jpg
image_27.jpg,bottles_occluded,1382,0,1431,33,D:\SEM 7\CVProject\datasets\bottles_occluded\image_27.jpg
image_27.jpg,bottles_occluded,0,2429,29,2486,D:\SEM 7\CVProject\datasets\bottles_occluded\image_27.jpg
image_27.jpg,bottles_occluded,2570,2002,2668,2103,D:\SEM 7\CVProject\datasets\bottles_occluded\image_27.jpg
image_27.jpg,bottles_occluded,1250,1804,1322,2006,D:\SEM 7\CVProject\datasets\bottles_occluded\image_27.jpg
image_27.jpg,bottles_occluded,2998,495,3024,548,D:\SEM 7\CVProject\datasets\bottles_occluded\image_27.jpg
image_27.jpg,bottles_occluded,575,3022,706,3145,D:\SEM 7\CVProject\datasets\bottles_occluded\image_27.jpg
image_27.jpg,bottles_occluded,2458,2960,2559,3059,D:\SEM 7\CVProject\datasets\bottles_occluded\image_27.jpg
image_27.jpg,bottles_occluded,1440,528,1673,758,D:\SEM 7\CVProject\datasets\bottles_occluded\image_27.jpg
image_27.jpg,bottles_occluded,1424,932,1482,988,D:\SEM 7\CVProject\datasets\bottles_occluded\image_27.jpg
image_27.jpg,bottles_occluded,1234,1456,1293,1525,D:\SEM 7\CVProject\datasets\bottles_occluded\image_27.jpg
image_27.jpg,bottles_occluded,388,3500,444,3560,D:\SEM 7\CVProject\datasets\bottles_occluded\image_27.jpg
image_27.jpg,bottles_occluded,1626,900,1862,1043,D:\SEM 7\CVProject\datasets\bottles_occluded\image_27.jpg
image_27.jpg,bottles_occluded,263,3458,348,3579,D:\SEM 7\CVProject\datasets\bottles_occluded\image_27.jpg
image_27.jpg,bottles_occluded,2746,2960,2789,2984,D:\SEM 7\CVProject\datasets\bottles_occluded\image_27.jpg
image_27.jpg,bottles_occluded,2362,3048,2436,3122,D:\SEM 7\CVProject\datasets\bottles_occluded\image_27.jpg
image_27.jpg,bottles_occluded,314,3364,369,3433,D:\SEM 7\CVProject\datasets\bottles_occluded\image_27.jpg
image_27.jpg,bottles_occluded,636,3663,702,3741,D:\SEM 7\CVProject\datasets\bottles_occluded\image_27.jpg
image_27.jpg,bottles_occluded,836,3818,921,3887,D:\SEM 7\CVProject\datasets\bottles_occluded\image_27.jpg
image_27.jpg,bottles_occluded,2594,2490,2984,3014,D:\SEM 7\CVProject\datasets\bottles_occluded\image_27.jpg
image_27.jpg,bottles_occluded,2778,69,2885,220,D:\SEM 7\CVProject\datasets\bottles_occluded\image_27.jpg
image_27.jpg,bottles_occluded,572,3373,628,3441,D:\SEM 7\CVProject\datasets\bottles_occluded\image_27.jpg
image_27.jpg,bottles_occluded,352,3569,460,3671,D:\SEM 7\CVProject\datasets\bottles_occluded\image_27.jpg
image_27.jpg,bottles_occluded,1992,140,2072,226,D:\SEM 7\CVProject\datasets\bottles_occluded\image_27.jpg
image_27.jpg,bottles_occluded,0,0,2206,3961,D:\SEM 7\CVProject\datasets\bottles_occluded\image_27.jpg
image_27.jpg,bottles_occluded,2216,2423,2500,2564,D:\SEM 7\CVProject\datasets\bottles_occluded\image_27.jpg
image_27.jpg,bottles_occluded,1215,1209,1807,1422,D:\SEM 7\CVProject\datasets\bottles_occluded\image_27.jpg
image_28.jpg,bottles_occluded,2190,40,2412,181,D:\SEM 7\CVProject\datasets\bottles_occluded\image_28.jpg
image_28.jpg,bottles_occluded,0,0,1348,482,D:\SEM 7\CVProject\datasets\bottles_occluded\image_28.jpg
image_28.jpg,bottles_occluded,732,835,797,886,D:\SEM 7\CVProject\datasets\bottles_occluded\image_28.jpg
image_28.jpg,bottles_occluded,3270,1032,3320,1083,D:\SEM 7\CVProject\datasets\bottles_occluded\image_28.jpg
image_28.jpg,bottles_occluded,1451,1652,1508,1717,D:\SEM 7\CVProject\datasets\bottles_occluded\image_28.jpg
image_28.jpg,bottles_occluded,128,1944,185,2004,D:\SEM 7\CVProject\datasets\bottles_occluded\image_28.jpg
image_28.jpg,bottles_occluded,2888,944,2922,960,D:\SEM 7\CVProject\datasets\bottles_occluded\image_28.jpg
image_28.jpg,bottles_occluded,1947,2659,2000,2709,D:\SEM 7\CVProject\datasets\bottles_occluded\image_28.jpg
image_28.jpg,bottles_occluded,1019,2764,1080,2842,D:\SEM 7\CVProject\datasets\bottles_occluded\image_28.jpg
image_28.jpg,bottles_occluded,1234,1635,1361,1789,D:\SEM 7\CVProject\datasets\bottles_occluded\image_28.jpg
image_28.jpg,bottles_occluded,3460,1204,4006,1840,D:\SEM 7\CVProject\datasets\bottles_occluded\image_28.jpg
image_28.jpg,bottles_occluded,635,1198,755,1376,D:\SEM 7\CVProject\datasets\bottles_occluded\image_28.jpg
image_28.jpg,bottles_occluded,2871,1826,2905,1838,D:\SEM 7\CVProject\datasets\bottles_occluded\image_28.jpg
image_28.jpg,bottles_occluded,694,2537,764,2588,D:\SEM 7\CVProject\datasets\bottles_occluded\image_28.jpg
image_28.jpg,bottles_occluded,656,2481,716,2530,D:\SEM 7\CVProject\datasets\bottles_occluded\image_28.jpg
image_28.jpg,bottles_occluded,3176,1796,3221,1815,D:\SEM 7\CVProject\datasets\bottles_occluded\image_28.jpg
image_28.jpg,bottles_occluded,214,1163,270,1220,D:\SEM 7\CVProject\datasets\bottles_occluded\image_28.jpg
image_28.jpg,bottles_occluded,900,1092,925,1114,D:\SEM 7\CVProject\datasets\bottles_occluded\image_28.jpg
image_28.jpg,bottles_occluded,3011,1913,3079,1960,D:\SEM 7\CVProject\datasets\bottles_occluded\image_28.jpg
image_28.jpg,bottles_occluded,951,1132,1090,1369,D:\SEM 7\CVProject\datasets\bottles_occluded\image_28.jpg
image_28.jpg,bottles_occluded,492,1788,518,1803,D:\SEM 7\CVProject\datasets\bottles_occluded\image_28.jpg
image_28.jpg,bottles_occluded,810,2651,874,2737,D:\SEM 7\CVProject\datasets\bottles_occluded\image_28.jpg
image_28.jpg,bottles_occluded,378,1648,481,1691,D:\SEM 7\CVProject\datasets\bottles_occluded\image_28.jpg
image_28.jpg,bottles_occluded,1142,1088,1168,1108,D:\SEM 7\CVProject\datasets\bottles_occluded\image_28.jpg
image_28.jpg,bottles_occluded,999,932,2927,2346,D:\SEM 7\CVProject\datasets\bottles_occluded\image_28.jpg
image_28.jpg,bottles_occluded,124,2285,212,2357,D:\SEM 7\CVProject\datasets\bottles_occluded\image_28.jpg
image_28.jpg,bottles_occluded,1050,959,1186,1049,D:\SEM 7\CVProject\datasets\bottles_occluded\image_28.jpg
image_28.jpg,bottles_occluded,906,2051,954,2098,D:\SEM 7\CVProject\datasets\bottles_occluded\image_28.jpg
image_28.jpg,bottles_occluded,919,2012,954,2042,D:\SEM 7\CVProject\datasets\bottles_occluded\image_28.jpg
image_28.jpg,bottles_occluded,386,1009,486,1073,D:\SEM 7\CVProject\datasets\bottles_occluded\image_28.jpg
image_28.jpg,bottles_occluded,1265,1905,1390,1921,D:\SEM 7\CVProject\datasets\bottles_occluded\image_28.jpg
image_28.jpg,bottles_occluded,800,2770,891,2841,D:\SEM 7\CVProject\datasets\bottles_occluded\image_28.jpg
image_28.jpg,bottles_occluded,1065,2607,1128,2677,D:\SEM 7\CVProject\datasets\bottles_occluded\image_28.jpg
image_28.jpg,bottles_occluded,332,1196,494,1490,D:\SEM 7\CVProject\datasets\bottles_occluded\image_28.jpg
image_28.jpg,bottles_occluded,1434,378,3516,864,D:\SEM 7\CVProject\datasets\bottles_occluded\image_28.jpg
image_28.jpg,bottles_occluded,3796,0,4032,423,D:\SEM 7\CVProject\datasets\bottles_occluded\image_28.jpg
image_28.jpg,bottles_occluded,1262,1069,1332,1077,D:\SEM 7\CVProject\datasets\bottles_occluded\image_28.jpg
image_28.jpg,bottles_occluded,1839,2731,2043,3019,D:\SEM 7\CVProject\datasets\bottles_occluded\image_28.jpg
image_28.jpg,bottles_occluded,406,1788,482,1807,D:\SEM 7\CVProject\datasets\bottles_occluded\image_28.jpg
image_28.jpg,bottles_occluded,530,609,800,769,D:\SEM 7\CVProject\datasets\bottles_occluded\image_28.jpg
image_28.jpg,bottles_occluded,1645,2453,1712,2553,D:\SEM 7\CVProject\datasets\bottles_occluded\image_28.jpg
image_28.jpg,bottles_occluded,733,1996,809,2132,D:\SEM 7\CVProject\datasets\bottles_occluded\image_28.jpg
image_28.jpg,bottles_occluded,371,2560,432,2571,D:\SEM 7\CVProject\datasets\bottles_occluded\image_28.jpg
image_28.jpg,bottles_occluded,692,1055,774,1155,D:\SEM 7\CVProject\datasets\bottles_occluded\image_28.jpg
image_28.jpg,bottles_occluded,1910,2390,2043,2550,D:\SEM 7\CVProject\datasets\bottles_occluded\image_28.jpg
image_28.jpg,bottles_occluded,41,1415,71,1456,D:\SEM 7\CVProject\datasets\bottles_occluded\image_28.jpg
image_28.jpg,bottles_occluded,936,2125,963,2157,D:\SEM 7\CVProject\datasets\bottles_occluded\image_28.jpg
image_28.jpg,bottles_occluded,1170,1206,1360,1340,D:\SEM 7\CVProject\datasets\bottles_occluded\image_28.jpg
image_28.jpg,bottles_occluded,226,1097,262,1132,D:\SEM 7\CVProject\datasets\bottles_occluded\image_28.jpg
image_28.jpg,bottles_occluded,3545,2894,3615,2912,D:\SEM 7\CVProject\datasets\bottles_occluded\image_28.jpg
image_28.jpg,bottles_occluded,3196,1154,3218,1207,D:\SEM 7\CVProject\datasets\bottles_occluded\image_28.jpg
image_28.jpg,bottles_occluded,1556,2650,1611,2726,D:\SEM 7\CVProject\datasets\bottles_occluded\image_28.jpg
image_28.jpg,bottles_occluded,190,1433,316,1571,D:\SEM 7\CVProject\datasets\bottles_occluded\image_28.jpg
image_28.jpg,bottles_occluded,1786,2694,1826,2843,D:\SEM 7\CVProject\datasets\bottles_occluded\image_28.jpg
image_28.jpg,bottles_occluded,3216,1149,3252,1202,D:\SEM 7\CVProject\datasets\bottles_occluded\image_28.jpg
image_28.jpg,bottles_occluded,724,2117,776,2145,D:\SEM 7\CVProject\datasets\bottles_occluded\image_28.jpg
image_28.jpg,bottles_occluded,1378,1200,1506,1277,D:\SEM 7\CVProject\datasets\bottles_occluded\image_28.jpg
image_28.jpg,bottles_occluded,2959,1160,2987,1229,D:\SEM 7\CVProject\datasets\bottles_occluded\image_28.jpg
image_28.jpg,bottles_occluded,3373,1702,3469,1781,D:\SEM 7\CVProject\datasets\bottles_occluded\image_28.jpg
image_28.jpg,bottles_occluded,125,1656,185,1737,D:\SEM 7\CVProject\datasets\bottles_occluded\image_28.jpg
image_29.jpg,bottles_occluded,139,3092,190,3152,D:\SEM 7\CVProject\datasets\bottles_occluded\image_29.jpg
image_29.jpg,bottles_occluded,1297,0,1346,29,D:\SEM 7\CVProject\datasets\bottles_occluded\image_29.jpg
image_29.jpg,bottles_occluded,1072,0,1121,30,D:\SEM 7\CVProject\datasets\bottles_occluded\image_29.jpg
image_29.jpg,bottles_occluded,927,1184,976,1235,D:\SEM 7\CVProject\datasets\bottles_occluded\image_29.jpg
image_29.jpg,bottles_occluded,608,186,661,249,D:\SEM 7\CVProject\datasets\bottles_occluded\image_29.jpg
image_29.jpg,bottles_occluded,1694,3315,1723,3350,D:\SEM 7\CVProject\datasets\bottles_occluded\image_29.jpg
image_29.jpg,bottles_occluded,15,3242,64,3291,D:\SEM 7\CVProject\datasets\bottles_occluded\image_29.jpg
image_29.jpg,bottles_occluded,990,0,1039,46,D:\SEM 7\CVProject\datasets\bottles_occluded\image_29.jpg
image_29.jpg,bottles_occluded,439,802,494,856,D:\SEM 7\CVProject\datasets\bottles_occluded\image_29.jpg
image_29.jpg,bottles_occluded,502,1097,566,1164,D:\SEM 7\CVProject\datasets\bottles_occluded\image_29.jpg
image_29.jpg,bottles_occluded,943,1074,992,1129,D:\SEM 7\CVProject\datasets\bottles_occluded\image_29.jpg
image_29.jpg,bottles_occluded,746,208,812,262,D:\SEM 7\CVProject\datasets\bottles_occluded\image_29.jpg
image_29.jpg,bottles_occluded,844,500,926,578,D:\SEM 7\CVProject\datasets\bottles_occluded\image_29.jpg
image_29.jpg,bottles_occluded,915,51,976,108,D:\SEM 7\CVProject\datasets\bottles_occluded\image_29.jpg
image_29.jpg,bottles_occluded,1094,210,1148,266,D:\SEM 7\CVProject\datasets\bottles_occluded\image_29.jpg
image_29.jpg,bottles_occluded,374,2575,436,2629,D:\SEM 7\CVProject\datasets\bottles_occluded\image_29.jpg
image_29.jpg,bottles_occluded,526,3780,580,3841,D:\SEM 7\CVProject\datasets\bottles_occluded\image_29.jpg
image_29.jpg,bottles_occluded,949,256,1009,305,D:\SEM 7\CVProject\datasets\bottles_occluded\image_29.jpg
image_29.jpg,bottles_occluded,2139,2946,2221,3005,D:\SEM 7\CVProject\datasets\bottles_occluded\image_29.jpg
image_29.jpg,bottles_occluded,510,338,566,398,D:\SEM 7\CVProject\datasets\bottles_occluded\image_29.jpg
image_29.jpg,bottles_occluded,856,251,914,320,D:\SEM 7\CVProject\datasets\bottles_occluded\image_29.jpg
image_29.jpg,bottles_occluded,487,2750,582,2829,D:\SEM 7\CVProject\datasets\bottles_occluded\image_29.jpg
image_29.jpg,bottles_occluded,1135,11,1337,146,D:\SEM 7\CVProject\datasets\bottles_occluded\image_29.jpg
image_29.jpg,bottles_occluded,547,2528,600,2586,D:\SEM 7\CVProject\datasets\bottles_occluded\image_29.jpg
image_29.jpg,bottles_occluded,2327,2431,2727,2962,D:\SEM 7\CVProject\datasets\bottles_occluded\image_29.jpg
image_29.jpg,bottles_occluded,377,3510,486,3585,D:\SEM 7\CVProject\datasets\bottles_occluded\image_29.jpg
image_29.jpg,bottles_occluded,1014,616,1600,1261,D:\SEM 7\CVProject\datasets\bottles_occluded\image_29.jpg
image_29.jpg,bottles_occluded,987,3922,1053,3989,D:\SEM 7\CVProject\datasets\bottles_occluded\image_29.jpg
image_29.jpg,bottles_occluded,1074,3912,1137,3981,D:\SEM 7\CVProject\datasets\bottles_occluded\image_29.jpg
image_29.jpg,bottles_occluded,593,3339,647,3418,D:\SEM 7\CVProject\datasets\bottles_occluded\image_29.jpg
image_29.jpg,bottles_occluded,1396,66,1475,208,D:\SEM 7\CVProject\datasets\bottles_occluded\image_29.jpg
image_29.jpg,bottles_occluded,2798,204,3024,2038,D:\SEM 7\CVProject\datasets\bottles_occluded\image_29.jpg
image_29.jpg,bottles_occluded,291,2736,366,2839,D:\SEM 7\CVProject\datasets\bottles_occluded\image_29.jpg
image_29.jpg,bottles_occluded,449,3261,464,3296,D:\SEM 7\CVProject\datasets\bottles_occluded\image_29.jpg
image_29.jpg,bottles_occluded,0,0,2328,4032,D:\SEM 7\CVProject\datasets\bottles_occluded\image_29.jpg
image_29.jpg,bottles_occluded,126,2522,215,2553,D:\SEM 7\CVProject\datasets\bottles_occluded\image_29.jpg
image_3.jpg,bottles_occluded,46,3999,103,4032,D:\SEM 7\CVProject\datasets\bottles_occluded\image_3.jpg
image_3.jpg,bottles_occluded,2505,2560,2527,2579,D:\SEM 7\CVProject\datasets\bottles_occluded\image_3.jpg
image_3.jpg,bottles_occluded,0,3644,389,4018,D:\SEM 7\CVProject\datasets\bottles_occluded\image_3.jpg
image_3.jpg,bottles_occluded,1028,765,1082,818,D:\SEM 7\CVProject\datasets\bottles_occluded\image_3.jpg
image_3.jpg,bottles_occluded,653,0,968,40,D:\SEM 7\CVProject\datasets\bottles_occluded\image_3.jpg
image_3.jpg,bottles_occluded,750,2546,803,2601,D:\SEM 7\CVProject\datasets\bottles_occluded\image_3.jpg
image_3.jpg,bottles_occluded,471,294,954,775,D:\SEM 7\CVProject\datasets\bottles_occluded\image_3.jpg
image_3.jpg,bottles_occluded,1051,923,1074,986,D:\SEM 7\CVProject\datasets\bottles_occluded\image_3.jpg
image_3.jpg,bottles_occluded,126,673,2650,2238,D:\SEM 7\CVProject\datasets\bottles_occluded\image_3.jpg
image_3.jpg,bottles_occluded,2628,2792,2657,2819,D:\SEM 7\CVProject\datasets\bottles_occluded\image_3.jpg
image_3.jpg,bottles_occluded,345,1067,384,1113,D:\SEM 7\CVProject\datasets\bottles_occluded\image_3.jpg
image_3.jpg,bottles_occluded,2694,827,2716,863,D:\SEM 7\CVProject\datasets\bottles_occluded\image_3.jpg
image_3.jpg,bottles_occluded,2680,2661,2764,2720,D:\SEM 7\CVProject\datasets\bottles_occluded\image_3.jpg
image_3.jpg,bottles_occluded,985,837,1009,879,D:\SEM 7\CVProject\datasets\bottles_occluded\image_3.jpg
image_3.jpg,bottles_occluded,2680,3584,2705,3603,D:\SEM 7\CVProject\datasets\bottles_occluded\image_3.jpg
image_3.jpg,bottles_occluded,1135,1086,1157,1113,D:\SEM 7\CVProject\datasets\bottles_occluded\image_3.jpg
image_3.jpg,bottles_occluded,532,790,581,815,D:\SEM 7\CVProject\datasets\bottles_occluded\image_3.jpg
image_3.jpg,bottles_occluded,2300,3363,2341,3392,D:\SEM 7\CVProject\datasets\bottles_occluded\image_3.jpg
image_3.jpg,bottles_occluded,1981,2692,2320,2965,D:\SEM 7\CVProject\datasets\bottles_occluded\image_3.jpg
image_3.jpg,bottles_occluded,2597,3715,2640,3766,D:\SEM 7\CVProject\datasets\bottles_occluded\image_3.jpg
image_30.jpg,bottles_occluded,0,3520,35,3572,D:\SEM 7\CVProject\datasets\bottles_occluded\image_30.jpg
image_30.jpg,bottles_occluded,0,0,159,311,D:\SEM 7\CVProject\datasets\bottles_occluded\image_30.jpg
image_30.jpg,bottles_occluded,1999,994,2345,1309,D:\SEM 7\CVProject\datasets\bottles_occluded\image_30.jpg
image_30.jpg,bottles_occluded,737,2203,786,2285,D:\SEM 7\CVProject\datasets\bottles_occluded\image_30.jpg
image_30.jpg,bottles_occluded,0,3165,876,3862,D:\SEM 7\CVProject\datasets\bottles_occluded\image_30.jpg
image_30.jpg,bottles_occluded,2608,3423,2644,3482,D:\SEM 7\CVProject\datasets\bottles_occluded\image_30.jpg
image_30.jpg,bottles_occluded,1249,2133,1260,2182,D:\SEM 7\CVProject\datasets\bottles_occluded\image_30.jpg
image_30.jpg,bottles_occluded,2403,3808,2449,3825,D:\SEM 7\CVProject\datasets\bottles_occluded\image_30.jpg
image_30.jpg,bottles_occluded,1908,3763,2377,3836,D:\SEM 7\CVProject\datasets\bottles_occluded\image_30.jpg
image_30.jpg,bottles_occluded,964,2179,1076,2306,D:\SEM 7\CVProject\datasets\bottles_occluded\image_30.jpg
image_30.jpg,bottles_occluded,877,1829,969,1904,D:\SEM 7\CVProject\datasets\bottles_occluded\image_30.jpg
image_30.jpg,bottles_occluded,976,1722,1047,1778,D:\SEM 7\CVProject\datasets\bottles_occluded\image_30.jpg
image_30.jpg,bottles_occluded,2377,3464,2449,3503,D:\SEM 7\CVProject\datasets\bottles_occluded\image_30.jpg
image_30.jpg,bottles_occluded,2788,3282,2969,3412,D:\SEM 7\CVProject\datasets\bottles_occluded\image_30.jpg
image_30.jpg,bottles_occluded,654,1352,748,1602,D:\SEM 7\CVProject\datasets\bottles_occluded\image_30.jpg
image_30.jpg,bottles_occluded,1098,1213,2837,3703,D:\SEM 7\CVProject\datasets\bottles_occluded\image_30.jpg
image_30.jpg,bottles_occluded,0,366,1181,688,D:\SEM 7\CVProject\datasets\bottles_occluded\image_30.jpg
image_30.jpg,bottles_occluded,2873,3622,2945,3667,D:\SEM 7\CVProject\datasets\bottles_occluded\image_30.jpg
image_30.jpg,bottles_occluded,1013,2046,1038,2088,D:\SEM 7\CVProject\datasets\bottles_occluded\image_30.jpg
image_30.jpg,bottles_occluded,838,2292,973,2424,D:\SEM 7\CVProject\datasets\bottles_occluded\image_30.jpg
image_30.jpg,bottles_occluded,816,1912,891,1928,D:\SEM 7\CVProject\datasets\bottles_occluded\image_30.jpg
image_30.jpg,bottles_occluded,1037,2052,1060,2092,D:\SEM 7\CVProject\datasets\bottles_occluded\image_30.jpg
image_30.jpg,bottles_occluded,966,2036,991,2076,D:\SEM 7\CVProject\datasets\bottles_occluded\image_30.jpg
image_30.jpg,bottles_occluded,990,2040,1014,2080,D:\SEM 7\CVProject\datasets\bottles_occluded\image_30.jpg
image_30.jpg,bottles_occluded,963,1975,1005,2012,D:\SEM 7\CVProject\datasets\bottles_occluded\image_30.jpg
image_30.jpg,bottles_occluded,918,2031,964,2071,D:\SEM 7\CVProject\datasets\bottles_occluded\image_30.jpg
image_30.jpg,bottles_occluded,880,1961,908,2000,D:\SEM 7\CVProject\datasets\bottles_occluded\image_30.jpg
image_30.jpg,bottles_occluded,1084,2179,1103,2218,D:\SEM 7\CVProject\datasets\bottles_occluded\image_30.jpg
image_30.jpg,bottles_occluded,886,2027,919,2066,D:\SEM 7\CVProject\datasets\bottles_occluded\image_30.jpg
image_30.jpg,bottles_occluded,904,1965,960,2005,D:\SEM 7\CVProject\datasets\bottles_occluded\image_30.jpg
image_30.jpg,bottles_occluded,930,2014,1064,2046,D:\SEM 7\CVProject\datasets\bottles_occluded\image_30.jpg
image_30.jpg,bottles_occluded,1050,1977,1082,2030,D:\SEM 7\CVProject\datasets\bottles_occluded\image_30.jpg
image_30.jpg,bottles_occluded,1007,1980,1048,2022,D:\SEM 7\CVProject\datasets\bottles_occluded\image_30.jpg
image_30.jpg,bottles_occluded,1714,3791,1858,3887,D:\SEM 7\CVProject\datasets\bottles_occluded\image_30.jpg
image_30.jpg,bottles_occluded,887,2098,972,2119,D:\SEM 7\CVProject\datasets\bottles_occluded\image_30.jpg
image_30.jpg,bottles_occluded,811,1925,880,1996,D:\SEM 7\CVProject\datasets\bottles_occluded\image_30.jpg
image_31.jpg,bottles_occluded,1175,1439,1240,1496,D:\SEM 7\CVProject\datasets\bottles_occluded\image_31.jpg
image_31.jpg,bottles_occluded,0,3391,1182,4032,D:\SEM 7\CVProject\datasets\bottles_occluded\image_31.jpg
image_31.jpg,bottles_occluded,72,2427,356,2626,D:\SEM 7\CVProject\datasets\bottles_occluded\image_31.jpg
image_31.jpg,bottles_occluded,902,1488,955,1545,D:\SEM 7\CVProject\datasets\bottles_occluded\image_31.jpg
image_31.jpg,bottles_occluded,941,1643,1015,1717,D:\SEM 7\CVProject\datasets\bottles_occluded\image_31.jpg
image_31.jpg,bottles_occluded,888,33,1604,800,D:\SEM 7\CVProject\datasets\bottles_occluded\image_31.jpg
image_31.jpg,bottles_occluded,0,0,424,489,D:\SEM 7\CVProject\datasets\bottles_occluded\image_31.jpg
image_31.jpg,bottles_occluded,2939,3731,2971,3745,D:\SEM 7\CVProject\datasets\bottles_occluded\image_31.jpg
image_31.jpg,bottles_occluded,2577,40,2984,418,D:\SEM 7\CVProject\datasets\bottles_occluded\image_31.jpg
image_31.jpg,bottles_occluded,1276,1387,1359,1447,D:\SEM 7\CVProject\datasets\bottles_occluded\image_31.jpg
image_31.jpg,bottles_occluded,54,2971,92,2997,D:\SEM 7\CVProject\datasets\bottles_occluded\image_31.jpg
image_31.jpg,bottles_occluded,698,1598,3004,3399,D:\SEM 7\CVProject\datasets\bottles_occluded\image_31.jpg
image_31.jpg,bottles_occluded,778,911,907,1087,D:\SEM 7\CVProject\datasets\bottles_occluded\image_31.jpg
image_31.jpg,bottles_occluded,1164,910,1493,1376,D:\SEM 7\CVProject\datasets\bottles_occluded\image_31.jpg
image_31.jpg,bottles_occluded,1780,3351,2034,3664,D:\SEM 7\CVProject\datasets\bottles_occluded\image_31.jpg
image_31.jpg,bottles_occluded,2560,3556,2684,3716,D:\SEM 7\CVProject\datasets\bottles_occluded\image_31.jpg
image_31.jpg,bottles_occluded,1810,3592,1872,3672,D:\SEM 7\CVProject\datasets\bottles_occluded\image_31.jpg
image_4.jpg,bottles_occluded,1094,40,1614,82,D:\SEM 7\CVProject\datasets\bottles_occluded\image_4.jpg
image_4.jpg,bottles_occluded,2153,939,2350,991,D:\SEM 7\CVProject\datasets\bottles_occluded\image_4.jpg
image_4.jpg,bottles_occluded,114,3900,164,3926,D:\SEM 7\CVProject\datasets\bottles_occluded\image_4.jpg
image_4.jpg,bottles_occluded,928,3268,966,3300,D:\SEM 7\CVProject\datasets\bottles_occluded\image_4.jpg
image_4.jpg,bottles_occluded,1092,2887,1116,2905,D:\SEM 7\CVProject\datasets\bottles_occluded\image_4.jpg
image_4.jpg,bottles_occluded,1320,3130,1364,3165,D:\SEM 7\CVProject\datasets\bottles_occluded\image_4.jpg
image_4.jpg,bottles_occluded,1633,1588,1655,1604,D:\SEM 7\CVProject\datasets\bottles_occluded\image_4.jpg
image_4.jpg,bottles_occluded,1142,2775,1188,2843,D:\SEM 7\CVProject\datasets\bottles_occluded\image_4.jpg
image_4.jpg,bottles_occluded,2429,997,2503,1004,D:\SEM 7\CVProject\datasets\bottles_occluded\image_4.jpg
image_4.jpg,bottles_occluded,721,3000,747,3040,D:\SEM 7\CVProject\datasets\bottles_occluded\image_4.jpg
image_4.jpg,bottles_occluded,894,2463,914,2481,D:\SEM 7\CVProject\datasets\bottles_occluded\image_4.jpg
image_4.jpg,bottles_occluded,110,3756,221,3876,D:\SEM 7\CVProject\datasets\bottles_occluded\image_4.jpg
image_4.jpg,bottles_occluded,1319,3211,1348,3262,D:\SEM 7\CVProject\datasets\bottles_occluded\image_4.jpg
image_4.jpg,bottles_occluded,1196,2592,1229,2633,D:\SEM 7\CVProject\datasets\bottles_occluded\image_4.jpg
image_4.jpg,bottles_occluded,540,2755,615,2764,D:\SEM 7\CVProject\datasets\bottles_occluded\image_4.jpg
image_4.jpg,bottles_occluded,1660,41,1772,297,D:\SEM 7\CVProject\datasets\bottles_occluded\image_4.jpg
image_4.jpg,bottles_occluded,890,3118,957,3175,D:\SEM 7\CVProject\datasets\bottles_occluded\image_4.jpg
image_4.jpg,bottles_occluded,1134,2696,1197,2742,D:\SEM 7\CVProject\datasets\bottles_occluded\image_4.jpg
image_4.jpg,bottles_occluded,2597,937,2648,1020,D:\SEM 7\CVProject\datasets\bottles_occluded\image_4.jpg
image_4.jpg,bottles_occluded,902,40,1072,289,D:\SEM 7\CVProject\datasets\bottles_occluded\image_4.jpg
image_4.jpg,bottles_occluded,0,369,2441,3201,D:\SEM 7\CVProject\datasets\bottles_occluded\image_4.jpg
image_4.jpg,bottles_occluded,2429,43,2707,853,D:\SEM 7\CVProject\datasets\bottles_occluded\image_4.jpg
image_5.jpg,bottles_occluded,1783,3957,1929,4032,D:\SEM 7\CVProject\datasets\bottles_occluded\image_5.jpg
image_5.jpg,bottles_occluded,830,3995,879,4032,D:\SEM 7\CVProject\datasets\bottles_occluded\image_5.jpg
image_5.jpg,bottles_occluded,2986,3733,3024,3795,D:\SEM 7\CVProject\datasets\bottles_occluded\image_5.jpg
image_5.jpg,bottles_occluded,0,0,3024,4032,D:\SEM 7\CVProject\datasets\bottles_occluded\image_5.jpg
image_5.jpg,bottles_occluded,0,1554,38,1614,D:\SEM 7\CVProject\datasets\bottles_occluded\image_5.jpg
image_5.jpg,bottles_occluded,0,2929,30,2980,D:\SEM 7\CVProject\datasets\bottles_occluded\image_5.jpg
image_5.jpg,bottles_occluded,602,3998,684,4032,D:\SEM 7\CVProject\datasets\bottles_occluded\image_5.jpg
image_5.jpg,bottles_occluded,1635,3963,1688,4014,D:\SEM 7\CVProject\datasets\bottles_occluded\image_5.jpg
image_5.jpg,bottles_occluded,1923,2527,1947,2546,D:\SEM 7\CVProject\datasets\bottles_occluded\image_5.jpg
image_5.jpg,bottles_occluded,1470,3330,1539,3404,D:\SEM 7\CVProject\datasets\bottles_occluded\image_5.jpg
image_5.jpg,bottles_occluded,1297,3872,1350,3922,D:\SEM 7\CVProject\datasets\bottles_occluded\image_5.jpg
image_5.jpg,bottles_occluded,1929,2545,1953,2564,D:\SEM 7\CVProject\datasets\bottles_occluded\image_5.jpg
image_5.jpg,bottles_occluded,1550,3704,1615,3794,D:\SEM 7\CVProject\datasets\bottles_occluded\image_5.jpg
image_5.jpg,bottles_occluded,2046,3941,2149,4032,D:\SEM 7\CVProject\datasets\bottles_occluded\image_5.jpg
image_5.jpg,bottles_occluded,1906,3533,1995,3630,D:\SEM 7\CVProject\datasets\bottles_occluded\image_5.jpg
image_5.jpg,bottles_occluded,1626,3064,1759,3148,D:\SEM 7\CVProject\datasets\bottles_occluded\image_5.jpg
image_5.jpg,bottles_occluded,567,0,657,38,D:\SEM 7\CVProject\datasets\bottles_occluded\image_5.jpg
image_5.jpg,bottles_occluded,1864,3677,1982,3771,D:\SEM 7\CVProject\datasets\bottles_occluded\image_5.jpg
image_5.jpg,bottles_occluded,1905,2472,1928,2491,D:\SEM 7\CVProject\datasets\bottles_occluded\image_5.jpg
image_5.jpg,bottles_occluded,1605,2529,1642,2564,D:\SEM 7\CVProject\datasets\bottles_occluded\image_5.jpg
image_5.jpg,bottles_occluded,1911,2492,1940,2527,D:\SEM 7\CVProject\datasets\bottles_occluded\image_5.jpg
image_5.jpg,bottles_occluded,1693,2632,1745,2670,D:\SEM 7\CVProject\datasets\bottles_occluded\image_5.jpg
image_5.jpg,bottles_occluded,1595,2570,1654,2586,D:\SEM 7\CVProject\datasets\bottles_occluded\image_5.jpg
image_5.jpg,bottles_occluded,1620,2587,1656,2626,D:\SEM 7\CVProject\datasets\bottles_occluded\image_5.jpg
image_5.jpg,bottles_occluded,2133,3339,3024,4032,D:\SEM 7\CVProject\datasets\bottles_occluded\image_5.jpg
image_5.jpg,bottles_occluded,1687,2301,1726,2327,D:\SEM 7\CVProject\datasets\bottles_occluded\image_5.jpg
image_5.jpg,bottles_occluded,1751,2494,1790,2522,D:\SEM 7\CVProject\datasets\bottles_occluded\image_5.jpg
image_5.jpg,bottles_occluded,2055,3727,2190,3881,D:\SEM 7\CVProject\datasets\bottles_occluded\image_5.jpg
image_5.jpg,bottles_occluded,1678,2271,1717,2299,D:\SEM 7\CVProject\datasets\bottles_occluded\image_5.jpg
image_5.jpg,bottles_occluded,1655,2514,1699,2537,D:\SEM 7\CVProject\datasets\bottles_occluded\image_5.jpg
image_5.jpg,bottles_occluded,1737,2450,1777,2479,D:\SEM 7\CVProject\datasets\bottles_occluded\image_5.jpg
image_5.jpg,bottles_occluded,1721,2591,1755,2621,D:\SEM 7\CVProject\datasets\bottles_occluded\image_5.jpg
image_5.jpg,bottles_occluded,1450,3166,1599,3323,D:\SEM 7\CVProject\datasets\bottles_occluded\image_5.jpg
image_5.jpg,bottles_occluded,1619,2626,1676,2664,D:\SEM 7\CVProject\datasets\bottles_occluded\image_5.jpg
image_5.jpg,bottles_occluded,1717,2407,1758,2441,D:\SEM 7\CVProject\datasets\bottles_occluded\image_5.jpg
image_5.jpg,bottles_occluded,1639,2485,1697,2522,D:\SEM 7\CVProject\datasets\bottles_occluded\image_5.jpg
image_5.jpg,bottles_occluded,1744,2766,2302,3384,D:\SEM 7\CVProject\datasets\bottles_occluded\image_5.jpg
image_5.jpg,bottles_occluded,1628,3373,1895,3600,D:\SEM 7\CVProject\datasets\bottles_occluded\image_5.jpg
image_5.jpg,bottles_occluded,1572,2218,1611,2248,D:\SEM 7\CVProject\datasets\bottles_occluded\image_5.jpg
image_5.jpg,bottles_occluded,1562,2206,1603,2222,D:\SEM 7\CVProject\datasets\bottles_occluded\image_5.jpg
image_5.jpg,bottles_occluded,1663,2584,1727,2622,D:\SEM 7\CVProject\datasets\bottles_occluded\image_5.jpg
image_5.jpg,bottles_occluded,1667,2252,1707,2277,D:\SEM 7\CVProject\datasets\bottles_occluded\image_5.jpg
image_5.jpg,bottles_occluded,1596,2113,1622,2144,D:\SEM 7\CVProject\datasets\bottles_occluded\image_5.jpg
image_5.jpg,bottles_occluded,1576,2249,1622,2282,D:\SEM 7\CVProject\datasets\bottles_occluded\image_5.jpg
image_5.jpg,bottles_occluded,1760,2524,1802,2544,D:\SEM 7\CVProject\datasets\bottles_occluded\image_5.jpg
image_5.jpg,bottles_occluded,1600,2290,1634,2318,D:\SEM 7\CVProject\datasets\bottles_occluded\image_5.jpg
image_5.jpg,bottles_occluded,1657,2224,1708,2249,D:\SEM 7\CVProject\datasets\bottles_occluded\image_5.jpg
image_5.jpg,bottles_occluded,1691,2327,1738,2362,D:\SEM 7\CVProject\datasets\bottles_occluded\image_5.jpg
image_6.jpg,bottles_occluded,0,3727,1174,4032,D:\SEM 7\CVProject\datasets\bottles_occluded\image_6.jpg
image_6.jpg,bottles_occluded,1215,1536,1271,1593,D:\SEM 7\CVProject\datasets\bottles_occluded\image_6.jpg
image_6.jpg,bottles_occluded,1010,1602,1093,1668,D:\SEM 7\CVProject\datasets\bottles_occluded\image_6.jpg
image_6.jpg,bottles_occluded,2943,241,2984,368,D:\SEM 7\CVProject\datasets\bottles_occluded\image_6.jpg
image_6.jpg,bottles_occluded,1168,282,1224,354,D:\SEM 7\CVProject\datasets\bottles_occluded\image_6.jpg
image_6.jpg,bottles_occluded,570,1306,625,1362,D:\SEM 7\CVProject\datasets\bottles_occluded\image_6.jpg
image_6.jpg,bottles_occluded,2827,1454,2956,1608,D:\SEM 7\CVProject\datasets\bottles_occluded\image_6.jpg
image_6.jpg,bottles_occluded,594,295,1342,1515,D:\SEM 7\CVProject\datasets\bottles_occluded\image_6.jpg
image_6.jpg,bottles_occluded,502,1813,2879,3594,D:\SEM 7\CVProject\datasets\bottles_occluded\image_6.jpg
image_6.jpg,bottles_occluded,2579,40,2892,224,D:\SEM 7\CVProject\datasets\bottles_occluded\image_6.jpg
image_6.jpg,bottles_occluded,856,3488,1097,3565,D:\SEM 7\CVProject\datasets\bottles_occluded\image_6.jpg
image_6.jpg,bottles_occluded,878,1728,1172,1837,D:\SEM 7\CVProject\datasets\bottles_occluded\image_6.jpg
image_7.jpg,bottles_occluded,956,650,1424,996,D:\SEM 7\CVProject\datasets\bottles_occluded\image_7.jpg
image_7.jpg,bottles_occluded,784,1712,1640,2753,D:\SEM 7\CVProject\datasets\bottles_occluded\image_7.jpg
image_7.jpg,bottles_occluded,850,2641,866,2671,D:\SEM 7\CVProject\datasets\bottles_occluded\image_7.jpg
image_7.jpg,bottles_occluded,826,1297,850,1317,D:\SEM 7\CVProject\datasets\bottles_occluded\image_7.jpg
image_7.jpg,bottles_occluded,2348,705,2370,740,D:\SEM 7\CVProject\datasets\bottles_occluded\image_7.jpg
image_7.jpg,bottles_occluded,1415,3023,1440,3043,D:\SEM 7\CVProject\datasets\bottles_occluded\image_7.jpg
image_7.jpg,bottles_occluded,2213,477,2241,503,D:\SEM 7\CVProject\datasets\bottles_occluded\image_7.jpg
image_7.jpg,bottles_occluded,114,3568,152,3613,D:\SEM 7\CVProject\datasets\bottles_occluded\image_7.jpg
image_7.jpg,bottles_occluded,160,320,556,323,D:\SEM 7\CVProject\datasets\bottles_occluded\image_7.jpg
image_7.jpg,bottles_occluded,1212,1020,1253,1036,D:\SEM 7\CVProject\datasets\bottles_occluded\image_7.jpg
image_7.jpg,bottles_occluded,1429,1523,1464,1541,D:\SEM 7\CVProject\datasets\bottles_occluded\image_7.jpg
image_7.jpg,bottles_occluded,648,1327,760,1367,D:\SEM 7\CVProject\datasets\bottles_occluded\image_7.jpg
image_7.jpg,bottles_occluded,1400,1499,1489,1514,D:\SEM 7\CVProject\datasets\bottles_occluded\image_7.jpg
image_7.jpg,bottles_occluded,1225,334,1346,339,D:\SEM 7\CVProject\datasets\bottles_occluded\image_7.jpg
image_7.jpg,bottles_occluded,894,2722,928,2772,D:\SEM 7\CVProject\datasets\bottles_occluded\image_7.jpg
image_7.jpg,bottles_occluded,1366,1134,1490,1274,D:\SEM 7\CVProject\datasets\bottles_occluded\image_7.jpg
image_7.jpg,bottles_occluded,2493,577,2773,595,D:\SEM 7\CVProject\datasets\bottles_occluded\image_7.jpg
image_7.jpg,bottles_occluded,1255,1016,1289,1045,D:\SEM 7\CVProject\datasets\bottles_occluded\image_7.jpg
image_7.jpg,bottles_occluded,1949,524,2203,648,D:\SEM 7\CVProject\datasets\bottles_occluded\image_7.jpg
image_7.jpg,bottles_occluded,1542,2721,1592,2761,D:\SEM 7\CVProject\datasets\bottles_occluded\image_7.jpg
image_7.jpg,bottles_occluded,1270,1357,1396,1402,D:\SEM 7\CVProject\datasets\bottles_occluded\image_7.jpg
image_7.jpg,bottles_occluded,890,3018,1952,3851,D:\SEM 7\CVProject\datasets\bottles_occluded\image_7.jpg
image_7.jpg,bottles_occluded,879,1004,1316,1262,D:\SEM 7\CVProject\datasets\bottles_occluded\image_7.jpg
image_7.jpg,bottles_occluded,1421,2925,1534,2960,D:\SEM 7\CVProject\datasets\bottles_occluded\image_7.jpg
image_7.jpg,bottles_occluded,2196,359,2366,365,D:\SEM 7\CVProject\datasets\bottles_occluded\image_7.jpg
image_7.jpg,bottles_occluded,878,1296,1350,1415,D:\SEM 7\CVProject\datasets\bottles_occluded\image_7.jpg
image_7.jpg,bottles_occluded,869,2930,934,3043,D:\SEM 7\CVProject\datasets\bottles_occluded\image_7.jpg
image_7.jpg,bottles_occluded,768,1474,1293,1649,D:\SEM 7\CVProject\datasets\bottles_occluded\image_7.jpg
image_7.jpg,bottles_occluded,2813,40,2937,386,D:\SEM 7\CVProject\datasets\bottles_occluded\image_7.jpg
image_7.jpg,bottles_occluded,872,2824,944,2923,D:\SEM 7\CVProject\datasets\bottles_occluded\image_7.jpg
image_7.jpg,bottles_occluded,1342,2764,1554,2839,D:\SEM 7\CVProject\datasets\bottles_occluded\image_7.jpg
image_7.jpg,bottles_occluded,40,517,1410,566,D:\SEM 7\CVProject\datasets\bottles_occluded\image_7.jpg
image_8.jpg,bottles_occluded,2974,1796,3000,1866,D:\SEM 7\CVProject\datasets\bottles_occluded\image_8.jpg
image_8.jpg,bottles_occluded,2435,0,2546,75,D:\SEM 7\CVProject\datasets\bottles_occluded\image_8.jpg
image_8.jpg,bottles_occluded,1468,138,1520,200,D:\SEM 7\CVProject\datasets\bottles_occluded\image_8.jpg
image_8.jpg,bottles_occluded,1929,3955,1988,4000,D:\SEM 7\CVProject\datasets\bottles_occluded\image_8.jpg
image_8.jpg,bottles_occluded,1269,0,1318,25,D:\SEM 7\CVProject\datasets\bottles_occluded\image_8.jpg
image_8.jpg,bottles_occluded,2082,685,2120,735,D:\SEM 7\CVProject\datasets\bottles_occluded\image_8.jpg
image_8.jpg,bottles_occluded,2186,3877,2242,3931,D:\SEM 7\CVProject\datasets\bottles_occluded\image_8.jpg
image_8.jpg,bottles_occluded,2160,1571,2272,1658,D:\SEM 7\CVProject\datasets\bottles_occluded\image_8.jpg
image_8.jpg,bottles_occluded,2351,231,2408,374,D:\SEM 7\CVProject\datasets\bottles_occluded\image_8.jpg
image_8.jpg,bottles_occluded,2566,3910,2680,4000,D:\SEM 7\CVProject\datasets\bottles_occluded\image_8.jpg
image_8.jpg,bottles_occluded,2574,1750,2656,1837,D:\SEM 7\CVProject\datasets\bottles_occluded\image_8.jpg
image_8.jpg,bottles_occluded,2412,747,2541,844,D:\SEM 7\CVProject\datasets\bottles_occluded\image_8.jpg
image_8.jpg,bottles_occluded,2529,578,2645,728,D:\SEM 7\CVProject\datasets\bottles_occluded\image_8.jpg
image_8.jpg,bottles_occluded,2579,6,2698,95,D:\SEM 7\CVProject\datasets\bottles_occluded\image_8.jpg
image_8.jpg,bottles_occluded,1847,3176,1944,3283,D:\SEM 7\CVProject\datasets\bottles_occluded\image_8.jpg
image_8.jpg,bottles_occluded,399,0,607,156,D:\SEM 7\CVProject\datasets\bottles_occluded\image_8.jpg
image_8.jpg,bottles_occluded,1645,3397,1921,3899,D:\SEM 7\CVProject\datasets\bottles_occluded\image_8.jpg
image_8.jpg,bottles_occluded,2633,126,2822,364,D:\SEM 7\CVProject\datasets\bottles_occluded\image_8.jpg
image_8.jpg,bottles_occluded,247,223,369,381,D:\SEM 7\CVProject\datasets\bottles_occluded\image_8.jpg
image_8.jpg,bottles_occluded,2516,2770,2824,2974,D:\SEM 7\CVProject\datasets\bottles_occluded\image_8.jpg
image_8.jpg,bottles_occluded,1609,0,2072,318,D:\SEM 7\CVProject\datasets\bottles_occluded\image_8.jpg
image_8.jpg,bottles_occluded,2059,3618,2186,3748,D:\SEM 7\CVProject\datasets\bottles_occluded\image_8.jpg
image_8.jpg,bottles_occluded,1950,3378,2057,3452,D:\SEM 7\CVProject\datasets\bottles_occluded\image_8.jpg
image_8.jpg,bottles_occluded,2895,246,2968,320,D:\SEM 7\CVProject\datasets\bottles_occluded\image_8.jpg
image_8.jpg,bottles_occluded,1814,1420,2068,1777,D:\SEM 7\CVProject\datasets\bottles_occluded\image_8.jpg
image_8.jpg,bottles_occluded,2658,1878,3000,2117,D:\SEM 7\CVProject\datasets\bottles_occluded\image_8.jpg
image_8.jpg,bottles_occluded,2079,3175,2151,3249,D:\SEM 7\CVProject\datasets\bottles_occluded\image_8.jpg
image_8.jpg,bottles_occluded,0,0,2424,3654,D:\SEM 7\CVProject\datasets\bottles_occluded\image_8.jpg
image_8.jpg,bottles_occluded,2541,2325,2665,2487,D:\SEM 7\CVProject\datasets\bottles_occluded\image_8.jpg
image_8.jpg,bottles_occluded,2608,2498,2788,2722,D:\SEM 7\CVProject\datasets\bottles_occluded\image_8.jpg
image_8.jpg,bottles_occluded,2118,773,2230,871,D:\SEM 7\CVProject\datasets\bottles_occluded\image_8.jpg
image_8.jpg,bottles_occluded,2260,1213,2786,1576,D:\SEM 7\CVProject\datasets\bottles_occluded\image_8.jpg
image_8.jpg,bottles_occluded,2767,532,3000,738,D:\SEM 7\CVProject\datasets\bottles_occluded\image_8.jpg
image_8.jpg,bottles_occluded,2453,701,2484,750,D:\SEM 7\CVProject\datasets\bottles_occluded\image_8.jpg
image_8.jpg,bottles_occluded,2208,2972,2868,3630,D:\SEM 7\CVProject\datasets\bottles_occluded\image_8.jpg
image_9.jpg,bottles_occluded,0,553,39,681,D:\SEM 7\CVProject\datasets\bottles_occluded\image_9.jpg
image_9.jpg,bottles_occluded,2965,2448,3000,2613,D:\SEM 7\CVProject\datasets\bottles_occluded\image_9.jpg
image_9.jpg,bottles_occluded,0,367,31,421,D:\SEM 7\CVProject\datasets\bottles_occluded\image_9.jpg
image_9.jpg,bottles_occluded,1433,0,1519,28,D:\SEM 7\CVProject\datasets\bottles_occluded\image_9.jpg
image_9.jpg,bottles_occluded,1156,0,1220,30,D:\SEM 7\CVProject\datasets\bottles_occluded\image_9.jpg
image_9.jpg,bottles_occluded,802,3382,851,3431,D:\SEM 7\CVProject\datasets\bottles_occluded\image_9.jpg
image_9.jpg,bottles_occluded,0,1962,39,2025,D:\SEM 7\CVProject\datasets\bottles_occluded\image_9.jpg
image_9.jpg,bottles_occluded,1717,3298,1781,3368,D:\SEM 7\CVProject\datasets\bottles_occluded\image_9.jpg
image_9.jpg,bottles_occluded,73,3009,542,3495,D:\SEM 7\CVProject\datasets\bottles_occluded\image_9.jpg
image_9.jpg,bottles_occluded,1045,3592,1152,3709,D:\SEM 7\CVProject\datasets\bottles_occluded\image_9.jpg
image_9.jpg,bottles_occluded,2158,229,2233,299,D:\SEM 7\CVProject\datasets\bottles_occluded\image_9.jpg
image_9.jpg,bottles_occluded,2476,1991,2529,2054,D:\SEM 7\CVProject\datasets\bottles_occluded\image_9.jpg
image_9.jpg,bottles_occluded,190,3924,408,4000,D:\SEM 7\CVProject\datasets\bottles_occluded\image_9.jpg
image_9.jpg,bottles_occluded,2081,1937,2172,2027,D:\SEM 7\CVProject\datasets\bottles_occluded\image_9.jpg
image_9.jpg,bottles_occluded,1667,0,1798,152,D:\SEM 7\CVProject\datasets\bottles_occluded\image_9.jpg
image_9.jpg,bottles_occluded,2288,40,2960,1009,D:\SEM 7\CVProject\datasets\bottles_occluded\image_9.jpg
image_9.jpg,bottles_occluded,943,3414,1085,3527,D:\SEM 7\CVProject\datasets\bottles_occluded\image_9.jpg
image_9.jpg,bottles_occluded,1899,2141,1993,2282,D:\SEM 7\CVProject\datasets\bottles_occluded\image_9.jpg
image_9.jpg,bottles_occluded,1049,2349,1168,2560,D:\SEM 7\CVProject\datasets\bottles_occluded\image_9.jpg
image_9.jpg,bottles_occluded,0,38,3000,4000,D:\SEM 7\CVProject\datasets\bottles_occluded\image_9.jpg
image_9.jpg,bottles_occluded,772,3208,1010,3368,D:\SEM 7\CVProject\datasets\bottles_occluded\image_9.jpg
image_9.jpg,bottles_occluded,2746,991,2801,1012,D:\SEM 7\CVProject\datasets\bottles_occluded\image_9.jpg
image_9.jpg,bottles_occluded,1286,3700,1528,3936,D:\SEM 7\CVProject\datasets\bottles_occluded\image_9.jpg
