image_path,x1,y1,x2,y2
D:\SEM 7\CVProject\datasets\bottles_closeups\image_0.jpg,0,0,2999,2366
D:\SEM 7\CVProject\datasets\bottles_closeups\image_0.jpg,0,2400,2264,3999
D:\SEM 7\CVProject\datasets\bottles_closeups\image_0.jpg,1565,2544,2425,3999
D:\SEM 7\CVProject\datasets\bottles_closeups\image_0.jpg,1813,353,2999,1285
D:\SEM 7\CVProject\datasets\bottles_closeups\image_0.jpg,909,3193,2213,3999
D:\SEM 7\CVProject\datasets\bottles_closeups\image_0.jpg,1298,0,2819,689
D:\SEM 7\CVProject\datasets\bottles_closeups\image_0.jpg,2071,2909,2999,3999
D:\SEM 7\CVProject\datasets\bottles_closeups\image_0.jpg,829,1026,1753,2095
D:\SEM 7\CVProject\datasets\bottles_closeups\image_0.jpg,672,1931,1951,2683
D:\SEM 7\CVProject\datasets\bottles_closeups\image_0.jpg,1713,2251,2999,2879
D:\SEM 7\CVProject\datasets\bottles_closeups\image_0.jpg,1805,2001,2999,2634
D:\SEM 7\CVProject\datasets\bottles_closeups\image_0.jpg,0,529,1018,1249
D:\SEM 7\CVProject\datasets\bottles_closeups\image_0.jpg,0,0,1253,502
D:\SEM 7\CVProject\datasets\bottles_closeups\image_0.jpg,2111,2673,2999,3371
D:\SEM 7\CVProject\datasets\bottles_closeups\image_0.jpg,1121,269,1826,944
D:\SEM 7\CVProject\datasets\bottles_closeups\image_0.jpg,0,1524,753,2155
D:\SEM 7\CVProject\datasets\bottles_closeups\image_0.jpg,2455,1015,2999,1845
D:\SEM 7\CVProject\datasets\bottles_closeups\image_0.jpg,2327,3393,2999,3999
D:\SEM 7\CVProject\datasets\bottles_closeups\image_0.jpg,133,2331,1025,2736
D:\SEM 7\CVProject\datasets\bottles_closeups\image_0.jpg,2152,2610,2999,3008
D:\SEM 7\CVProject\datasets\bottles_closeups\image_0.jpg,256,3359,719,3999
D:\SEM 7\CVProject\datasets\bottles_closeups\image_0.jpg,0,1098,715,1503
D:\SEM 7\CVProject\datasets\bottles_closeups\image_0.jpg,1338,3238,1892,3726
D:\SEM 7\CVProject\datasets\bottles_closeups\image_0.jpg,392,1652,926,2146
D:\SEM 7\CVProject\datasets\bottles_closeups\image_0.jpg,926,3196,1303,3894
D:\SEM 7\CVProject\datasets\bottles_closeups\image_0.jpg,1094,1608,1650,2065
D:\SEM 7\CVProject\datasets\bottles_closeups\image_0.jpg,143,2591,927,2914
D:\SEM 7\CVProject\datasets\bottles_closeups\image_0.jpg,0,382,474,911
D:\SEM 7\CVProject\datasets\bottles_closeups\image_0.jpg,666,3177,964,3999
D:\SEM 7\CVProject\datasets\bottles_closeups\image_0.jpg,0,2969,344,3607
D:\SEM 7\CVProject\datasets\bottles_closeups\image_0.jpg,0,226,654,543
D:\SEM 7\CVProject\datasets\bottles_closeups\image_0.jpg,2094,106,2678,452
D:\SEM 7\CVProject\datasets\bottles_closeups\image_0.jpg,1523,2013,1925,2476
D:\SEM 7\CVProject\datasets\bottles_closeups\image_0.jpg,664,1065,1096,1484
D:\SEM 7\CVProject\datasets\bottles_closeups\image_0.jpg,1933,3384,2200,3999
D:\SEM 7\CVProject\datasets\bottles_closeups\image_0.jpg,1648,1444,1942,1987
D:\SEM 7\CVProject\datasets\bottles_closeups\image_0.jpg,0,3593,392,3999
D:\SEM 7\CVProject\datasets\bottles_closeups\image_0.jpg,715,3043,1048,3512
D:\SEM 7\CVProject\datasets\bottles_closeups\image_0.jpg,1997,1867,2569,2137
D:\SEM 7\CVProject\datasets\bottles_closeups\image_0.jpg,2314,601,2821,873
D:\SEM 7\CVProject\datasets\bottles_closeups\image_0.jpg,1550,0,2101,231
D:\SEM 7\CVProject\datasets\bottles_closeups\image_0.jpg,940,2481,1159,3049
D:\SEM 7\CVProject\datasets\bottles_closeups\image_0.jpg,30,2514,456,2806
D:\SEM 7\CVProject\datasets\bottles_closeups\image_0.jpg,0,1449,303,1858
D:\SEM 7\CVProject\datasets\bottles_closeups\image_0.jpg,1409,2254,1792,2565
D:\SEM 7\CVProject\datasets\bottles_closeups\image_0.jpg,2181,3380,2360,3999
D:\SEM 7\CVProject\datasets\bottles_closeups\image_0.jpg,1630,2624,2019,2909
D:\SEM 7\CVProject\datasets\bottles_closeups\image_0.jpg,1649,446,1985,775
D:\SEM 7\CVProject\datasets\bottles_closeups\image_0.jpg,0,2289,300,2638
D:\SEM 7\CVProject\datasets\bottles_closeups\image_0.jpg,265,1835,673,2088
D:\SEM 7\CVProject\datasets\bottles_closeups\image_0.jpg,0,1786,272,2153
D:\SEM 7\CVProject\datasets\bottles_closeups\image_0.jpg,320,1940,644,2246
D:\SEM 7\CVProject\datasets\bottles_closeups\image_0.jpg,1095,732,1569,941
D:\SEM 7\CVProject\datasets\bottles_closeups\image_0.jpg,1784,3731,2140,3999
D:\SEM 7\CVProject\datasets\bottles_closeups\image_0.jpg,1704,1879,2099,2120
D:\SEM 7\CVProject\datasets\bottles_closeups\image_0.jpg,2226,836,2613,1080
D:\SEM 7\CVProject\datasets\bottles_closeups\image_0.jpg,2643,3186,2999,3451
D:\SEM 7\CVProject\datasets\bottles_closeups\image_0.jpg,1239,0,1592,267
D:\SEM 7\CVProject\datasets\bottles_closeups\image_0.jpg,2685,2265,2955,2605
D:\SEM 7\CVProject\datasets\bottles_closeups\image_0.jpg,2198,2357,2631,2559
D:\SEM 7\CVProject\datasets\bottles_closeups\image_0.jpg,798,1566,1079,1864
D:\SEM 7\CVProject\datasets\bottles_closeups\image_0.jpg,1415,2170,1691,2470
D:\SEM 7\CVProject\datasets\bottles_closeups\image_0.jpg,2245,2975,2522,3271
D:\SEM 7\CVProject\datasets\bottles_closeups\image_0.jpg,1589,124,1926,367
D:\SEM 7\CVProject\datasets\bottles_closeups\image_0.jpg,261,3600,466,3999
D:\SEM 7\CVProject\datasets\bottles_closeups\image_0.jpg,2792,0,2999,380
D:\SEM 7\CVProject\datasets\bottles_closeups\image_0.jpg,0,0,370,206
D:\SEM 7\CVProject\datasets\bottles_closeups\image_0.jpg,2724,3511,2999,3788
D:\SEM 7\CVProject\datasets\bottles_closeups\image_0.jpg,761,3681,996,3999
D:\SEM 7\CVProject\datasets\bottles_closeups\image_0.jpg,614,3217,766,3690
D:\SEM 7\CVProject\datasets\bottles_closeups\image_0.jpg,82,2182,350,2450
D:\SEM 7\CVProject\datasets\bottles_closeups\image_0.jpg,2612,1832,2999,2013
D:\SEM 7\CVProject\datasets\bottles_closeups\image_0.jpg,2696,2980,2999,3199
D:\SEM 7\CVProject\datasets\bottles_closeups\image_0.jpg,2377,805,2679,1022
D:\SEM 7\CVProject\datasets\bottles_closeups\image_0.jpg,0,1586,187,1934
D:\SEM 7\CVProject\datasets\bottles_closeups\image_0.jpg,630,2538,947,2742
D:\SEM 7\CVProject\datasets\bottles_closeups\image_0.jpg,1713,2728,1954,2995
D:\SEM 7\CVProject\datasets\bottles_closeups\image_0.jpg,862,2587,1092,2865
D:\SEM 7\CVProject\datasets\bottles_closeups\image_0.jpg,0,2779,337,2965
D:\SEM 7\CVProject\datasets\bottles_closeups\image_0.jpg,895,3164,1087,3483
D:\SEM 7\CVProject\datasets\bottles_closeups\image_0.jpg,1637,3814,1960,3999
D:\SEM 7\CVProject\datasets\bottles_closeups\image_0.jpg,2143,1782,2490,1954
D:\SEM 7\CVProject\datasets\bottles_closeups\image_0.jpg,464,2432,735,2651
D:\SEM 7\CVProject\datasets\bottles_closeups\image_0.jpg,2651,3785,2925,3999
D:\SEM 7\CVProject\datasets\bottles_closeups\image_0.jpg,2137,110,2482,278
D:\SEM 7\CVProject\datasets\bottles_closeups\image_0.jpg,629,3133,798,3475
D:\SEM 7\CVProject\datasets\bottles_closeups\image_0.jpg,754,77,1028,286
D:\SEM 7\CVProject\datasets\bottles_closeups\image_0.jpg,967,96,1165,382
D:\SEM 7\CVProject\datasets\bottles_closeups\image_0.jpg,1256,408,1426,739
D:\SEM 7\CVProject\datasets\bottles_closeups\image_0.jpg,1408,3330,1640,3563
D:\SEM 7\CVProject\datasets\bottles_closeups\image_0.jpg,2356,3371,2522,3696
D:\SEM 7\CVProject\datasets\bottles_closeups\image_0.jpg,2746,1495,2999,1697
D:\SEM 7\CVProject\datasets\bottles_closeups\image_0.jpg,1046,2859,1292,3064
D:\SEM 7\CVProject\datasets\bottles_closeups\image_0.jpg,2044,2706,2168,3099
D:\SEM 7\CVProject\datasets\bottles_closeups\image_0.jpg,2419,1973,2659,2171
D:\SEM 7\CVProject\datasets\bottles_closeups\image_0.jpg,1225,2991,1497,3165
D:\SEM 7\CVProject\datasets\bottles_closeups\image_0.jpg,1770,1196,2098,1333
D:\SEM 7\CVProject\datasets\bottles_closeups\image_0.jpg,0,1237,310,1367
D:\SEM 7\CVProject\datasets\bottles_closeups\image_0.jpg,1346,3817,1593,3980
D:\SEM 7\CVProject\datasets\bottles_closeups\image_0.jpg,0,620,245,783
D:\SEM 7\CVProject\datasets\bottles_closeups\image_0.jpg,1155,2221,1366,2410
D:\SEM 7\CVProject\datasets\bottles_closeups\image_0.jpg,2078,656,2299,835
D:\SEM 7\CVProject\datasets\bottles_closeups\image_0.jpg,2377,476,2624,636
D:\SEM 7\CVProject\datasets\bottles_closeups\image_0.jpg,855,1521,1013,1768
D:\SEM 7\CVProject\datasets\bottles_closeups\image_0.jpg,0,2659,245,2818
D:\SEM 7\CVProject\datasets\bottles_closeups\image_0.jpg,0,913,251,1068
D:\SEM 7\CVProject\datasets\bottles_closeups\image_0.jpg,646,1730,858,1913
D:\SEM 7\CVProject\datasets\bottles_closeups\image_0.jpg,2712,1312,2881,1540
D:\SEM 7\CVProject\datasets\bottles_closeups\image_0.jpg,1378,1244,1679,1370
D:\SEM 7\CVProject\datasets\bottles_closeups\image_0.jpg,2154,2710,2354,2899
D:\SEM 7\CVProject\datasets\bottles_closeups\image_0.jpg,2552,1995,2713,2226
D:\SEM 7\CVProject\datasets\bottles_closeups\image_0.jpg,446,598,659,770
D:\SEM 7\CVProject\datasets\bottles_closeups\image_0.jpg,599,854,803,1029
D:\SEM 7\CVProject\datasets\bottles_closeups\image_0.jpg,2373,2647,2571,2824
D:\SEM 7\CVProject\datasets\bottles_closeups\image_0.jpg,1062,2390,1300,2537
D:\SEM 7\CVProject\datasets\bottles_closeups\image_0.jpg,2640,1083,2785,1324
D:\SEM 7\CVProject\datasets\bottles_closeups\image_0.jpg,656,2652,884,2803
D:\SEM 7\CVProject\datasets\bottles_closeups\image_0.jpg,1992,903,2212,1059
D:\SEM 7\CVProject\datasets\bottles_closeups\image_0.jpg,1330,3405,1532,3573
D:\SEM 7\CVProject\datasets\bottles_closeups\image_0.jpg,2251,2191,2447,2364
D:\SEM 7\CVProject\datasets\bottles_closeups\image_0.jpg,0,759,224,910
D:\SEM 7\CVProject\datasets\bottles_closeups\image_0.jpg,2487,2871,2676,3048
D:\SEM 7\CVProject\datasets\bottles_closeups\image_0.jpg,219,2763,478,2890
D:\SEM 7\CVProject\datasets\bottles_closeups\image_0.jpg,2215,3067,2382,3263
D:\SEM 7\CVProject\datasets\bottles_closeups\image_0.jpg,2076,3007,2205,3259
D:\SEM 7\CVProject\datasets\bottles_closeups\image_0.jpg,1818,972,2008,1137
D:\SEM 7\CVProject\datasets\bottles_closeups\image_0.jpg,2834,952,2999,1141
D:\SEM 7\CVProject\datasets\bottles_closeups\image_0.jpg,747,168,913,355
D:\SEM 7\CVProject\datasets\bottles_closeups\image_0.jpg,1587,62,1659,491
D:\SEM 7\CVProject\datasets\bottles_closeups\image_0.jpg,1513,2320,1701,2484
D:\SEM 7\CVProject\datasets\bottles_closeups\image_0.jpg,2727,3545,2907,3716
D:\SEM 7\CVProject\datasets\bottles_closeups\image_0.jpg,2457,1749,2562,2037
D:\SEM 7\CVProject\datasets\bottles_closeups\image_0.jpg,843,3181,960,3439
D:\SEM 7\CVProject\datasets\bottles_closeups\image_0.jpg,2845,2277,2999,2473
D:\SEM 7\CVProject\datasets\bottles_closeups\image_0.jpg,411,565,517,848
D:\SEM 7\CVProject\datasets\bottles_closeups\image_0.jpg,761,644,901,858
D:\SEM 7\CVProject\datasets\bottles_closeups\image_0.jpg,1566,3581,1692,3816
D:\SEM 7\CVProject\datasets\bottles_closeups\image_0.jpg,146,2116,395,2232
D:\SEM 7\CVProject\datasets\bottles_closeups\image_0.jpg,0,3103,148,3298
D:\SEM 7\CVProject\datasets\bottles_closeups\image_0.jpg,0,2105,238,2226
D:\SEM 7\CVProject\datasets\bottles_closeups\image_0.jpg,2489,678,2715,804
D:\SEM 7\CVProject\datasets\bottles_closeups\image_0.jpg,558,2233,810,2345
D:\SEM 7\CVProject\datasets\bottles_closeups\image_0.jpg,696,2898,932,3016
D:\SEM 7\CVProject\datasets\bottles_closeups\image_0.jpg,0,1387,239,1503
D:\SEM 7\CVProject\datasets\bottles_closeups\image_0.jpg,851,2130,1041,2276
D:\SEM 7\CVProject\datasets\bottles_closeups\image_0.jpg,2661,2182,2770,2434
D:\SEM 7\CVProject\datasets\bottles_closeups\image_0.jpg,2004,2579,2116,2823
D:\SEM 7\CVProject\datasets\bottles_closeups\image_0.jpg,2448,1531,2707,1635
D:\SEM 7\CVProject\datasets\bottles_closeups\image_0.jpg,279,2294,485,2424
D:\SEM 7\CVProject\datasets\bottles_closeups\image_0.jpg,395,513,524,719
D:\SEM 7\CVProject\datasets\bottles_closeups\image_0.jpg,1819,2555,2002,2700
D:\SEM 7\CVProject\datasets\bottles_closeups\image_0.jpg,71,1466,276,1595
D:\SEM 7\CVProject\datasets\bottles_closeups\image_0.jpg,1967,2166,2039,2530
D:\SEM 7\CVProject\datasets\bottles_closeups\image_0.jpg,247,854,371,1064
D:\SEM 7\CVProject\datasets\bottles_closeups\image_0.jpg,247,620,338,903
D:\SEM 7\CVProject\datasets\bottles_closeups\image_0.jpg,2051,2397,2244,2528
D:\SEM 7\CVProject\datasets\bottles_closeups\image_0.jpg,505,2296,752,2398
D:\SEM 7\CVProject\datasets\bottles_closeups\image_0.jpg,322,0,507,136
D:\SEM 7\CVProject\datasets\bottles_closeups\image_0.jpg,717,1910,961,2013
D:\SEM 7\CVProject\datasets\bottles_closeups\image_0.jpg,376,832,566,962
D:\SEM 7\CVProject\datasets\bottles_closeups\image_0.jpg,1340,2745,1492,2906
D:\SEM 7\CVProject\datasets\bottles_closeups\image_0.jpg,2816,510,2979,660
D:\SEM 7\CVProject\datasets\bottles_closeups\image_0.jpg,617,2644,766,2808
D:\SEM 7\CVProject\datasets\bottles_closeups\image_0.jpg,1732,490,1859,682
D:\SEM 7\CVProject\datasets\bottles_closeups\image_0.jpg,2264,2692,2414,2854
D:\SEM 7\CVProject\datasets\bottles_closeups\image_0.jpg,381,2154,592,2269
D:\SEM 7\CVProject\datasets\bottles_closeups\image_0.jpg,855,87,1014,238
D:\SEM 7\CVProject\datasets\bottles_closeups\image_0.jpg,226,1420,432,1535
D:\SEM 7\CVProject\datasets\bottles_closeups\image_0.jpg,802,2936,952,3094
D:\SEM 7\CVProject\datasets\bottles_closeups\image_0.jpg,2361,1328,2519,1477
D:\SEM 7\CVProject\datasets\bottles_closeups\image_0.jpg,1312,353,1384,676
D:\SEM 7\CVProject\datasets\bottles_closeups\image_0.jpg,1412,3682,1528,3882
D:\SEM 7\CVProject\datasets\bottles_closeups\image_0.jpg,211,1716,320,1925
D:\SEM 7\CVProject\datasets\bottles_closeups\image_0.jpg,1401,2874,1579,3002
D:\SEM 7\CVProject\datasets\bottles_closeups\image_0.jpg,1181,3430,1318,3596
D:\SEM 7\CVProject\datasets\bottles_closeups\image_0.jpg,1352,2872,1505,3020
D:\SEM 7\CVProject\datasets\bottles_closeups\image_0.jpg,929,431,1131,543
D:\SEM 7\CVProject\datasets\bottles_closeups\image_0.jpg,1434,2376,1628,2492
D:\SEM 7\CVProject\datasets\bottles_closeups\image_0.jpg,890,2362,1075,2483
D:\SEM 7\CVProject\datasets\bottles_closeups\image_0.jpg,2831,2130,2999,2263
D:\SEM 7\CVProject\datasets\bottles_closeups\image_0.jpg,1734,1596,1925,1712
D:\SEM 7\CVProject\datasets\bottles_closeups\image_0.jpg,165,3135,273,3340
D:\SEM 7\CVProject\datasets\bottles_closeups\image_0.jpg,893,281,1004,480
D:\SEM 7\CVProject\datasets\bottles_closeups\image_0.jpg,1428,1057,1588,1194
D:\SEM 7\CVProject\datasets\bottles_closeups\image_0.jpg,436,2583,599,2717
D:\SEM 7\CVProject\datasets\bottles_closeups\image_0.jpg,702,1785,838,1945
D:\SEM 7\CVProject\datasets\bottles_closeups\image_0.jpg,1761,2828,1950,2943
D:\SEM 7\CVProject\datasets\bottles_closeups\image_0.jpg,1999,1779,2180,1899
D:\SEM 7\CVProject\datasets\bottles_closeups\image_0.jpg,932,574,1069,731
D:\SEM 7\CVProject\datasets\bottles_closeups\image_0.jpg,824,923,943,1102
D:\SEM 7\CVProject\datasets\bottles_closeups\image_0.jpg,1615,2441,1766,2582
D:\SEM 7\CVProject\datasets\bottles_closeups\image_0.jpg,2183,2327,2327,2474
D:\SEM 7\CVProject\datasets\bottles_closeups\image_0.jpg,2876,1708,2999,1876
D:\SEM 7\CVProject\datasets\bottles_closeups\image_0.jpg,1694,2278,1808,2459
D:\SEM 7\CVProject\datasets\bottles_closeups\image_0.jpg,324,149,444,320
D:\SEM 7\CVProject\datasets\bottles_closeups\image_0.jpg,754,2146,953,2249
D:\SEM 7\CVProject\datasets\bottles_closeups\image_0.jpg,2894,3558,2999,3753
D:\SEM 7\CVProject\datasets\bottles_closeups\image_0.jpg,1399,2677,1552,2810
D:\SEM 7\CVProject\datasets\bottles_closeups\image_0.jpg,1605,3771,1778,3886
D:\SEM 7\CVProject\datasets\bottles_closeups\image_0.jpg,2913,1145,2999,1371
D:\SEM 7\CVProject\datasets\bottles_closeups\image_0.jpg,725,1293,924,1390
D:\SEM 7\CVProject\datasets\bottles_closeups\image_0.jpg,1275,1747,1364,1963
D:\SEM 7\CVProject\datasets\bottles_closeups\image_0.jpg,1750,1468,1921,1580
D:\SEM 7\CVProject\datasets\bottles_closeups\image_0.jpg,398,1722,560,1840
D:\SEM 7\CVProject\datasets\bottles_closeups\image_0.jpg,57,2193,266,2284
D:\SEM 7\CVProject\datasets\bottles_closeups\image_0.jpg,681,2236,834,2360
D:\SEM 7\CVProject\datasets\bottles_closeups\image_0.jpg,219,2320,364,2450
D:\SEM 7\CVProject\datasets\bottles_closeups\image_0.jpg,1211,2382,1369,2501
D:\SEM 7\CVProject\datasets\bottles_closeups\image_0.jpg,2368,2059,2542,2167
D:\SEM 7\CVProject\datasets\bottles_closeups\image_0.jpg,309,556,410,741
D:\SEM 7\CVProject\datasets\bottles_closeups\image_0.jpg,2237,2970,2392,3090
D:\SEM 7\CVProject\datasets\bottles_closeups\image_0.jpg,2923,3755,2999,3999
D:\SEM 7\CVProject\datasets\bottles_closeups\image_0.jpg,1376,1133,1507,1272
D:\SEM 7\CVProject\datasets\bottles_closeups\image_0.jpg,1526,2559,1704,2661
D:\SEM 7\CVProject\datasets\bottles_closeups\image_0.jpg,1845,2872,1954,3035
D:\SEM 7\CVProject\datasets\bottles_closeups\image_0.jpg,131,3392,282,3509
D:\SEM 7\CVProject\datasets\bottles_closeups\image_0.jpg,432,1994,564,2127
D:\SEM 7\CVProject\datasets\bottles_closeups\image_0.jpg,2515,2364,2649,2495
D:\SEM 7\CVProject\datasets\bottles_closeups\image_0.jpg,2307,2225,2397,2419
D:\SEM 7\CVProject\datasets\bottles_closeups\image_0.jpg,2778,2047,2951,2147
D:\SEM 7\CVProject\datasets\bottles_closeups\image_0.jpg,0,2656,146,2774
D:\SEM 7\CVProject\datasets\bottles_closeups\image_0.jpg,2299,992,2466,1094
D:\SEM 7\CVProject\datasets\bottles_closeups\image_0.jpg,2601,2785,2692,2972
D:\SEM 7\CVProject\datasets\bottles_closeups\image_0.jpg,348,2036,460,2187
D:\SEM 7\CVProject\datasets\bottles_closeups\image_0.jpg,1475,241,1576,408
D:\SEM 7\CVProject\datasets\bottles_closeups\image_0.jpg,1705,1962,1835,2090
D:\SEM 7\CVProject\datasets\bottles_closeups\image_0.jpg,299,2128,434,2251
D:\SEM 7\CVProject\datasets\bottles_closeups\image_0.jpg,1269,396,1354,591
D:\SEM 7\CVProject\datasets\bottles_closeups\image_0.jpg,2889,3760,2958,3999
D:\SEM 7\CVProject\datasets\bottles_closeups\image_0.jpg,2894,1493,2999,1650
D:\SEM 7\CVProject\datasets\bottles_closeups\image_0.jpg,540,2389,660,2526
D:\SEM 7\CVProject\datasets\bottles_closeups\image_0.jpg,1355,2483,1526,2579
D:\SEM 7\CVProject\datasets\bottles_closeups\image_0.jpg,363,2130,472,2280
D:\SEM 7\CVProject\datasets\bottles_closeups\image_0.jpg,2921,26,2999,232
D:\SEM 7\CVProject\datasets\bottles_closeups\image_0.jpg,2843,2209,2999,2312
D:\SEM 7\CVProject\datasets\bottles_closeups\image_0.jpg,943,2890,1044,3048
D:\SEM 7\CVProject\datasets\bottles_closeups\image_0.jpg,1395,3852,1528,3972
D:\SEM 7\CVProject\datasets\bottles_closeups\image_0.jpg,674,2507,808,2626
D:\SEM 7\CVProject\datasets\bottles_closeups\image_0.jpg,622,1940,778,2042
D:\SEM 7\CVProject\datasets\bottles_closeups\image_0.jpg,1177,2623,1297,2755
D:\SEM 7\CVProject\datasets\bottles_closeups\image_0.jpg,1873,3737,1962,3914
D:\SEM 7\CVProject\datasets\bottles_closeups\image_0.jpg,818,2001,919,2157
D:\SEM 7\CVProject\datasets\bottles_closeups\image_0.jpg,432,1421,579,1528
D:\SEM 7\CVProject\datasets\bottles_closeups\image_0.jpg,1712,1766,1829,1900
D:\SEM 7\CVProject\datasets\bottles_closeups\image_0.jpg,2660,3807,2788,3929
D:\SEM 7\CVProject\datasets\bottles_closeups\image_0.jpg,88,3532,267,3619
D:\SEM 7\CVProject\datasets\bottles_closeups\image_0.jpg,2014,2073,2158,2181
D:\SEM 7\CVProject\datasets\bottles_closeups\image_0.jpg,0,3335,131,3453
D:\SEM 7\CVProject\datasets\bottles_closeups\image_0.jpg,528,2232,720,2312
D:\SEM 7\CVProject\datasets\bottles_closeups\image_0.jpg,762,2753,883,2880
D:\SEM 7\CVProject\datasets\bottles_closeups\image_0.jpg,335,778,430,939
D:\SEM 7\CVProject\datasets\bottles_closeups\image_0.jpg,2234,2211,2361,2331
D:\SEM 7\CVProject\datasets\bottles_closeups\image_0.jpg,357,2250,547,2330
D:\SEM 7\CVProject\datasets\bottles_closeups\image_0.jpg,172,1997,285,2131
D:\SEM 7\CVProject\datasets\bottles_closeups\image_0.jpg,401,3701,489,3872
D:\SEM 7\CVProject\datasets\bottles_closeups\image_0.jpg,1998,2634,2067,2850
D:\SEM 7\CVProject\datasets\bottles_closeups\image_0.jpg,1198,1724,1267,1939
D:\SEM 7\CVProject\datasets\bottles_closeups\image_0.jpg,2496,2717,2645,2816
D:\SEM 7\CVProject\datasets\bottles_closeups\image_0.jpg,1,1755,126,1873
D:\SEM 7\CVProject\datasets\bottles_closeups\image_0.jpg,0,2457,116,2584
D:\SEM 7\CVProject\datasets\bottles_closeups\image_0.jpg,2393,3164,2479,3335
D:\SEM 7\CVProject\datasets\bottles_closeups\image_0.jpg,2862,3131,2999,3237
D:\SEM 7\CVProject\datasets\bottles_closeups\image_0.jpg,567,2386,718,2481
D:\SEM 7\CVProject\datasets\bottles_closeups\image_0.jpg,1101,1857,1215,1982
D:\SEM 7\CVProject\datasets\bottles_closeups\image_0.jpg,123,3119,192,3325
D:\SEM 7\CVProject\datasets\bottles_closeups\image_0.jpg,1157,3538,1246,3698
D:\SEM 7\CVProject\datasets\bottles_closeups\image_0.jpg,262,2037,373,2165
D:\SEM 7\CVProject\datasets\bottles_closeups\image_0.jpg,2561,3158,2655,3309
D:\SEM 7\CVProject\datasets\bottles_closeups\image_0.jpg,761,2234,922,2322
D:\SEM 7\CVProject\datasets\bottles_closeups\image_0.jpg,1071,2768,1201,2876
D:\SEM 7\CVProject\datasets\bottles_closeups\image_0.jpg,1005,203,1084,379
D:\SEM 7\CVProject\datasets\bottles_closeups\image_0.jpg,654,2101,784,2208
D:\SEM 7\CVProject\datasets\bottles_closeups\image_0.jpg,779,2093,901,2206
D:\SEM 7\CVProject\datasets\bottles_closeups\image_0.jpg,2312,2219,2435,2331
D:\SEM 7\CVProject\datasets\bottles_closeups\image_0.jpg,1986,3778,2068,3945
D:\SEM 7\CVProject\datasets\bottles_closeups\image_0.jpg,2759,2214,2909,2305
D:\SEM 7\CVProject\datasets\bottles_closeups\image_0.jpg,1620,3693,1757,3792
D:\SEM 7\CVProject\datasets\bottles_closeups\image_0.jpg,1954,1420,2067,1540
D:\SEM 7\CVProject\datasets\bottles_closeups\image_0.jpg,385,3045,555,3124
D:\SEM 7\CVProject\datasets\bottles_closeups\image_0.jpg,2417,2675,2558,2770
D:\SEM 7\CVProject\datasets\bottles_closeups\image_0.jpg,82,2257,198,2372
D:\SEM 7\CVProject\datasets\bottles_closeups\image_0.jpg,738,2600,856,2713
D:\SEM 7\CVProject\datasets\bottles_closeups\image_0.jpg,1328,2397,1432,2525
D:\SEM 7\CVProject\datasets\bottles_closeups\image_0.jpg,72,2649,214,2742
D:\SEM 7\CVProject\datasets\bottles_closeups\image_0.jpg,2787,1420,2878,1564
D:\SEM 7\CVProject\datasets\bottles_closeups\image_0.jpg,1429,2773,1591,2853
D:\SEM 7\CVProject\datasets\bottles_closeups\image_0.jpg,2337,1277,2436,1408
D:\SEM 7\CVProject\datasets\bottles_closeups\image_0.jpg,2726,2146,2850,2250
D:\SEM 7\CVProject\datasets\bottles_closeups\image_0.jpg,2306,2750,2406,2878
D:\SEM 7\CVProject\datasets\bottles_closeups\image_0.jpg,1772,3713,1851,3874
D:\SEM 7\CVProject\datasets\bottles_closeups\image_0.jpg,1577,3559,1674,3690
D:\SEM 7\CVProject\datasets\bottles_closeups\image_0.jpg,628,0,791,77
D:\SEM 7\CVProject\datasets\bottles_closeups\image_0.jpg,66,887,239,959
D:\SEM 7\CVProject\datasets\bottles_closeups\image_0.jpg,1427,3345,1515,3486
D:\SEM 7\CVProject\datasets\bottles_closeups\image_0.jpg,2880,400,2999,504
D:\SEM 7\CVProject\datasets\bottles_closeups\image_0.jpg,2342,828,2454,938
D:\SEM 7\CVProject\datasets\bottles_closeups\image_0.jpg,465,131,530,320
D:\SEM 7\CVProject\datasets\bottles_closeups\image_0.jpg,244,1609,361,1714
D:\SEM 7\CVProject\datasets\bottles_closeups\image_0.jpg,2402,2821,2487,2965
D:\SEM 7\CVProject\datasets\bottles_closeups\image_0.jpg,509,2791,618,2903
D:\SEM 7\CVProject\datasets\bottles_closeups\image_0.jpg,436,3587,516,3739
D:\SEM 7\CVProject\datasets\bottles_closeups\image_0.jpg,1,919,119,1022
D:\SEM 7\CVProject\datasets\bottles_closeups\image_0.jpg,2737,1318,2845,1430
D:\SEM 7\CVProject\datasets\bottles_closeups\image_0.jpg,497,1331,620,1429
D:\SEM 7\CVProject\datasets\bottles_closeups\image_0.jpg,2901,1793,2999,1916
D:\SEM 7\CVProject\datasets\bottles_closeups\image_0.jpg,2670,2904,2791,3003
D:\SEM 7\CVProject\datasets\bottles_closeups\image_0.jpg,356,2430,479,2527
D:\SEM 7\CVProject\datasets\bottles_closeups\image_0.jpg,2113,2797,2181,2972
D:\SEM 7\CVProject\datasets\bottles_closeups\image_0.jpg,1164,582,1224,780
D:\SEM 7\CVProject\datasets\bottles_closeups\image_0.jpg,324,3880,424,3999
D:\SEM 7\CVProject\datasets\bottles_closeups\image_0.jpg,2486,1762,2585,1882
D:\SEM 7\CVProject\datasets\bottles_closeups\image_0.jpg,572,2511,697,2606
D:\SEM 7\CVProject\datasets\bottles_closeups\image_0.jpg,2002,2007,2087,2146
D:\SEM 7\CVProject\datasets\bottles_closeups\image_0.jpg,2612,751,2746,839
D:\SEM 7\CVProject\datasets\bottles_closeups\image_1.jpg,0,75,2999,2699
D:\SEM 7\CVProject\datasets\bottles_closeups\image_1.jpg,0,2293,2999,3999
D:\SEM 7\CVProject\datasets\bottles_closeups\image_1.jpg,1155,226,2999,1590
D:\SEM 7\CVProject\datasets\bottles_closeups\image_1.jpg,1532,2501,2999,3824
D:\SEM 7\CVProject\datasets\bottles_closeups\image_1.jpg,1468,1609,2999,2495
D:\SEM 7\CVProject\datasets\bottles_closeups\image_1.jpg,0,184,1537,994
D:\SEM 7\CVProject\datasets\bottles_closeups\image_1.jpg,2022,197,2999,1203
D:\SEM 7\CVProject\datasets\bottles_closeups\image_1.jpg,1791,2442,2999,3152
D:\SEM 7\CVProject\datasets\bottles_closeups\image_1.jpg,574,2261,1860,2919
D:\SEM 7\CVProject\datasets\bottles_closeups\image_1.jpg,1729,3063,2594,3988
D:\SEM 7\CVProject\datasets\bottles_closeups\image_1.jpg,1339,654,2349,1256
D:\SEM 7\CVProject\datasets\bottles_closeups\image_1.jpg,0,0,950,629
D:\SEM 7\CVProject\datasets\bottles_closeups\image_1.jpg,767,1638,1483,2374
D:\SEM 7\CVProject\datasets\bottles_closeups\image_1.jpg,878,3030,1595,3610
D:\SEM 7\CVProject\datasets\bottles_closeups\image_1.jpg,655,1180,1485,1662
D:\SEM 7\CVProject\datasets\bottles_closeups\image_1.jpg,34,2464,824,2934
D:\SEM 7\CVProject\datasets\bottles_closeups\image_1.jpg,1213,3245,1688,3999
D:\SEM 7\CVProject\datasets\bottles_closeups\image_1.jpg,0,3358,490,3999
D:\SEM 7\CVProject\datasets\bottles_closeups\image_1.jpg,698,3510,1318,3999
D:\SEM 7\CVProject\datasets\bottles_closeups\image_1.jpg,182,3461,732,3999
D:\SEM 7\CVProject\datasets\bottles_closeups\image_1.jpg,0,851,611,1312
D:\SEM 7\CVProject\datasets\bottles_closeups\image_1.jpg,2331,3490,2871,3999
D:\SEM 7\CVProject\datasets\bottles_closeups\image_1.jpg,1160,2640,1810,3047
D:\SEM 7\CVProject\datasets\bottles_closeups\image_1.jpg,791,3433,1492,3806
D:\SEM 7\CVProject\datasets\bottles_closeups\image_1.jpg,1541,97,2043,612
D:\SEM 7\CVProject\datasets\bottles_closeups\image_1.jpg,584,2837,1083,3316
D:\SEM 7\CVProject\datasets\bottles_closeups\image_1.jpg,0,1163,649,1527
D:\SEM 7\CVProject\datasets\bottles_closeups\image_1.jpg,811,1916,1300,2344
D:\SEM 7\CVProject\datasets\bottles_closeups\image_1.jpg,1567,2897,1803,3709
D:\SEM 7\CVProject\datasets\bottles_closeups\image_1.jpg,2111,2115,2717,2422
D:\SEM 7\CVProject\datasets\bottles_closeups\image_1.jpg,0,1421,631,1706
D:\SEM 7\CVProject\datasets\bottles_closeups\image_1.jpg,2108,393,2614,748
D:\SEM 7\CVProject\datasets\bottles_closeups\image_1.jpg,31,1535,603,1827
D:\SEM 7\CVProject\datasets\bottles_closeups\image_1.jpg,759,595,1118,1057
D:\SEM 7\CVProject\datasets\bottles_closeups\image_1.jpg,0,581,455,943
D:\SEM 7\CVProject\datasets\bottles_closeups\image_1.jpg,874,863,1331,1214
D:\SEM 7\CVProject\datasets\bottles_closeups\image_1.jpg,32,2944,628,3200
D:\SEM 7\CVProject\datasets\bottles_closeups\image_1.jpg,472,3613,841,3999
D:\SEM 7\CVProject\datasets\bottles_closeups\image_1.jpg,0,1799,405,2133
D:\SEM 7\CVProject\datasets\bottles_closeups\image_1.jpg,1312,1729,1575,2225
D:\SEM 7\CVProject\datasets\bottles_closeups\image_1.jpg,317,2069,739,2377
D:\SEM 7\CVProject\datasets\bottles_closeups\image_1.jpg,2043,2694,2517,2967
D:\SEM 7\CVProject\datasets\bottles_closeups\image_1.jpg,502,2901,841,3270
D:\SEM 7\CVProject\datasets\bottles_closeups\image_1.jpg,1683,1752,2193,1996
D:\SEM 7\CVProject\datasets\bottles_closeups\image_1.jpg,2835,3207,2990,3999
D:\SEM 7\CVProject\datasets\bottles_closeups\image_1.jpg,76,1899,414,2257
D:\SEM 7\CVProject\datasets\bottles_closeups\image_1.jpg,744,80,1248,315
D:\SEM 7\CVProject\datasets\bottles_closeups\image_1.jpg,2165,53,2594,329
D:\SEM 7\CVProject\datasets\bottles_closeups\image_1.jpg,2479,2172,2777,2558
D:\SEM 7\CVProject\datasets\bottles_closeups\image_1.jpg,476,2615,827,2936
D:\SEM 7\CVProject\datasets\bottles_closeups\image_1.jpg,1668,3374,1966,3749
D:\SEM 7\CVProject\datasets\bottles_closeups\image_1.jpg,1642,3782,2153,3999
D:\SEM 7\CVProject\datasets\bottles_closeups\image_1.jpg,0,3080,450,3326
D:\SEM 7\CVProject\datasets\bottles_closeups\image_1.jpg,783,344,1164,633
D:\SEM 7\CVProject\datasets\bottles_closeups\image_1.jpg,417,0,679,397
D:\SEM 7\CVProject\datasets\bottles_closeups\image_1.jpg,357,614,768,859
D:\SEM 7\CVProject\datasets\bottles_closeups\image_1.jpg,1292,2827,1664,3096
D:\SEM 7\CVProject\datasets\bottles_closeups\image_1.jpg,2133,2262,2613,2470
D:\SEM 7\CVProject\datasets\bottles_closeups\image_1.jpg,2736,2225,2999,2603
D:\SEM 7\CVProject\datasets\bottles_closeups\image_1.jpg,1765,2408,1992,2834
D:\SEM 7\CVProject\datasets\bottles_closeups\image_1.jpg,2624,965,2999,1222
D:\SEM 7\CVProject\datasets\bottles_closeups\image_1.jpg,157,3331,451,3657
D:\SEM 7\CVProject\datasets\bottles_closeups\image_1.jpg,568,2779,883,3072
D:\SEM 7\CVProject\datasets\bottles_closeups\image_1.jpg,2252,411,2469,822
D:\SEM 7\CVProject\datasets\bottles_closeups\image_1.jpg,1771,25,1998,404
D:\SEM 7\CVProject\datasets\bottles_closeups\image_1.jpg,1042,1398,1334,1691
D:\SEM 7\CVProject\datasets\bottles_closeups\image_1.jpg,0,0,254,336
D:\SEM 7\CVProject\datasets\bottles_closeups\image_1.jpg,1470,1301,1833,1535
D:\SEM 7\CVProject\datasets\bottles_closeups\image_1.jpg,2287,1696,2728,1886
D:\SEM 7\CVProject\datasets\bottles_closeups\image_1.jpg,1522,2375,1765,2711
D:\SEM 7\CVProject\datasets\bottles_closeups\image_1.jpg,2434,3413,2729,3685
D:\SEM 7\CVProject\datasets\bottles_closeups\image_1.jpg,326,3358,553,3708
D:\SEM 7\CVProject\datasets\bottles_closeups\image_1.jpg,0,577,420,757
D:\SEM 7\CVProject\datasets\bottles_closeups\image_1.jpg,2644,2523,2972,2748
D:\SEM 7\CVProject\datasets\bottles_closeups\image_1.jpg,2280,947,2622,1160
D:\SEM 7\CVProject\datasets\bottles_closeups\image_1.jpg,1264,3001,1464,3365
D:\SEM 7\CVProject\datasets\bottles_closeups\image_1.jpg,0,996,276,1258
D:\SEM 7\CVProject\datasets\bottles_closeups\image_1.jpg,0,2406,287,2654
D:\SEM 7\CVProject\datasets\bottles_closeups\image_1.jpg,1862,26,2104,319
D:\SEM 7\CVProject\datasets\bottles_closeups\image_1.jpg,1482,1516,1843,1710
D:\SEM 7\CVProject\datasets\bottles_closeups\image_1.jpg,1924,1499,2339,1665
D:\SEM 7\CVProject\datasets\bottles_closeups\image_1.jpg,892,3300,1219,3501
D:\SEM 7\CVProject\datasets\bottles_closeups\image_1.jpg,1230,3404,1564,3597
D:\SEM 7\CVProject\datasets\bottles_closeups\image_1.jpg,1551,80,1758,378
D:\SEM 7\CVProject\datasets\bottles_closeups\image_1.jpg,1438,2480,1677,2737
D:\SEM 7\CVProject\datasets\bottles_closeups\image_1.jpg,428,419,809,580
D:\SEM 7\CVProject\datasets\bottles_closeups\image_1.jpg,2746,2603,2865,3110
D:\SEM 7\CVProject\datasets\bottles_closeups\image_1.jpg,1362,66,1631,290
D:\SEM 7\CVProject\datasets\bottles_closeups\image_1.jpg,0,1665,322,1849
D:\SEM 7\CVProject\datasets\bottles_closeups\image_1.jpg,0,2658,275,2873
D:\SEM 7\CVProject\datasets\bottles_closeups\image_1.jpg,1795,1858,2110,2044
D:\SEM 7\CVProject\datasets\bottles_closeups\image_1.jpg,1357,3019,1516,3374
D:\SEM 7\CVProject\datasets\bottles_closeups\image_1.jpg,768,2544,1019,2767
D:\SEM 7\CVProject\datasets\bottles_closeups\image_1.jpg,1714,1375,2042,1542
D:\SEM 7\CVProject\datasets\bottles_closeups\image_1.jpg,539,1982,830,2170
D:\SEM 7\CVProject\datasets\bottles_closeups\image_1.jpg,453,1613,758,1792
D:\SEM 7\CVProject\datasets\bottles_closeups\image_1.jpg,2211,2441,2376,2769
D:\SEM 7\CVProject\datasets\bottles_closeups\image_1.jpg,2763,0,2999,218
D:\SEM 7\CVProject\datasets\bottles_closeups\image_1.jpg,0,3521,162,3835
D:\SEM 7\CVProject\datasets\bottles_closeups\image_1.jpg,590,3090,828,3300
D:\SEM 7\CVProject\datasets\bottles_closeups\image_1.jpg,383,1998,613,2212
D:\SEM 7\CVProject\datasets\bottles_closeups\image_1.jpg,1549,1725,1719,2014
D:\SEM 7\CVProject\datasets\bottles_closeups\image_1.jpg,2711,1613,2999,1775
D:\SEM 7\CVProject\datasets\bottles_closeups\image_1.jpg,1441,1668,1723,1833
D:\SEM 7\CVProject\datasets\bottles_closeups\image_1.jpg,360,2798,574,3014
D:\SEM 7\CVProject\datasets\bottles_closeups\image_1.jpg,1751,1499,1974,1702
D:\SEM 7\CVProject\datasets\bottles_closeups\image_1.jpg,2202,1570,2383,1815
D:\SEM 7\CVProject\datasets\bottles_closeups\image_1.jpg,793,1938,932,2256
D:\SEM 7\CVProject\datasets\bottles_closeups\image_1.jpg,828,370,1132,513
D:\SEM 7\CVProject\datasets\bottles_closeups\image_1.jpg,274,3394,455,3632
D:\SEM 7\CVProject\datasets\bottles_closeups\image_1.jpg,1629,3112,1737,3510
D:\SEM 7\CVProject\datasets\bottles_closeups\image_1.jpg,393,2527,575,2763
D:\SEM 7\CVProject\datasets\bottles_closeups\image_1.jpg,232,187,351,537
D:\SEM 7\CVProject\datasets\bottles_closeups\image_1.jpg,0,2036,192,2253
D:\SEM 7\CVProject\datasets\bottles_closeups\image_1.jpg,2739,298,2863,632
D:\SEM 7\CVProject\datasets\bottles_closeups\image_1.jpg,1892,1762,2193,1898
D:\SEM 7\CVProject\datasets\bottles_closeups\image_1.jpg,743,3256,951,3449
D:\SEM 7\CVProject\datasets\bottles_closeups\image_1.jpg,1432,426,1700,574
D:\SEM 7\CVProject\datasets\bottles_closeups\image_1.jpg,2291,2025,2587,2153
D:\SEM 7\CVProject\datasets\bottles_closeups\image_1.jpg,121,2101,347,2261
D:\SEM 7\CVProject\datasets\bottles_closeups\image_1.jpg,2120,3361,2304,3555
D:\SEM 7\CVProject\datasets\bottles_closeups\image_1.jpg,559,2375,782,2535
D:\SEM 7\CVProject\datasets\bottles_closeups\image_1.jpg,2849,2926,2999,3162
D:\SEM 7\CVProject\datasets\bottles_closeups\image_1.jpg,1980,2121,2115,2379
D:\SEM 7\CVProject\datasets\bottles_closeups\image_1.jpg,434,1775,622,1960
D:\SEM 7\CVProject\datasets\bottles_closeups\image_1.jpg,2190,3837,2404,3999
D:\SEM 7\CVProject\datasets\bottles_closeups\image_1.jpg,1868,2687,2073,2853
D:\SEM 7\CVProject\datasets\bottles_closeups\image_1.jpg,958,0,1139,188
D:\SEM 7\CVProject\datasets\bottles_closeups\image_1.jpg,84,346,275,522
D:\SEM 7\CVProject\datasets\bottles_closeups\image_1.jpg,555,538,831,658
D:\SEM 7\CVProject\datasets\bottles_closeups\image_1.jpg,1803,3108,1959,3319
D:\SEM 7\CVProject\datasets\bottles_closeups\image_1.jpg,2423,2312,2607,2490
D:\SEM 7\CVProject\datasets\bottles_closeups\image_1.jpg,1618,2783,1758,3010
D:\SEM 7\CVProject\datasets\bottles_closeups\image_1.jpg,2101,2760,2363,2881
D:\SEM 7\CVProject\datasets\bottles_closeups\image_1.jpg,1139,734,1315,914
D:\SEM 7\CVProject\datasets\bottles_closeups\image_1.jpg,2458,713,2564,1009
D:\SEM 7\CVProject\datasets\bottles_closeups\image_1.jpg,2194,255,2380,420
D:\SEM 7\CVProject\datasets\bottles_closeups\image_1.jpg,1696,1606,1841,1816
D:\SEM 7\CVProject\datasets\bottles_closeups\image_1.jpg,528,3327,777,3448
D:\SEM 7\CVProject\datasets\bottles_closeups\image_1.jpg,1718,1439,1951,1567
D:\SEM 7\CVProject\datasets\bottles_closeups\image_1.jpg,195,2229,446,2346
D:\SEM 7\CVProject\datasets\bottles_closeups\image_1.jpg,655,3708,804,3903
D:\SEM 7\CVProject\datasets\bottles_closeups\image_1.jpg,1219,2399,1400,2559
D:\SEM 7\CVProject\datasets\bottles_closeups\image_1.jpg,178,3200,426,3316
D:\SEM 7\CVProject\datasets\bottles_closeups\image_1.jpg,2424,2455,2663,2575
D:\SEM 7\CVProject\datasets\bottles_closeups\image_1.jpg,2511,2315,2673,2492
D:\SEM 7\CVProject\datasets\bottles_closeups\image_1.jpg,1482,2032,1646,2205
D:\SEM 7\CVProject\datasets\bottles_closeups\image_1.jpg,410,1778,528,2018
D:\SEM 7\CVProject\datasets\bottles_closeups\image_1.jpg,2876,2678,2999,2908
D:\SEM 7\CVProject\datasets\bottles_closeups\image_1.jpg,0,2550,140,2752
D:\SEM 7\CVProject\datasets\bottles_closeups\image_1.jpg,2159,2078,2420,2186
D:\SEM 7\CVProject\datasets\bottles_closeups\image_1.jpg,2820,2192,2974,2374
D:\SEM 7\CVProject\datasets\bottles_closeups\image_1.jpg,458,1706,617,1882
D:\SEM 7\CVProject\datasets\bottles_closeups\image_1.jpg,2277,2469,2419,2664
D:\SEM 7\CVProject\datasets\bottles_closeups\image_1.jpg,2122,3033,2264,3226
D:\SEM 7\CVProject\datasets\bottles_closeups\image_1.jpg,0,890,245,1001
D:\SEM 7\CVProject\datasets\bottles_closeups\image_1.jpg,0,58,151,236
D:\SEM 7\CVProject\datasets\bottles_closeups\image_1.jpg,1296,2576,1438,2764
D:\SEM 7\CVProject\datasets\bottles_closeups\image_1.jpg,538,957,694,1127
D:\SEM 7\CVProject\datasets\bottles_closeups\image_1.jpg,1358,187,1502,370
D:\SEM 7\CVProject\datasets\bottles_closeups\image_1.jpg,75,2325,215,2513
D:\SEM 7\CVProject\datasets\bottles_closeups\image_1.jpg,1,1591,187,1732
D:\SEM 7\CVProject\datasets\bottles_closeups\image_1.jpg,710,2453,870,2614
D:\SEM 7\CVProject\datasets\bottles_closeups\image_1.jpg,2828,1983,2999,2132
D:\SEM 7\CVProject\datasets\bottles_closeups\image_1.jpg,0,0,169,150
D:\SEM 7\CVProject\datasets\bottles_closeups\image_1.jpg,516,1955,726,2075
D:\SEM 7\CVProject\datasets\bottles_closeups\image_1.jpg,2082,2628,2229,2799
D:\SEM 7\CVProject\datasets\bottles_closeups\image_1.jpg,356,789,546,918
D:\SEM 7\CVProject\datasets\bottles_closeups\image_1.jpg,364,1485,595,1591
D:\SEM 7\CVProject\datasets\bottles_closeups\image_1.jpg,2804,1740,2999,1865
D:\SEM 7\CVProject\datasets\bottles_closeups\image_1.jpg,375,2280,587,2394
D:\SEM 7\CVProject\datasets\bottles_closeups\image_1.jpg,74,2203,283,2318
D:\SEM 7\CVProject\datasets\bottles_closeups\image_1.jpg,2249,2567,2367,2770
D:\SEM 7\CVProject\datasets\bottles_closeups\image_1.jpg,1626,2460,1750,2653
D:\SEM 7\CVProject\datasets\bottles_closeups\image_1.jpg,2372,1924,2516,2090
D:\SEM 7\CVProject\datasets\bottles_closeups\image_1.jpg,203,1704,374,1843
D:\SEM 7\CVProject\datasets\bottles_closeups\image_1.jpg,2553,2016,2679,2204
D:\SEM 7\CVProject\datasets\bottles_closeups\image_1.jpg,12,2890,191,3022
D:\SEM 7\CVProject\datasets\bottles_closeups\image_1.jpg,957,3002,1103,3163
D:\SEM 7\CVProject\datasets\bottles_closeups\image_1.jpg,2500,1947,2734,2047
D:\SEM 7\CVProject\datasets\bottles_closeups\image_1.jpg,98,1916,286,2040
D:\SEM 7\CVProject\datasets\bottles_closeups\image_1.jpg,561,824,738,955
D:\SEM 7\CVProject\datasets\bottles_closeups\image_1.jpg,946,1541,1174,1642
D:\SEM 7\CVProject\datasets\bottles_closeups\image_1.jpg,1829,2212,2024,2330
D:\SEM 7\CVProject\datasets\bottles_closeups\image_1.jpg,1477,287,1586,496
D:\SEM 7\CVProject\datasets\bottles_closeups\image_1.jpg,264,2696,399,2862
D:\SEM 7\CVProject\datasets\bottles_closeups\image_1.jpg,2187,3041,2312,3219
D:\SEM 7\CVProject\datasets\bottles_closeups\image_1.jpg,430,1348,651,1448
D:\SEM 7\CVProject\datasets\bottles_closeups\image_1.jpg,2468,2697,2588,2881
D:\SEM 7\CVProject\datasets\bottles_closeups\image_1.jpg,1879,2411,1991,2606
D:\SEM 7\CVProject\datasets\bottles_closeups\image_1.jpg,2307,2270,2507,2379
D:\SEM 7\CVProject\datasets\bottles_closeups\image_1.jpg,1473,1379,1588,1568
D:\SEM 7\CVProject\datasets\bottles_closeups\image_1.jpg,1168,532,1369,640
D:\SEM 7\CVProject\datasets\bottles_closeups\image_1.jpg,411,1559,586,1683
D:\SEM 7\CVProject\datasets\bottles_closeups\image_1.jpg,85,1310,274,1424
D:\SEM 7\CVProject\datasets\bottles_closeups\image_1.jpg,240,1571,438,1679
D:\SEM 7\CVProject\datasets\bottles_closeups\image_1.jpg,672,261,761,501
D:\SEM 7\CVProject\datasets\bottles_closeups\image_1.jpg,340,123,411,423
D:\SEM 7\CVProject\datasets\bottles_closeups\image_1.jpg,2216,2478,2341,2649
D:\SEM 7\CVProject\datasets\bottles_closeups\image_1.jpg,2105,1897,2213,2094
D:\SEM 7\CVProject\datasets\bottles_closeups\image_1.jpg,0,614,101,824
D:\SEM 7\CVProject\datasets\bottles_closeups\image_1.jpg,1554,1785,1694,1933
D:\SEM 7\CVProject\datasets\bottles_closeups\image_1.jpg,1162,2501,1316,2635
D:\SEM 7\CVProject\datasets\bottles_closeups\image_1.jpg,2294,3300,2440,3441
D:\SEM 7\CVProject\datasets\bottles_closeups\image_1.jpg,2195,1694,2279,1934
D:\SEM 7\CVProject\datasets\bottles_closeups\image_1.jpg,936,2050,1032,2260
D:\SEM 7\CVProject\datasets\bottles_closeups\image_1.jpg,411,2148,536,2305
D:\SEM 7\CVProject\datasets\bottles_closeups\image_1.jpg,432,1405,630,1504
D:\SEM 7\CVProject\datasets\bottles_closeups\image_1.jpg,1,2882,71,3161
D:\SEM 7\CVProject\datasets\bottles_closeups\image_1.jpg,1213,2890,1317,3077
D:\SEM 7\CVProject\datasets\bottles_closeups\image_1.jpg,160,1959,298,2100
D:\SEM 7\CVProject\datasets\bottles_closeups\image_1.jpg,694,2392,858,2509
D:\SEM 7\CVProject\datasets\bottles_closeups\image_1.jpg,430,2356,609,2463
D:\SEM 7\CVProject\datasets\bottles_closeups\image_1.jpg,2019,2411,2151,2556
D:\SEM 7\CVProject\datasets\bottles_closeups\image_1.jpg,2853,438,2999,568
D:\SEM 7\CVProject\datasets\bottles_closeups\image_1.jpg,2054,733,2141,949
D:\SEM 7\CVProject\datasets\bottles_closeups\image_1.jpg,206,0,300,200
D:\SEM 7\CVProject\datasets\bottles_closeups\image_1.jpg,2630,3572,2724,3772
D:\SEM 7\CVProject\datasets\bottles_closeups\image_1.jpg,0,2223,112,2390
D:\SEM 7\CVProject\datasets\bottles_closeups\image_1.jpg,348,2105,477,2250
D:\SEM 7\CVProject\datasets\bottles_closeups\image_1.jpg,2633,902,2749,1063
D:\SEM 7\CVProject\datasets\bottles_closeups\image_1.jpg,1855,2863,2053,2957
D:\SEM 7\CVProject\datasets\bottles_closeups\image_1.jpg,1738,1745,1927,1843
D:\SEM 7\CVProject\datasets\bottles_closeups\image_1.jpg,112,2296,283,2404
D:\SEM 7\CVProject\datasets\bottles_closeups\image_1.jpg,763,1946,853,2151
D:\SEM 7\CVProject\datasets\bottles_closeups\image_1.jpg,1353,2622,1475,2773
D:\SEM 7\CVProject\datasets\bottles_closeups\image_1.jpg,2817,987,2999,1088
D:\SEM 7\CVProject\datasets\bottles_closeups\image_1.jpg,1545,2134,1741,2227
D:\SEM 7\CVProject\datasets\bottles_closeups\image_1.jpg,2896,2101,2999,2277
D:\SEM 7\CVProject\datasets\bottles_closeups\image_1.jpg,2266,1564,2352,1774
D:\SEM 7\CVProject\datasets\bottles_closeups\image_1.jpg,2712,2219,2856,2344
D:\SEM 7\CVProject\datasets\bottles_closeups\image_1.jpg,0,1011,127,1152
D:\SEM 7\CVProject\datasets\bottles_closeups\image_1.jpg,2854,1338,2980,1479
D:\SEM 7\CVProject\datasets\bottles_closeups\image_1.jpg,0,319,79,543
D:\SEM 7\CVProject\datasets\bottles_closeups\image_1.jpg,112,0,221,162
D:\SEM 7\CVProject\datasets\bottles_closeups\image_1.jpg,1143,378,1245,551
D:\SEM 7\CVProject\datasets\bottles_closeups\image_1.jpg,1966,1829,2146,1927
D:\SEM 7\CVProject\datasets\bottles_closeups\image_1.jpg,1972,478,2112,604
D:\SEM 7\CVProject\datasets\bottles_closeups\image_1.jpg,1238,0,1403,106
D:\SEM 7\CVProject\datasets\bottles_closeups\image_1.jpg,1076,3036,1244,3140
D:\SEM 7\CVProject\datasets\bottles_closeups\image_1.jpg,509,3139,648,3264
D:\SEM 7\CVProject\datasets\bottles_closeups\image_1.jpg,2757,2252,2814,2555
D:\SEM 7\CVProject\datasets\bottles_closeups\image_1.jpg,1152,3004,1356,3089
D:\SEM 7\CVProject\datasets\bottles_closeups\image_1.jpg,1,846,121,990
D:\SEM 7\CVProject\datasets\bottles_closeups\image_1.jpg,777,1770,938,1877
D:\SEM 7\CVProject\datasets\bottles_closeups\image_1.jpg,971,191,1074,358
D:\SEM 7\CVProject\datasets\bottles_closeups\image_1.jpg,1543,1443,1728,1535
D:\SEM 7\CVProject\datasets\bottles_closeups\image_1.jpg,1691,1359,1809,1503
D:\SEM 7\CVProject\datasets\bottles_closeups\image_1.jpg,280,2530,389,2685
D:\SEM 7\CVProject\datasets\bottles_closeups\image_1.jpg,2219,837,2291,1071
D:\SEM 7\CVProject\datasets\bottles_closeups\image_1.jpg,1392,779,1478,972
D:\SEM 7\CVProject\datasets\bottles_closeups\image_1.jpg,1380,2559,1489,2710
D:\SEM 7\CVProject\datasets\bottles_closeups\image_1.jpg,159,0,255,171
D:\SEM 7\CVProject\datasets\bottles_closeups\image_1.jpg,81,3881,220,3999
D:\SEM 7\CVProject\datasets\bottles_closeups\image_1.jpg,1856,2388,1971,2530
D:\SEM 7\CVProject\datasets\bottles_closeups\image_1.jpg,2185,1463,2353,1560
D:\SEM 7\CVProject\datasets\bottles_closeups\image_1.jpg,548,1861,716,1958
D:\SEM 7\CVProject\datasets\bottles_closeups\image_1.jpg,2811,1877,2943,2000
D:\SEM 7\CVProject\datasets\bottles_closeups\image_1.jpg,408,0,477,232
D:\SEM 7\CVProject\datasets\bottles_closeups\image_1.jpg,137,672,255,808
D:\SEM 7\CVProject\datasets\bottles_closeups\image_1.jpg,1833,1375,1975,1488
D:\SEM 7\CVProject\datasets\bottles_closeups\image_1.jpg,547,1928,723,2019
D:\SEM 7\CVProject\datasets\bottles_closeups\image_1.jpg,2807,2393,2926,2527
D:\SEM 7\CVProject\datasets\bottles_closeups\image_1.jpg,944,2928,1046,3084
D:\SEM 7\CVProject\datasets\bottles_closeups\image_1.jpg,1385,3579,1516,3699
D:\SEM 7\CVProject\datasets\bottles_closeups\image_1.jpg,2534,1335,2723,1418
D:\SEM 7\CVProject\datasets\bottles_closeups\image_1.jpg,978,2656,1114,2771
D:\SEM 7\CVProject\datasets\bottles_closeups\image_1.jpg,2518,3437,2606,3614
D:\SEM 7\CVProject\datasets\bottles_closeups\image_1.jpg,402,1944,507,2092
D:\SEM 7\CVProject\datasets\bottles_closeups\image_1.jpg,1676,3908,1846,3999
D:\SEM 7\CVProject\datasets\bottles_closeups\image_1.jpg,1920,974,2064,1081
D:\SEM 7\CVProject\datasets\bottles_closeups\image_1.jpg,2845,2474,2996,2576
D:\SEM 7\CVProject\datasets\bottles_closeups\image_1.jpg,1582,194,1671,366
D:\SEM 7\CVProject\datasets\bottles_closeups\image_1.jpg,1749,3692,1853,3839
D:\SEM 7\CVProject\datasets\bottles_closeups\image_1.jpg,2039,2322,2205,2413
D:\SEM 7\CVProject\datasets\bottles_closeups\image_1.jpg,281,1968,411,2084
D:\SEM 7\CVProject\datasets\bottles_closeups\image_1.jpg,610,1730,722,1864
D:\SEM 7\CVProject\datasets\bottles_closeups\image_1.jpg,2261,2450,2435,2536
D:\SEM 7\CVProject\datasets\bottles_closeups\image_1.jpg,635,287,711,482
D:\SEM 7\CVProject\datasets\bottles_closeups\image_1.jpg,1961,3111,2098,3219
D:\SEM 7\CVProject\datasets\bottles_closeups\image_1.jpg,2821,1627,2999,1710
D:\SEM 7\CVProject\datasets\bottles_closeups\image_1.jpg,160,2402,291,2514
D:\SEM 7\CVProject\datasets\bottles_closeups\image_1.jpg,663,1731,762,1877
D:\SEM 7\CVProject\datasets\bottles_closeups\image_1.jpg,2182,3196,2257,3388
D:\SEM 7\CVProject\datasets\bottles_closeups\image_1.jpg,2449,2997,2599,3093
D:\SEM 7\CVProject\datasets\bottles_closeups\image_1.jpg,278,1450,392,1575
D:\SEM 7\CVProject\datasets\bottles_closeups\image_1.jpg,563,1502,674,1630
D:\SEM 7\CVProject\datasets\bottles_closeups\image_1.jpg,585,1811,762,1891
D:\SEM 7\CVProject\datasets\bottles_closeups\image_1.jpg,2853,2568,2999,2665
D:\SEM 7\CVProject\datasets\bottles_closeups\image_1.jpg,34,2238,162,2348
D:\SEM 7\CVProject\datasets\bottles_closeups\image_1.jpg,1028,2855,1185,2944
D:\SEM 7\CVProject\datasets\bottles_closeups\image_1.jpg,2156,3407,2283,3516
D:\SEM 7\CVProject\datasets\bottles_closeups\image_1.jpg,1663,1733,1755,1883
D:\SEM 7\CVProject\datasets\bottles_closeups\image_1.jpg,1533,703,1639,833
D:\SEM 7\CVProject\datasets\bottles_closeups\image_1.jpg,2841,1214,2999,1301
D:\SEM 7\CVProject\datasets\bottles_closeups\image_1.jpg,290,2626,365,2808
D:\SEM 7\CVProject\datasets\bottles_closeups\image_1.jpg,1897,3686,1982,3846
D:\SEM 7\CVProject\datasets\bottles_closeups\image_1.jpg,1928,1928,2060,2031
D:\SEM 7\CVProject\datasets\bottles_closeups\image_1.jpg,1847,3693,1932,3852
D:\SEM 7\CVProject\datasets\bottles_closeups\image_1.jpg,2559,2910,2716,2996
D:\SEM 7\CVProject\datasets\bottles_closeups\image_1.jpg,1483,3851,1574,3999
D:\SEM 7\CVProject\datasets\bottles_closeups\image_1.jpg,869,3073,968,3209
D:\SEM 7\CVProject\datasets\bottles_closeups\image_1.jpg,2610,2587,2709,2723
D:\SEM 7\CVProject\datasets\bottles_closeups\image_1.jpg,657,2235,774,2350
D:\SEM 7\CVProject\datasets\bottles_closeups\image_1.jpg,1255,2937,1360,3065
D:\SEM 7\CVProject\datasets\bottles_closeups\image_1.jpg,1804,3676,1892,3828
D:\SEM 7\CVProject\datasets\bottles_closeups\image_1.jpg,273,2105,375,2236
D:\SEM 7\CVProject\datasets\bottles_closeups\image_1.jpg,133,966,275,1060
D:\SEM 7\CVProject\datasets\bottles_closeups\image_1.jpg,867,2020,932,2224
D:\SEM 7\CVProject\datasets\bottles_closeups\image_1.jpg,1592,1905,1714,2014
D:\SEM 7\CVProject\datasets\bottles_closeups\image_1.jpg,1950,1402,2041,1548
D:\SEM 7\CVProject\datasets\bottles_closeups\image_1.jpg,1393,82,1494,213
D:\SEM 7\CVProject\datasets\bottles_closeups\image_1.jpg,2231,239,2358,343
D:\SEM 7\CVProject\datasets\bottles_closeups\image_1.jpg,576,1396,674,1530
D:\SEM 7\CVProject\datasets\bottles_closeups\image_1.jpg,847,1644,991,1735
D:\SEM 7\CVProject\datasets\bottles_closeups\image_1.jpg,2549,939,2630,1100
D:\SEM 7\CVProject\datasets\bottles_closeups\image_1.jpg,2033,3248,2114,3409
D:\SEM 7\CVProject\datasets\bottles_closeups\image_1.jpg,1987,3701,2065,3868
D:\SEM 7\CVProject\datasets\bottles_closeups\image_1.jpg,1833,1529,1947,1643
D:\SEM 7\CVProject\datasets\bottles_closeups\image_1.jpg,145,1870,250,1993
D:\SEM 7\CVProject\datasets\bottles_closeups\image_1.jpg,0,2381,94,2518
D:\SEM 7\CVProject\datasets\bottles_closeups\image_1.jpg,1491,2222,1609,2331
D:\SEM 7\CVProject\datasets\bottles_closeups\image_1.jpg,393,952,519,1054
D:\SEM 7\CVProject\datasets\bottles_closeups\image_1.jpg,733,2997,853,3104
D:\SEM 7\CVProject\datasets\bottles_closeups\image_1.jpg,2340,915,2414,1088
D:\SEM 7\CVProject\datasets\bottles_closeups\image_1.jpg,2176,3305,2258,3461
D:\SEM 7\CVProject\datasets\bottles_closeups\image_1.jpg,2816,2147,2969,2230
D:\SEM 7\CVProject\datasets\bottles_closeups\image_1.jpg,2181,289,2267,436
D:\SEM 7\CVProject\datasets\bottles_closeups\image_1.jpg,2843,1920,2999,2001
D:\SEM 7\CVProject\datasets\bottles_closeups\image_1.jpg,276,2386,453,2457
D:\SEM 7\CVProject\datasets\bottles_closeups\image_1.jpg,1467,1496,1598,1592
D:\SEM 7\CVProject\datasets\bottles_closeups\image_1.jpg,2474,2293,2587,2404
D:\SEM 7\CVProject\datasets\bottles_closeups\image_1.jpg,706,2066,835,2163
D:\SEM 7\CVProject\datasets\bottles_closeups\image_1.jpg,392,1865,491,1990
D:\SEM 7\CVProject\datasets\bottles_closeups\image_1.jpg,2154,2041,2320,2115
D:\SEM 7\CVProject\datasets\bottles_closeups\image_1.jpg,1598,78,1694,206
D:\SEM 7\CVProject\datasets\bottles_closeups\image_1.jpg,1977,3151,2053,3312
D:\SEM 7\CVProject\datasets\bottles_closeups\image_1.jpg,1973,2382,2058,2526
D:\SEM 7\CVProject\datasets\bottles_closeups\image_1.jpg,1661,2698,1795,2789
D:\SEM 7\CVProject\datasets\bottles_closeups\image_1.jpg,1238,2695,1372,2786
D:\SEM 7\CVProject\datasets\bottles_closeups\image_1.jpg,118,2600,262,2684
D:\SEM 7\CVProject\datasets\bottles_closeups\image_1.jpg,2888,1841,2999,1950
D:\SEM 7\CVProject\datasets\bottles_closeups\image_1.jpg,868,2741,980,2849
D:\SEM 7\CVProject\datasets\bottles_closeups\image_1.jpg,2075,3743,2150,3904
D:\SEM 7\CVProject\datasets\bottles_closeups\image_1.jpg,2529,895,2624,1022
D:\SEM 7\CVProject\datasets\bottles_closeups\image_1.jpg,567,1761,675,1872
D:\SEM 7\CVProject\datasets\bottles_closeups\image_1.jpg,2909,2273,2999,2406
D:\SEM 7\CVProject\datasets\bottles_closeups\image_1.jpg,1,2148,94,2276
D:\SEM 7\CVProject\datasets\bottles_closeups\image_1.jpg,2208,2638,2284,2794
D:\SEM 7\CVProject\datasets\bottles_closeups\image_1.jpg,1379,167,1458,317
D:\SEM 7\CVProject\datasets\bottles_closeups\image_1.jpg,344,2161,448,2275
D:\SEM 7\CVProject\datasets\bottles_closeups\image_1.jpg,661,1846,757,1969
D:\SEM 7\CVProject\datasets\bottles_closeups\image_10.jpg,0,83,3023,2339
D:\SEM 7\CVProject\datasets\bottles_closeups\image_10.jpg,0,2287,3023,4031
D:\SEM 7\CVProject\datasets\bottles_closeups\image_10.jpg,1426,2953,3023,4031
D:\SEM 7\CVProject\datasets\bottles_closeups\image_10.jpg,979,1841,2068,2974
D:\SEM 7\CVProject\datasets\bottles_closeups\image_10.jpg,1879,1640,3023,2256
D:\SEM 7\CVProject\datasets\bottles_closeups\image_10.jpg,1035,3298,2026,3998
D:\SEM 7\CVProject\datasets\bottles_closeups\image_10.jpg,1241,94,1807,457
D:\SEM 7\CVProject\datasets\bottles_closeups\image_10.jpg,1220,326,1831,607
D:\SEM 7\CVProject\datasets\bottles_closeups\image_10.jpg,2518,3712,3023,4031
D:\SEM 7\CVProject\datasets\bottles_closeups\image_10.jpg,1344,3681,1876,3905
D:\SEM 7\CVProject\datasets\bottles_closeups\image_10.jpg,1646,2139,1979,2494
D:\SEM 7\CVProject\datasets\bottles_closeups\image_10.jpg,1004,1118,1533,1339
D:\SEM 7\CVProject\datasets\bottles_closeups\image_10.jpg,696,1274,955,1666
D:\SEM 7\CVProject\datasets\bottles_closeups\image_10.jpg,1400,687,1818,902
D:\SEM 7\CVProject\datasets\bottles_closeups\image_10.jpg,1404,2199,1661,2531
D:\SEM 7\CVProject\datasets\bottles_closeups\image_10.jpg,1142,2234,1410,2529
D:\SEM 7\CVProject\datasets\bottles_closeups\image_10.jpg,1354,2563,1786,2742
D:\SEM 7\CVProject\datasets\bottles_closeups\image_10.jpg,1008,2759,1206,3121
D:\SEM 7\CVProject\datasets\bottles_closeups\image_10.jpg,1017,3080,1222,3401
D:\SEM 7\CVProject\datasets\bottles_closeups\image_10.jpg,715,3081,1025,3275
D:\SEM 7\CVProject\datasets\bottles_closeups\image_10.jpg,2792,3779,3023,4031
D:\SEM 7\CVProject\datasets\bottles_closeups\image_10.jpg,2280,3817,2545,4031
D:\SEM 7\CVProject\datasets\bottles_closeups\image_10.jpg,300,3863,613,4031
D:\SEM 7\CVProject\datasets\bottles_closeups\image_10.jpg,1810,3132,2038,3356
D:\SEM 7\CVProject\datasets\bottles_closeups\image_10.jpg,2094,3861,2315,4031
D:\SEM 7\CVProject\datasets\bottles_closeups\image_10.jpg,1788,3058,2036,3208
D:\SEM 7\CVProject\datasets\bottles_closeups\image_10.jpg,2064,1976,2247,2175
D:\SEM 7\CVProject\datasets\bottles_closeups\image_10.jpg,1652,2281,1817,2482
D:\SEM 7\CVProject\datasets\bottles_closeups\image_10.jpg,1020,3037,1128,3306
D:\SEM 7\CVProject\datasets\bottles_closeups\image_10.jpg,1409,2322,1557,2518
D:\SEM 7\CVProject\datasets\bottles_closeups\image_10.jpg,1924,2747,2053,2968
D:\SEM 7\CVProject\datasets\bottles_closeups\image_10.jpg,999,1713,1203,1852
D:\SEM 7\CVProject\datasets\bottles_closeups\image_10.jpg,2650,3789,2816,3956
D:\SEM 7\CVProject\datasets\bottles_closeups\image_10.jpg,905,3894,1102,4031
D:\SEM 7\CVProject\datasets\bottles_closeups\image_10.jpg,625,3770,786,3932
D:\SEM 7\CVProject\datasets\bottles_closeups\image_10.jpg,1232,3117,1460,3229
D:\SEM 7\CVProject\datasets\bottles_closeups\image_10.jpg,1,2929,143,3108
D:\SEM 7\CVProject\datasets\bottles_closeups\image_10.jpg,1014,2839,1112,3096
D:\SEM 7\CVProject\datasets\bottles_closeups\image_10.jpg,1067,968,1287,1077
D:\SEM 7\CVProject\datasets\bottles_closeups\image_10.jpg,1771,701,1925,856
D:\SEM 7\CVProject\datasets\bottles_closeups\image_10.jpg,2466,2980,2639,3112
D:\SEM 7\CVProject\datasets\bottles_closeups\image_10.jpg,398,3086,581,3210
D:\SEM 7\CVProject\datasets\bottles_closeups\image_10.jpg,1356,2566,1494,2730
D:\SEM 7\CVProject\datasets\bottles_closeups\image_10.jpg,1081,878,1310,975
D:\SEM 7\CVProject\datasets\bottles_closeups\image_10.jpg,1821,2236,1924,2450
D:\SEM 7\CVProject\datasets\bottles_closeups\image_10.jpg,1,3499,125,3676
D:\SEM 7\CVProject\datasets\bottles_closeups\image_10.jpg,1571,2206,1642,2503
D:\SEM 7\CVProject\datasets\bottles_closeups\image_10.jpg,1874,3935,2091,4031
D:\SEM 7\CVProject\datasets\bottles_closeups\image_10.jpg,986,1513,1062,1785
D:\SEM 7\CVProject\datasets\bottles_closeups\image_10.jpg,1152,3585,1371,3679
D:\SEM 7\CVProject\datasets\bottles_closeups\image_10.jpg,221,3583,374,3716
D:\SEM 7\CVProject\datasets\bottles_closeups\image_10.jpg,1811,3566,1993,3677
D:\SEM 7\CVProject\datasets\bottles_closeups\image_10.jpg,715,1289,936,1380
D:\SEM 7\CVProject\datasets\bottles_closeups\image_10.jpg,561,3135,683,3300
D:\SEM 7\CVProject\datasets\bottles_closeups\image_10.jpg,991,1264,1088,1463
D:\SEM 7\CVProject\datasets\bottles_closeups\image_10.jpg,1332,3463,1499,3575
D:\SEM 7\CVProject\datasets\bottles_closeups\image_10.jpg,1036,996,1167,1130
D:\SEM 7\CVProject\datasets\bottles_closeups\image_10.jpg,324,3323,476,3433
D:\SEM 7\CVProject\datasets\bottles_closeups\image_10.jpg,1780,3469,1965,3559
D:\SEM 7\CVProject\datasets\bottles_closeups\image_10.jpg,1705,2450,1877,2546
D:\SEM 7\CVProject\datasets\bottles_closeups\image_10.jpg,1503,2603,1643,2721
D:\SEM 7\CVProject\datasets\bottles_closeups\image_10.jpg,346,2879,468,3014
D:\SEM 7\CVProject\datasets\bottles_closeups\image_10.jpg,1153,3456,1254,3611
D:\SEM 7\CVProject\datasets\bottles_closeups\image_10.jpg,1921,2148,1969,2471
D:\SEM 7\CVProject\datasets\bottles_closeups\image_10.jpg,1651,2577,1781,2697
D:\SEM 7\CVProject\datasets\bottles_closeups\image_10.jpg,1191,2337,1274,2524
D:\SEM 7\CVProject\datasets\bottles_closeups\image_10.jpg,1786,909,1962,997
D:\SEM 7\CVProject\datasets\bottles_closeups\image_10.jpg,1049,2811,1172,2935
D:\SEM 7\CVProject\datasets\bottles_closeups\image_10.jpg,833,3782,945,3918
D:\SEM 7\CVProject\datasets\bottles_closeups\image_10.jpg,1703,3485,1848,3588
D:\SEM 7\CVProject\datasets\bottles_closeups\image_10.jpg,90,3159,218,3273
D:\SEM 7\CVProject\datasets\bottles_closeups\image_10.jpg,917,3234,1031,3357
D:\SEM 7\CVProject\datasets\bottles_closeups\image_10.jpg,1035,1786,1201,1867
D:\SEM 7\CVProject\datasets\bottles_closeups\image_10.jpg,659,3022,766,3147
D:\SEM 7\CVProject\datasets\bottles_closeups\image_10.jpg,1502,2656,1640,2752
D:\SEM 7\CVProject\datasets\bottles_closeups\image_10.jpg,1371,3678,1481,3798
D:\SEM 7\CVProject\datasets\bottles_closeups\image_10.jpg,1649,2627,1777,2729
D:\SEM 7\CVProject\datasets\bottles_closeups\image_10.jpg,1355,2669,1496,2760
D:\SEM 7\CVProject\datasets\bottles_closeups\image_10.jpg,1809,823,1899,963
D:\SEM 7\CVProject\datasets\bottles_closeups\image_10.jpg,570,2930,699,3025
D:\SEM 7\CVProject\datasets\bottles_closeups\image_10.jpg,1685,2717,1753,2896
D:\SEM 7\CVProject\datasets\bottles_closeups\image_10.jpg,1711,2343,1830,2444
D:\SEM 7\CVProject\datasets\bottles_closeups\image_11.jpg,0,0,3023,3381
D:\SEM 7\CVProject\datasets\bottles_closeups\image_11.jpg,0,2311,3023,4031
D:\SEM 7\CVProject\datasets\bottles_closeups\image_11.jpg,1707,0,3023,1906
D:\SEM 7\CVProject\datasets\bottles_closeups\image_11.jpg,859,845,1652,1994
D:\SEM 7\CVProject\datasets\bottles_closeups\image_11.jpg,712,2535,1631,2996
D:\SEM 7\CVProject\datasets\bottles_closeups\image_11.jpg,877,1982,1631,2517
D:\SEM 7\CVProject\datasets\bottles_closeups\image_11.jpg,925,1210,1640,1615
D:\SEM 7\CVProject\datasets\bottles_closeups\image_11.jpg,2391,2400,3023,2659
D:\SEM 7\CVProject\datasets\bottles_closeups\image_11.jpg,1047,844,1471,1113
D:\SEM 7\CVProject\datasets\bottles_closeups\image_11.jpg,1326,2071,1510,2398
D:\SEM 7\CVProject\datasets\bottles_closeups\image_11.jpg,1082,1086,1465,1242
D:\SEM 7\CVProject\datasets\bottles_closeups\image_11.jpg,1282,2644,1635,2785
D:\SEM 7\CVProject\datasets\bottles_closeups\image_11.jpg,1342,1643,1640,1810
D:\SEM 7\CVProject\datasets\bottles_closeups\image_11.jpg,996,2087,1125,2465
D:\SEM 7\CVProject\datasets\bottles_closeups\image_11.jpg,1344,1489,1624,1652
D:\SEM 7\CVProject\datasets\bottles_closeups\image_11.jpg,2451,1010,2552,1451
D:\SEM 7\CVProject\datasets\bottles_closeups\image_11.jpg,156,3146,430,3300
D:\SEM 7\CVProject\datasets\bottles_closeups\image_11.jpg,875,1992,1047,2237
D:\SEM 7\CVProject\datasets\bottles_closeups\image_11.jpg,879,2231,1028,2501
D:\SEM 7\CVProject\datasets\bottles_closeups\image_11.jpg,1504,2016,1599,2369
D:\SEM 7\CVProject\datasets\bottles_closeups\image_11.jpg,2382,1091,2468,1480
D:\SEM 7\CVProject\datasets\bottles_closeups\image_11.jpg,1447,1811,1640,1978
D:\SEM 7\CVProject\datasets\bottles_closeups\image_11.jpg,1530,2224,1631,2538
D:\SEM 7\CVProject\datasets\bottles_closeups\image_11.jpg,964,2910,1226,3024
D:\SEM 7\CVProject\datasets\bottles_closeups\image_11.jpg,1996,2209,2218,2323
D:\SEM 7\CVProject\datasets\bottles_closeups\image_11.jpg,1417,2183,1515,2439
D:\SEM 7\CVProject\datasets\bottles_closeups\image_11.jpg,1335,2137,1461,2327
D:\SEM 7\CVProject\datasets\bottles_closeups\image_11.jpg,1746,0,1924,110
D:\SEM 7\CVProject\datasets\bottles_closeups\image_11.jpg,948,3072,1141,3165
D:\SEM 7\CVProject\datasets\bottles_closeups\image_11.jpg,878,2431,1040,2540
D:\SEM 7\CVProject\datasets\bottles_closeups\image_11.jpg,2442,745,2575,874
D:\SEM 7\CVProject\datasets\bottles_closeups\image_11.jpg,1104,2210,1157,2522
D:\SEM 7\CVProject\datasets\bottles_closeups\image_11.jpg,1056,1404,1176,1539
D:\SEM 7\CVProject\datasets\bottles_closeups\image_11.jpg,1174,2609,1370,2691
D:\SEM 7\CVProject\datasets\bottles_closeups\image_11.jpg,1301,833,1462,932
D:\SEM 7\CVProject\datasets\bottles_closeups\image_11.jpg,987,3208,1110,3331
D:\SEM 7\CVProject\datasets\bottles_closeups\image_11.jpg,1506,2121,1569,2336
D:\SEM 7\CVProject\datasets\bottles_closeups\image_11.jpg,1066,833,1233,910
D:\SEM 7\CVProject\datasets\bottles_closeups\image_11.jpg,1469,1775,1635,1852
D:\SEM 7\CVProject\datasets\bottles_closeups\image_11.jpg,1067,2612,1162,2743
D:\SEM 7\CVProject\datasets\bottles_closeups\image_12.jpg,0,887,3023,4031
D:\SEM 7\CVProject\datasets\bottles_closeups\image_12.jpg,0,0,3023,2666
D:\SEM 7\CVProject\datasets\bottles_closeups\image_12.jpg,2100,1847,3023,4031
D:\SEM 7\CVProject\datasets\bottles_closeups\image_12.jpg,2372,2509,3023,3737
D:\SEM 7\CVProject\datasets\bottles_closeups\image_12.jpg,1123,2571,1643,3417
D:\SEM 7\CVProject\datasets\bottles_closeups\image_12.jpg,2481,3154,3023,3962
D:\SEM 7\CVProject\datasets\bottles_closeups\image_12.jpg,0,2743,523,3573
D:\SEM 7\CVProject\datasets\bottles_closeups\image_12.jpg,1440,1313,2028,1895
D:\SEM 7\CVProject\datasets\bottles_closeups\image_12.jpg,2315,2278,2868,2795
D:\SEM 7\CVProject\datasets\bottles_closeups\image_12.jpg,2078,3359,2464,4031
D:\SEM 7\CVProject\datasets\bottles_closeups\image_12.jpg,720,2254,1273,2574
D:\SEM 7\CVProject\datasets\bottles_closeups\image_12.jpg,594,2138,929,2656
D:\SEM 7\CVProject\datasets\bottles_closeups\image_12.jpg,1362,1784,1753,2114
D:\SEM 7\CVProject\datasets\bottles_closeups\image_12.jpg,1459,1437,1678,1873
D:\SEM 7\CVProject\datasets\bottles_closeups\image_12.jpg,380,2405,610,2762
D:\SEM 7\CVProject\datasets\bottles_closeups\image_12.jpg,1240,1977,1468,2239
D:\SEM 7\CVProject\datasets\bottles_closeups\image_12.jpg,2640,3176,2848,3430
D:\SEM 7\CVProject\datasets\bottles_closeups\image_12.jpg,2323,2770,2521,3036
D:\SEM 7\CVProject\datasets\bottles_closeups\image_12.jpg,694,2079,891,2334
D:\SEM 7\CVProject\datasets\bottles_closeups\image_12.jpg,2540,2081,2843,2217
D:\SEM 7\CVProject\datasets\bottles_closeups\image_12.jpg,722,2450,984,2595
D:\SEM 7\CVProject\datasets\bottles_closeups\image_12.jpg,1431,1699,1601,1906
D:\SEM 7\CVProject\datasets\bottles_closeups\image_12.jpg,2354,2078,2479,2336
D:\SEM 7\CVProject\datasets\bottles_closeups\image_12.jpg,0,1168,195,1333
D:\SEM 7\CVProject\datasets\bottles_closeups\image_12.jpg,2622,2275,2842,2408
D:\SEM 7\CVProject\datasets\bottles_closeups\image_12.jpg,2322,3477,2438,3709
D:\SEM 7\CVProject\datasets\bottles_closeups\image_12.jpg,965,2229,1111,2408
D:\SEM 7\CVProject\datasets\bottles_closeups\image_12.jpg,745,1853,828,2163
D:\SEM 7\CVProject\datasets\bottles_closeups\image_12.jpg,2300,3415,2396,3679
D:\SEM 7\CVProject\datasets\bottles_closeups\image_12.jpg,2687,1901,2871,2037
D:\SEM 7\CVProject\datasets\bottles_closeups\image_12.jpg,1781,1888,1871,2158
D:\SEM 7\CVProject\datasets\bottles_closeups\image_12.jpg,395,2522,549,2669
D:\SEM 7\CVProject\datasets\bottles_closeups\image_12.jpg,1223,2226,1442,2323
D:\SEM 7\CVProject\datasets\bottles_closeups\image_12.jpg,2796,2212,2931,2358
D:\SEM 7\CVProject\datasets\bottles_closeups\image_12.jpg,2696,3842,2851,3966
D:\SEM 7\CVProject\datasets\bottles_closeups\image_12.jpg,2320,2224,2400,2459
D:\SEM 7\CVProject\datasets\bottles_closeups\image_12.jpg,2705,3101,2910,3187
D:\SEM 7\CVProject\datasets\bottles_closeups\image_12.jpg,2485,3684,2539,3985
D:\SEM 7\CVProject\datasets\bottles_closeups\image_12.jpg,1453,1923,1562,2070
D:\SEM 7\CVProject\datasets\bottles_closeups\image_12.jpg,2541,2059,2662,2189
D:\SEM 7\CVProject\datasets\bottles_closeups\image_12.jpg,2136,3513,2203,3734
D:\SEM 7\CVProject\datasets\bottles_closeups\image_12.jpg,2810,2038,2900,2199
D:\SEM 7\CVProject\datasets\bottles_closeups\image_12.jpg,2797,2616,2906,2741
D:\SEM 7\CVProject\datasets\bottles_closeups\image_12.jpg,2740,3005,2876,3104
D:\SEM 7\CVProject\datasets\bottles_closeups\image_12.jpg,884,1851,938,2097
D:\SEM 7\CVProject\datasets\bottles_closeups\image_12.jpg,2952,3859,3023,4031
D:\SEM 7\CVProject\datasets\bottles_closeups\image_13.jpg,0,0,3023,2410
D:\SEM 7\CVProject\datasets\bottles_closeups\image_13.jpg,0,2204,3023,4031
D:\SEM 7\CVProject\datasets\bottles_closeups\image_13.jpg,831,1786,1847,2750
D:\SEM 7\CVProject\datasets\bottles_closeups\image_13.jpg,841,2471,1769,3043
D:\SEM 7\CVProject\datasets\bottles_closeups\image_13.jpg,863,2884,1706,3443
D:\SEM 7\CVProject\datasets\bottles_closeups\image_13.jpg,1399,1391,1901,1978
D:\SEM 7\CVProject\datasets\bottles_closeups\image_13.jpg,1126,59,1709,434
D:\SEM 7\CVProject\datasets\bottles_closeups\image_13.jpg,797,1557,1321,1940
D:\SEM 7\CVProject\datasets\bottles_closeups\image_13.jpg,981,2155,1590,2411
D:\SEM 7\CVProject\datasets\bottles_closeups\image_13.jpg,856,1869,1172,2355
D:\SEM 7\CVProject\datasets\bottles_closeups\image_13.jpg,1142,517,1554,874
D:\SEM 7\CVProject\datasets\bottles_closeups\image_13.jpg,857,2251,1171,2694
D:\SEM 7\CVProject\datasets\bottles_closeups\image_13.jpg,1607,2027,1735,2610
D:\SEM 7\CVProject\datasets\bottles_closeups\image_13.jpg,988,2387,1346,2557
D:\SEM 7\CVProject\datasets\bottles_closeups\image_13.jpg,1575,2481,1759,2802
D:\SEM 7\CVProject\datasets\bottles_closeups\image_13.jpg,1583,1264,1903,1415
D:\SEM 7\CVProject\datasets\bottles_closeups\image_13.jpg,1391,2185,1515,2438
D:\SEM 7\CVProject\datasets\bottles_closeups\image_13.jpg,868,2071,973,2307
D:\SEM 7\CVProject\datasets\bottles_closeups\image_13.jpg,886,1481,1061,1622
D:\SEM 7\CVProject\datasets\bottles_closeups\image_13.jpg,1230,2252,1387,2399
D:\SEM 7\CVProject\datasets\bottles_closeups\image_13.jpg,1569,2981,1701,3151
D:\SEM 7\CVProject\datasets\bottles_closeups\image_13.jpg,1350,3174,1540,3272
D:\SEM 7\CVProject\datasets\bottles_closeups\image_13.jpg,1092,2617,1280,2716
D:\SEM 7\CVProject\datasets\bottles_closeups\image_13.jpg,1644,994,1790,1120
D:\SEM 7\CVProject\datasets\bottles_closeups\image_13.jpg,1507,2165,1576,2416
D:\SEM 7\CVProject\datasets\bottles_closeups\image_13.jpg,1028,2231,1146,2376
D:\SEM 7\CVProject\datasets\bottles_closeups\image_13.jpg,854,2584,982,2716
D:\SEM 7\CVProject\datasets\bottles_closeups\image_13.jpg,1154,2171,1226,2392
D:\SEM 7\CVProject\datasets\bottles_closeups\image_13.jpg,1273,2340,1454,2427
D:\SEM 7\CVProject\datasets\bottles_closeups\image_13.jpg,858,2701,924,2938
D:\SEM 7\CVProject\datasets\bottles_closeups\image_13.jpg,1011,2963,1194,3045
D:\SEM 7\CVProject\datasets\bottles_closeups\image_13.jpg,1657,2763,1728,2967
D:\SEM 7\CVProject\datasets\bottles_closeups\image_13.jpg,1444,3202,1569,3311
D:\SEM 7\CVProject\datasets\bottles_closeups\image_13.jpg,1273,2270,1408,2367
D:\SEM 7\CVProject\datasets\bottles_closeups\image_13.jpg,1407,3119,1558,3205
D:\SEM 7\CVProject\datasets\bottles_closeups\image_13.jpg,970,3169,1068,3298
D:\SEM 7\CVProject\datasets\bottles_closeups\image_13.jpg,1034,2843,1121,2988
D:\SEM 7\CVProject\datasets\bottles_closeups\image_13.jpg,874,1376,1041,1451
D:\SEM 7\CVProject\datasets\bottles_closeups\image_13.jpg,1205,3140,1327,3239
D:\SEM 7\CVProject\datasets\bottles_closeups\image_14.jpg,0,508,2933,4031
D:\SEM 7\CVProject\datasets\bottles_closeups\image_14.jpg,1643,0,3023,1605
D:\SEM 7\CVProject\datasets\bottles_closeups\image_14.jpg,1662,1159,3023,2722
D:\SEM 7\CVProject\datasets\bottles_closeups\image_14.jpg,1818,2102,3023,2859
D:\SEM 7\CVProject\datasets\bottles_closeups\image_14.jpg,0,1092,393,3373
D:\SEM 7\CVProject\datasets\bottles_closeups\image_14.jpg,1192,501,1969,1304
D:\SEM 7\CVProject\datasets\bottles_closeups\image_14.jpg,1128,2164,1835,2690
D:\SEM 7\CVProject\datasets\bottles_closeups\image_14.jpg,1024,2998,1832,3393
D:\SEM 7\CVProject\datasets\bottles_closeups\image_14.jpg,1230,209,1596,754
D:\SEM 7\CVProject\datasets\bottles_closeups\image_14.jpg,2667,2327,3023,2857
D:\SEM 7\CVProject\datasets\bottles_closeups\image_14.jpg,1590,2198,1814,2679
D:\SEM 7\CVProject\datasets\bottles_closeups\image_14.jpg,2725,1784,3023,2143
D:\SEM 7\CVProject\datasets\bottles_closeups\image_14.jpg,2750,2188,3023,2555
D:\SEM 7\CVProject\datasets\bottles_closeups\image_14.jpg,1188,0,1458,343
D:\SEM 7\CVProject\datasets\bottles_closeups\image_14.jpg,1518,2900,1845,3153
D:\SEM 7\CVProject\datasets\bottles_closeups\image_14.jpg,1410,2321,1591,2651
D:\SEM 7\CVProject\datasets\bottles_closeups\image_14.jpg,1196,813,1333,1186
D:\SEM 7\CVProject\datasets\bottles_closeups\image_14.jpg,2803,1884,3023,2085
D:\SEM 7\CVProject\datasets\bottles_closeups\image_14.jpg,2181,0,2419,156
D:\SEM 7\CVProject\datasets\bottles_closeups\image_14.jpg,1152,2868,1344,3057
D:\SEM 7\CVProject\datasets\bottles_closeups\image_14.jpg,1285,446,1388,778
D:\SEM 7\CVProject\datasets\bottles_closeups\image_14.jpg,2868,1602,3023,1788
D:\SEM 7\CVProject\datasets\bottles_closeups\image_14.jpg,1123,2164,1183,2606
D:\SEM 7\CVProject\datasets\bottles_closeups\image_14.jpg,2878,2322,3023,2478
D:\SEM 7\CVProject\datasets\bottles_closeups\image_14.jpg,2686,2176,2830,2328
D:\SEM 7\CVProject\datasets\bottles_closeups\image_14.jpg,1749,2397,1835,2637
D:\SEM 7\CVProject\datasets\bottles_closeups\image_14.jpg,1490,1613,1628,1758
D:\SEM 7\CVProject\datasets\bottles_closeups\image_14.jpg,1637,99,1824,204
D:\SEM 7\CVProject\datasets\bottles_closeups\image_14.jpg,1589,2427,1701,2599
D:\SEM 7\CVProject\datasets\bottles_closeups\image_14.jpg,414,3746,492,3981
D:\SEM 7\CVProject\datasets\bottles_closeups\image_14.jpg,1748,2168,1831,2367
D:\SEM 7\CVProject\datasets\bottles_closeups\image_14.jpg,1288,453,1387,604
D:\SEM 7\CVProject\datasets\bottles_closeups\image_14.jpg,1612,3208,1745,3317
D:\SEM 7\CVProject\datasets\bottles_closeups\image_14.jpg,1731,2297,1803,2486
D:\SEM 7\CVProject\datasets\bottles_closeups\image_14.jpg,1458,1824,1622,1904
D:\SEM 7\CVProject\datasets\bottles_closeups\image_14.jpg,1768,746,1849,906
D:\SEM 7\CVProject\datasets\bottles_closeups\image_15.jpg,1517,0,3023,3047
D:\SEM 7\CVProject\datasets\bottles_closeups\image_15.jpg,175,2539,3023,4031
D:\SEM 7\CVProject\datasets\bottles_closeups\image_15.jpg,0,0,967,4031
D:\SEM 7\CVProject\datasets\bottles_closeups\image_15.jpg,132,0,1767,2082
D:\SEM 7\CVProject\datasets\bottles_closeups\image_15.jpg,731,0,3023,1326
D:\SEM 7\CVProject\datasets\bottles_closeups\image_15.jpg,7,2533,912,4031
D:\SEM 7\CVProject\datasets\bottles_closeups\image_15.jpg,903,2031,1780,2639
D:\SEM 7\CVProject\datasets\bottles_closeups\image_15.jpg,703,3252,1804,3734
D:\SEM 7\CVProject\datasets\bottles_closeups\image_15.jpg,2447,1970,3023,2570
D:\SEM 7\CVProject\datasets\bottles_closeups\image_15.jpg,1117,1367,1609,1826
D:\SEM 7\CVProject\datasets\bottles_closeups\image_15.jpg,2528,2458,3023,2788
D:\SEM 7\CVProject\datasets\bottles_closeups\image_15.jpg,1290,2043,1588,2583
D:\SEM 7\CVProject\datasets\bottles_closeups\image_15.jpg,756,3397,1202,3633
D:\SEM 7\CVProject\datasets\bottles_closeups\image_15.jpg,2674,2738,3023,3022
D:\SEM 7\CVProject\datasets\bottles_closeups\image_15.jpg,898,2846,1295,3077
D:\SEM 7\CVProject\datasets\bottles_closeups\image_15.jpg,894,2570,1323,2775
D:\SEM 7\CVProject\datasets\bottles_closeups\image_15.jpg,1478,2719,1778,2962
D:\SEM 7\CVProject\datasets\bottles_closeups\image_15.jpg,1295,2134,1453,2580
D:\SEM 7\CVProject\datasets\bottles_closeups\image_15.jpg,1434,3019,1775,3196
D:\SEM 7\CVProject\datasets\bottles_closeups\image_15.jpg,2451,2512,2743,2691
D:\SEM 7\CVProject\datasets\bottles_closeups\image_15.jpg,985,3042,1261,3181
D:\SEM 7\CVProject\datasets\bottles_closeups\image_15.jpg,1192,1142,1467,1277
D:\SEM 7\CVProject\datasets\bottles_closeups\image_15.jpg,1513,1296,1685,1499
D:\SEM 7\CVProject\datasets\bottles_closeups\image_15.jpg,1570,2998,1747,3181
D:\SEM 7\CVProject\datasets\bottles_closeups\image_15.jpg,1576,0,1630,547
D:\SEM 7\CVProject\datasets\bottles_closeups\image_15.jpg,1026,3296,1258,3419
D:\SEM 7\CVProject\datasets\bottles_closeups\image_15.jpg,902,1451,1097,1592
D:\SEM 7\CVProject\datasets\bottles_closeups\image_15.jpg,513,60,749,176
D:\SEM 7\CVProject\datasets\bottles_closeups\image_15.jpg,1606,2793,1793,2935
D:\SEM 7\CVProject\datasets\bottles_closeups\image_15.jpg,904,3089,1061,3245
D:\SEM 7\CVProject\datasets\bottles_closeups\image_15.jpg,898,1542,1143,1640
D:\SEM 7\CVProject\datasets\bottles_closeups\image_15.jpg,302,3520,410,3740
D:\SEM 7\CVProject\datasets\bottles_closeups\image_15.jpg,938,1250,1094,1396
D:\SEM 7\CVProject\datasets\bottles_closeups\image_15.jpg,1621,0,1802,125
D:\SEM 7\CVProject\datasets\bottles_closeups\image_15.jpg,1514,2791,1714,2902
D:\SEM 7\CVProject\datasets\bottles_closeups\image_15.jpg,2742,2256,2910,2384
D:\SEM 7\CVProject\datasets\bottles_closeups\image_15.jpg,1872,410,2049,512
D:\SEM 7\CVProject\datasets\bottles_closeups\image_15.jpg,2866,2759,3023,2866
D:\SEM 7\CVProject\datasets\bottles_closeups\image_15.jpg,1702,1432,1771,1673
D:\SEM 7\CVProject\datasets\bottles_closeups\image_15.jpg,1001,3349,1192,3434
D:\SEM 7\CVProject\datasets\bottles_closeups\image_15.jpg,1385,1673,1506,1807
D:\SEM 7\CVProject\datasets\bottles_closeups\image_15.jpg,1670,2246,1754,2435
D:\SEM 7\CVProject\datasets\bottles_closeups\image_15.jpg,1034,3055,1208,3146
D:\SEM 7\CVProject\datasets\bottles_closeups\image_15.jpg,2835,2585,3023,2668
D:\SEM 7\CVProject\datasets\bottles_closeups\image_15.jpg,1678,1759,1777,1906
D:\SEM 7\CVProject\datasets\bottles_closeups\image_15.jpg,888,1735,1042,1821
D:\SEM 7\CVProject\datasets\bottles_closeups\image_15.jpg,1535,1636,1610,1809
D:\SEM 7\CVProject\datasets\bottles_closeups\image_15.jpg,1218,72,1335,181
D:\SEM 7\CVProject\datasets\bottles_closeups\image_15.jpg,1117,3591,1289,3663
D:\SEM 7\CVProject\datasets\bottles_closeups\image_16.jpg,0,961,3023,4031
D:\SEM 7\CVProject\datasets\bottles_closeups\image_16.jpg,976,0,3023,1532
D:\SEM 7\CVProject\datasets\bottles_closeups\image_16.jpg,2447,945,3023,1810
D:\SEM 7\CVProject\datasets\bottles_closeups\image_16.jpg,969,2554,1704,3116
D:\SEM 7\CVProject\datasets\bottles_closeups\image_16.jpg,0,0,380,925
D:\SEM 7\CVProject\datasets\bottles_closeups\image_16.jpg,1026,2273,1651,2675
D:\SEM 7\CVProject\datasets\bottles_closeups\image_16.jpg,0,3630,567,4026
D:\SEM 7\CVProject\datasets\bottles_closeups\image_16.jpg,1051,1078,1540,1531
D:\SEM 7\CVProject\datasets\bottles_closeups\image_16.jpg,231,0,512,725
D:\SEM 7\CVProject\datasets\bottles_closeups\image_16.jpg,1133,2842,1675,3099
D:\SEM 7\CVProject\datasets\bottles_closeups\image_16.jpg,1459,2146,1709,2664
D:\SEM 7\CVProject\datasets\bottles_closeups\image_16.jpg,0,2699,274,3171
D:\SEM 7\CVProject\datasets\bottles_closeups\image_16.jpg,2756,954,3023,1390
D:\SEM 7\CVProject\datasets\bottles_closeups\image_16.jpg,1029,2276,1248,2642
D:\SEM 7\CVProject\datasets\bottles_closeups\image_16.jpg,1054,1229,1381,1441
D:\SEM 7\CVProject\datasets\bottles_closeups\image_16.jpg,1544,1399,1706,1800
D:\SEM 7\CVProject\datasets\bottles_closeups\image_16.jpg,2607,1975,2754,2356
D:\SEM 7\CVProject\datasets\bottles_closeups\image_16.jpg,1002,2217,1139,2552
D:\SEM 7\CVProject\datasets\bottles_closeups\image_16.jpg,388,2397,510,2728
D:\SEM 7\CVProject\datasets\bottles_closeups\image_16.jpg,1288,2431,1456,2651
D:\SEM 7\CVProject\datasets\bottles_closeups\image_16.jpg,2762,2034,3023,2175
D:\SEM 7\CVProject\datasets\bottles_closeups\image_16.jpg,1002,1215,1077,1665
D:\SEM 7\CVProject\datasets\bottles_closeups\image_16.jpg,2666,1781,2933,1901
D:\SEM 7\CVProject\datasets\bottles_closeups\image_16.jpg,2816,2186,3023,2331
D:\SEM 7\CVProject\datasets\bottles_closeups\image_16.jpg,390,2239,488,2470
D:\SEM 7\CVProject\datasets\bottles_closeups\image_16.jpg,2531,1522,2739,1625
D:\SEM 7\CVProject\datasets\bottles_closeups\image_16.jpg,230,1873,323,2095
D:\SEM 7\CVProject\datasets\bottles_closeups\image_16.jpg,2788,1653,2966,1768
D:\SEM 7\CVProject\datasets\bottles_closeups\image_16.jpg,1595,2279,1667,2548
D:\SEM 7\CVProject\datasets\bottles_closeups\image_16.jpg,971,1959,1102,2104
D:\SEM 7\CVProject\datasets\bottles_closeups\image_16.jpg,2625,1663,2793,1773
D:\SEM 7\CVProject\datasets\bottles_closeups\image_16.jpg,275,399,346,654
D:\SEM 7\CVProject\datasets\bottles_closeups\image_16.jpg,308,439,375,667
D:\SEM 7\CVProject\datasets\bottles_closeups\image_16.jpg,0,3622,126,3739
D:\SEM 7\CVProject\datasets\bottles_closeups\image_16.jpg,2814,1528,2983,1615
D:\SEM 7\CVProject\datasets\bottles_closeups\image_16.jpg,1075,2057,1238,2142
D:\SEM 7\CVProject\datasets\bottles_closeups\image_16.jpg,2956,1607,3023,1796
D:\SEM 7\CVProject\datasets\bottles_closeups\image_16.jpg,257,18,312,236
D:\SEM 7\CVProject\datasets\bottles_closeups\image_17.jpg,1045,1095,2999,3999
D:\SEM 7\CVProject\datasets\bottles_closeups\image_17.jpg,994,2080,1744,3999
D:\SEM 7\CVProject\datasets\bottles_closeups\image_17.jpg,0,1627,608,2995
D:\SEM 7\CVProject\datasets\bottles_closeups\image_17.jpg,1149,1701,1937,2521
D:\SEM 7\CVProject\datasets\bottles_closeups\image_17.jpg,2183,1195,2999,1930
D:\SEM 7\CVProject\datasets\bottles_closeups\image_17.jpg,181,1125,1219,1677
D:\SEM 7\CVProject\datasets\bottles_closeups\image_17.jpg,1566,2447,2084,3476
D:\SEM 7\CVProject\datasets\bottles_closeups\image_17.jpg,1428,123,2079,913
D:\SEM 7\CVProject\datasets\bottles_closeups\image_17.jpg,2275,3207,2999,3856
D:\SEM 7\CVProject\datasets\bottles_closeups\image_17.jpg,239,3246,861,3999
D:\SEM 7\CVProject\datasets\bottles_closeups\image_17.jpg,90,186,656,863
D:\SEM 7\CVProject\datasets\bottles_closeups\image_17.jpg,267,776,1170,1196
D:\SEM 7\CVProject\datasets\bottles_closeups\image_17.jpg,1152,928,1564,1839
D:\SEM 7\CVProject\datasets\bottles_closeups\image_17.jpg,144,1279,718,1877
D:\SEM 7\CVProject\datasets\bottles_closeups\image_17.jpg,2571,0,2999,754
D:\SEM 7\CVProject\datasets\bottles_closeups\image_17.jpg,817,2887,1099,3999
D:\SEM 7\CVProject\datasets\bottles_closeups\image_17.jpg,2156,886,2962,1247
D:\SEM 7\CVProject\datasets\bottles_closeups\image_17.jpg,1524,974,1903,1732
D:\SEM 7\CVProject\datasets\bottles_closeups\image_17.jpg,571,3133,984,3819
D:\SEM 7\CVProject\datasets\bottles_closeups\image_17.jpg,616,0,1286,405
D:\SEM 7\CVProject\datasets\bottles_closeups\image_17.jpg,2150,0,2736,445
D:\SEM 7\CVProject\datasets\bottles_closeups\image_17.jpg,1084,2384,1348,3323
D:\SEM 7\CVProject\datasets\bottles_closeups\image_17.jpg,0,2125,255,2969
D:\SEM 7\CVProject\datasets\bottles_closeups\image_17.jpg,768,2210,1071,2913
D:\SEM 7\CVProject\datasets\bottles_closeups\image_17.jpg,922,1560,1184,2371
D:\SEM 7\CVProject\datasets\bottles_closeups\image_17.jpg,0,3041,221,3999
D:\SEM 7\CVProject\datasets\bottles_closeups\image_17.jpg,1128,1192,1412,1838
D:\SEM 7\CVProject\datasets\bottles_closeups\image_17.jpg,738,1183,1111,1660
D:\SEM 7\CVProject\datasets\bottles_closeups\image_17.jpg,556,390,876,932
D:\SEM 7\CVProject\datasets\bottles_closeups\image_17.jpg,31,1151,244,1931
D:\SEM 7\CVProject\datasets\bottles_closeups\image_17.jpg,541,2735,1039,3061
D:\SEM 7\CVProject\datasets\bottles_closeups\image_17.jpg,2275,538,2787,845
D:\SEM 7\CVProject\datasets\bottles_closeups\image_17.jpg,131,3017,317,3755
D:\SEM 7\CVProject\datasets\bottles_closeups\image_17.jpg,1737,1831,1929,2514
D:\SEM 7\CVProject\datasets\bottles_closeups\image_17.jpg,2270,3429,2528,3931
D:\SEM 7\CVProject\datasets\bottles_closeups\image_17.jpg,25,959,313,1390
D:\SEM 7\CVProject\datasets\bottles_closeups\image_17.jpg,1239,481,1458,1047
D:\SEM 7\CVProject\datasets\bottles_closeups\image_17.jpg,2580,3695,2999,3981
D:\SEM 7\CVProject\datasets\bottles_closeups\image_17.jpg,1360,3729,1786,3999
D:\SEM 7\CVProject\datasets\bottles_closeups\image_17.jpg,2733,3390,2999,3805
D:\SEM 7\CVProject\datasets\bottles_closeups\image_17.jpg,483,3605,751,3999
D:\SEM 7\CVProject\datasets\bottles_closeups\image_17.jpg,0,2934,163,3575
D:\SEM 7\CVProject\datasets\bottles_closeups\image_17.jpg,1810,3569,2052,3999
D:\SEM 7\CVProject\datasets\bottles_closeups\image_17.jpg,1157,370,1292,1123
D:\SEM 7\CVProject\datasets\bottles_closeups\image_17.jpg,167,2956,607,3187
D:\SEM 7\CVProject\datasets\bottles_closeups\image_17.jpg,1611,798,1941,1099
D:\SEM 7\CVProject\datasets\bottles_closeups\image_17.jpg,1924,298,2173,695
D:\SEM 7\CVProject\datasets\bottles_closeups\image_17.jpg,709,1470,1029,1778
D:\SEM 7\CVProject\datasets\bottles_closeups\image_17.jpg,1827,0,2123,330
D:\SEM 7\CVProject\datasets\bottles_closeups\image_17.jpg,1349,0,1756,238
D:\SEM 7\CVProject\datasets\bottles_closeups\image_17.jpg,1810,492,2042,902
D:\SEM 7\CVProject\datasets\bottles_closeups\image_17.jpg,2418,320,2897,514
D:\SEM 7\CVProject\datasets\bottles_closeups\image_17.jpg,579,0,993,211
D:\SEM 7\CVProject\datasets\bottles_closeups\image_17.jpg,2295,3206,2546,3554
D:\SEM 7\CVProject\datasets\bottles_closeups\image_17.jpg,221,1165,423,1590
D:\SEM 7\CVProject\datasets\bottles_closeups\image_17.jpg,0,2048,144,2626
D:\SEM 7\CVProject\datasets\bottles_closeups\image_17.jpg,0,300,187,742
D:\SEM 7\CVProject\datasets\bottles_closeups\image_17.jpg,743,3170,901,3691
D:\SEM 7\CVProject\datasets\bottles_closeups\image_17.jpg,0,53,341,294
D:\SEM 7\CVProject\datasets\bottles_closeups\image_17.jpg,783,3535,979,3953
D:\SEM 7\CVProject\datasets\bottles_closeups\image_17.jpg,2679,1612,2999,1865
D:\SEM 7\CVProject\datasets\bottles_closeups\image_17.jpg,452,2153,667,2527
D:\SEM 7\CVProject\datasets\bottles_closeups\image_17.jpg,2713,626,2957,951
D:\SEM 7\CVProject\datasets\bottles_closeups\image_17.jpg,1533,1862,1746,2226
D:\SEM 7\CVProject\datasets\bottles_closeups\image_17.jpg,2548,3213,2819,3495
D:\SEM 7\CVProject\datasets\bottles_closeups\image_17.jpg,1428,1756,1543,2417
D:\SEM 7\CVProject\datasets\bottles_closeups\image_17.jpg,930,339,1181,632
D:\SEM 7\CVProject\datasets\bottles_closeups\image_17.jpg,2588,0,2885,245
D:\SEM 7\CVProject\datasets\bottles_closeups\image_17.jpg,1329,696,1609,955
D:\SEM 7\CVProject\datasets\bottles_closeups\image_17.jpg,151,3513,298,3999
D:\SEM 7\CVProject\datasets\bottles_closeups\image_17.jpg,2759,3644,2999,3941
D:\SEM 7\CVProject\datasets\bottles_closeups\image_17.jpg,736,2463,944,2789
D:\SEM 7\CVProject\datasets\bottles_closeups\image_17.jpg,2072,523,2170,1195
D:\SEM 7\CVProject\datasets\bottles_closeups\image_17.jpg,1469,3151,1771,3365
D:\SEM 7\CVProject\datasets\bottles_closeups\image_17.jpg,2132,3206,2213,3999
D:\SEM 7\CVProject\datasets\bottles_closeups\image_17.jpg,709,2594,924,2873
D:\SEM 7\CVProject\datasets\bottles_closeups\image_17.jpg,389,2163,614,2426
D:\SEM 7\CVProject\datasets\bottles_closeups\image_17.jpg,2182,1797,2391,2070
D:\SEM 7\CVProject\datasets\bottles_closeups\image_17.jpg,2164,3243,2239,3999
D:\SEM 7\CVProject\datasets\bottles_closeups\image_17.jpg,2161,0,2380,255
D:\SEM 7\CVProject\datasets\bottles_closeups\image_17.jpg,57,2613,214,2967
D:\SEM 7\CVProject\datasets\bottles_closeups\image_17.jpg,2900,0,2999,538
D:\SEM 7\CVProject\datasets\bottles_closeups\image_17.jpg,2768,2522,2999,2746
D:\SEM 7\CVProject\datasets\bottles_closeups\image_17.jpg,2240,2797,2428,3071
D:\SEM 7\CVProject\datasets\bottles_closeups\image_17.jpg,179,3159,284,3646
D:\SEM 7\CVProject\datasets\bottles_closeups\image_17.jpg,106,1683,299,1939
D:\SEM 7\CVProject\datasets\bottles_closeups\image_17.jpg,1475,3611,1650,3890
D:\SEM 7\CVProject\datasets\bottles_closeups\image_17.jpg,1192,947,1369,1222
D:\SEM 7\CVProject\datasets\bottles_closeups\image_17.jpg,404,2486,625,2700
D:\SEM 7\CVProject\datasets\bottles_closeups\image_17.jpg,640,399,812,668
D:\SEM 7\CVProject\datasets\bottles_closeups\image_17.jpg,424,1140,728,1291
D:\SEM 7\CVProject\datasets\bottles_closeups\image_17.jpg,1081,374,1200,755
D:\SEM 7\CVProject\datasets\bottles_closeups\image_17.jpg,2566,1846,2854,2000
D:\SEM 7\CVProject\datasets\bottles_closeups\image_17.jpg,910,577,1055,881
D:\SEM 7\CVProject\datasets\bottles_closeups\image_17.jpg,1810,3629,1954,3933
D:\SEM 7\CVProject\datasets\bottles_closeups\image_17.jpg,1292,363,1487,585
D:\SEM 7\CVProject\datasets\bottles_closeups\image_17.jpg,291,791,459,1048
D:\SEM 7\CVProject\datasets\bottles_closeups\image_17.jpg,1780,781,1997,978
D:\SEM 7\CVProject\datasets\bottles_closeups\image_17.jpg,737,1810,963,1999
D:\SEM 7\CVProject\datasets\bottles_closeups\image_17.jpg,0,796,175,1032
D:\SEM 7\CVProject\datasets\bottles_closeups\image_17.jpg,452,158,770,286
D:\SEM 7\CVProject\datasets\bottles_closeups\image_17.jpg,196,631,292,1053
D:\SEM 7\CVProject\datasets\bottles_closeups\image_17.jpg,1382,246,1654,395
D:\SEM 7\CVProject\datasets\bottles_closeups\image_17.jpg,2613,859,2825,1043
D:\SEM 7\CVProject\datasets\bottles_closeups\image_17.jpg,2829,1307,2999,1535
D:\SEM 7\CVProject\datasets\bottles_closeups\image_17.jpg,2778,2193,2999,2365
D:\SEM 7\CVProject\datasets\bottles_closeups\image_17.jpg,430,947,698,1088
D:\SEM 7\CVProject\datasets\bottles_closeups\image_17.jpg,540,2609,699,2845
D:\SEM 7\CVProject\datasets\bottles_closeups\image_17.jpg,1886,958,2072,1158
D:\SEM 7\CVProject\datasets\bottles_closeups\image_17.jpg,1760,74,1952,266
D:\SEM 7\CVProject\datasets\bottles_closeups\image_17.jpg,2543,2229,2696,2464
D:\SEM 7\CVProject\datasets\bottles_closeups\image_17.jpg,2667,126,2834,341
D:\SEM 7\CVProject\datasets\bottles_closeups\image_17.jpg,1068,699,1196,977
D:\SEM 7\CVProject\datasets\bottles_closeups\image_17.jpg,405,38,613,208
D:\SEM 7\CVProject\datasets\bottles_closeups\image_17.jpg,1471,646,1659,831
D:\SEM 7\CVProject\datasets\bottles_closeups\image_17.jpg,1119,1655,1256,1908
D:\SEM 7\CVProject\datasets\bottles_closeups\image_17.jpg,572,567,771,740
D:\SEM 7\CVProject\datasets\bottles_closeups\image_17.jpg,2602,2714,2754,2932
D:\SEM 7\CVProject\datasets\bottles_closeups\image_17.jpg,1512,462,1761,595
D:\SEM 7\CVProject\datasets\bottles_closeups\image_17.jpg,2938,595,2999,1131
D:\SEM 7\CVProject\datasets\bottles_closeups\image_17.jpg,1177,228,1264,605
D:\SEM 7\CVProject\datasets\bottles_closeups\image_17.jpg,1599,639,1749,852
D:\SEM 7\CVProject\datasets\bottles_closeups\image_17.jpg,604,3693,736,3934
D:\SEM 7\CVProject\datasets\bottles_closeups\image_17.jpg,1244,1940,1318,2367
D:\SEM 7\CVProject\datasets\bottles_closeups\image_17.jpg,71,1456,162,1803
D:\SEM 7\CVProject\datasets\bottles_closeups\image_17.jpg,503,1160,626,1411
D:\SEM 7\CVProject\datasets\bottles_closeups\image_17.jpg,611,2850,823,2995
D:\SEM 7\CVProject\datasets\bottles_closeups\image_17.jpg,1304,3694,1428,3937
D:\SEM 7\CVProject\datasets\bottles_closeups\image_17.jpg,927,2099,1049,2345
D:\SEM 7\CVProject\datasets\bottles_closeups\image_17.jpg,2447,573,2591,772
D:\SEM 7\CVProject\datasets\bottles_closeups\image_17.jpg,2222,404,2489,511
D:\SEM 7\CVProject\datasets\bottles_closeups\image_17.jpg,322,0,445,232
D:\SEM 7\CVProject\datasets\bottles_closeups\image_17.jpg,779,2720,938,2899
D:\SEM 7\CVProject\datasets\bottles_closeups\image_17.jpg,2170,258,2313,456
D:\SEM 7\CVProject\datasets\bottles_closeups\image_17.jpg,2214,3587,2298,3922
D:\SEM 7\CVProject\datasets\bottles_closeups\image_17.jpg,67,2582,217,2770
D:\SEM 7\CVProject\datasets\bottles_closeups\image_17.jpg,1333,80,1452,315
D:\SEM 7\CVProject\datasets\bottles_closeups\image_17.jpg,525,1479,681,1658
D:\SEM 7\CVProject\datasets\bottles_closeups\image_17.jpg,591,1212,757,1379
D:\SEM 7\CVProject\datasets\bottles_closeups\image_17.jpg,2504,3347,2688,3497
D:\SEM 7\CVProject\datasets\bottles_closeups\image_17.jpg,998,596,1119,823
D:\SEM 7\CVProject\datasets\bottles_closeups\image_17.jpg,432,2170,598,2329
D:\SEM 7\CVProject\datasets\bottles_closeups\image_17.jpg,2621,3309,2778,3476
D:\SEM 7\CVProject\datasets\bottles_closeups\image_17.jpg,2389,768,2566,916
D:\SEM 7\CVProject\datasets\bottles_closeups\image_17.jpg,1897,2465,2001,2711
D:\SEM 7\CVProject\datasets\bottles_closeups\image_17.jpg,1042,954,1167,1158
D:\SEM 7\CVProject\datasets\bottles_closeups\image_17.jpg,2104,0,2159,459
D:\SEM 7\CVProject\datasets\bottles_closeups\image_17.jpg,0,1132,103,1376
D:\SEM 7\CVProject\datasets\bottles_closeups\image_17.jpg,2601,3716,2760,3872
D:\SEM 7\CVProject\datasets\bottles_closeups\image_17.jpg,403,295,539,476
D:\SEM 7\CVProject\datasets\bottles_closeups\image_17.jpg,408,1873,630,1983
D:\SEM 7\CVProject\datasets\bottles_closeups\image_17.jpg,465,2315,575,2535
D:\SEM 7\CVProject\datasets\bottles_closeups\image_17.jpg,2453,2307,2621,2450
D:\SEM 7\CVProject\datasets\bottles_closeups\image_17.jpg,1032,2435,1106,2754
D:\SEM 7\CVProject\datasets\bottles_closeups\image_17.jpg,973,1169,1150,1301
D:\SEM 7\CVProject\datasets\bottles_closeups\image_17.jpg,2789,1104,2959,1241
D:\SEM 7\CVProject\datasets\bottles_closeups\image_17.jpg,1263,0,1331,340
D:\SEM 7\CVProject\datasets\bottles_closeups\image_17.jpg,1515,3483,1618,3707
D:\SEM 7\CVProject\datasets\bottles_closeups\image_17.jpg,2220,1859,2351,2034
D:\SEM 7\CVProject\datasets\bottles_closeups\image_17.jpg,278,3334,437,3478
D:\SEM 7\CVProject\datasets\bottles_closeups\image_17.jpg,1154,2163,1234,2447
D:\SEM 7\CVProject\datasets\bottles_closeups\image_17.jpg,667,3877,853,3999
D:\SEM 7\CVProject\datasets\bottles_closeups\image_17.jpg,900,738,1034,907
D:\SEM 7\CVProject\datasets\bottles_closeups\image_17.jpg,597,1776,775,1903
D:\SEM 7\CVProject\datasets\bottles_closeups\image_17.jpg,2895,3644,2999,3860
D:\SEM 7\CVProject\datasets\bottles_closeups\image_17.jpg,285,604,405,791
D:\SEM 7\CVProject\datasets\bottles_closeups\image_17.jpg,2014,2770,2111,3001
D:\SEM 7\CVProject\datasets\bottles_closeups\image_17.jpg,2203,987,2342,1148
D:\SEM 7\CVProject\datasets\bottles_closeups\image_17.jpg,768,469,882,664
D:\SEM 7\CVProject\datasets\bottles_closeups\image_17.jpg,1329,2804,1428,3027
D:\SEM 7\CVProject\datasets\bottles_closeups\image_17.jpg,974,3491,1021,3955
D:\SEM 7\CVProject\datasets\bottles_closeups\image_17.jpg,726,2888,885,3026
D:\SEM 7\CVProject\datasets\bottles_closeups\image_17.jpg,1691,2616,1828,2773
D:\SEM 7\CVProject\datasets\bottles_closeups\image_17.jpg,1348,2243,1434,2492
D:\SEM 7\CVProject\datasets\bottles_closeups\image_17.jpg,1982,2668,2037,3052
D:\SEM 7\CVProject\datasets\bottles_closeups\image_17.jpg,1110,3187,1234,3358
D:\SEM 7\CVProject\datasets\bottles_closeups\image_17.jpg,2858,942,2977,1120
D:\SEM 7\CVProject\datasets\bottles_closeups\image_17.jpg,1396,3731,1511,3915
D:\SEM 7\CVProject\datasets\bottles_closeups\image_17.jpg,538,1635,676,1788
D:\SEM 7\CVProject\datasets\bottles_closeups\image_17.jpg,756,3817,871,3999
D:\SEM 7\CVProject\datasets\bottles_closeups\image_17.jpg,228,23,341,205
D:\SEM 7\CVProject\datasets\bottles_closeups\image_17.jpg,581,2943,726,3084
D:\SEM 7\CVProject\datasets\bottles_closeups\image_17.jpg,288,3414,382,3630
D:\SEM 7\CVProject\datasets\bottles_closeups\image_17.jpg,2201,506,2291,730
D:\SEM 7\CVProject\datasets\bottles_closeups\image_17.jpg,1491,3858,1634,3999
D:\SEM 7\CVProject\datasets\bottles_closeups\image_17.jpg,401,2315,482,2562
D:\SEM 7\CVProject\datasets\bottles_closeups\image_17.jpg,737,3557,845,3740
D:\SEM 7\CVProject\datasets\bottles_closeups\image_17.jpg,2279,3581,2352,3850
D:\SEM 7\CVProject\datasets\bottles_closeups\image_17.jpg,770,326,931,448
D:\SEM 7\CVProject\datasets\bottles_closeups\image_17.jpg,2638,2408,2749,2584
D:\SEM 7\CVProject\datasets\bottles_closeups\image_17.jpg,1172,1863,1232,2186
D:\SEM 7\CVProject\datasets\bottles_closeups\image_17.jpg,500,527,620,688
D:\SEM 7\CVProject\datasets\bottles_closeups\image_17.jpg,1830,1563,1914,1790
D:\SEM 7\CVProject\datasets\bottles_closeups\image_17.jpg,1908,1697,2009,1886
D:\SEM 7\CVProject\datasets\bottles_closeups\image_17.jpg,2362,0,2534,111
D:\SEM 7\CVProject\datasets\bottles_closeups\image_17.jpg,1169,83,1265,281
D:\SEM 7\CVProject\datasets\bottles_closeups\image_17.jpg,2444,1412,2578,1553
D:\SEM 7\CVProject\datasets\bottles_closeups\image_17.jpg,2908,2748,2999,2955
D:\SEM 7\CVProject\datasets\bottles_closeups\image_17.jpg,0,719,97,913
D:\SEM 7\CVProject\datasets\bottles_closeups\image_17.jpg,939,1507,1040,1693
D:\SEM 7\CVProject\datasets\bottles_closeups\image_17.jpg,394,214,593,308
D:\SEM 7\CVProject\datasets\bottles_closeups\image_17.jpg,1661,1863,1738,2105
D:\SEM 7\CVProject\datasets\bottles_closeups\image_17.jpg,608,2336,691,2560
D:\SEM 7\CVProject\datasets\bottles_closeups\image_17.jpg,678,1380,777,1568
D:\SEM 7\CVProject\datasets\bottles_closeups\image_17.jpg,2868,1120,2996,1264
D:\SEM 7\CVProject\datasets\bottles_closeups\image_17.jpg,1292,582,1373,808
D:\SEM 7\CVProject\datasets\bottles_closeups\image_17.jpg,1636,2447,1796,2561
D:\SEM 7\CVProject\datasets\bottles_closeups\image_17.jpg,2482,722,2573,922
D:\SEM 7\CVProject\datasets\bottles_closeups\image_17.jpg,654,3550,785,3689
D:\SEM 7\CVProject\datasets\bottles_closeups\image_17.jpg,1898,3830,2051,3947
D:\SEM 7\CVProject\datasets\bottles_closeups\image_17.jpg,372,1308,512,1435
D:\SEM 7\CVProject\datasets\bottles_closeups\image_17.jpg,1435,538,1532,721
D:\SEM 7\CVProject\datasets\bottles_closeups\image_17.jpg,2769,594,2887,744
D:\SEM 7\CVProject\datasets\bottles_closeups\image_17.jpg,1361,829,1567,914
D:\SEM 7\CVProject\datasets\bottles_closeups\image_17.jpg,1417,1227,1528,1383
D:\SEM 7\CVProject\datasets\bottles_closeups\image_17.jpg,281,2787,425,2907
D:\SEM 7\CVProject\datasets\bottles_closeups\image_17.jpg,2565,2616,2692,2752
D:\SEM 7\CVProject\datasets\bottles_closeups\image_17.jpg,1505,555,1614,709
D:\SEM 7\CVProject\datasets\bottles_closeups\image_17.jpg,524,1277,676,1387
D:\SEM 7\CVProject\datasets\bottles_closeups\image_17.jpg,1722,592,1799,808
D:\SEM 7\CVProject\datasets\bottles_closeups\image_17.jpg,405,2548,555,2659
D:\SEM 7\CVProject\datasets\bottles_closeups\image_17.jpg,1679,2415,1771,2594
D:\SEM 7\CVProject\datasets\bottles_closeups\image_17.jpg,1363,2189,1409,2543
D:\SEM 7\CVProject\datasets\bottles_closeups\image_17.jpg,2645,1046,2797,1154
D:\SEM 7\CVProject\datasets\bottles_closeups\image_17.jpg,1062,870,1169,1022
D:\SEM 7\CVProject\datasets\bottles_closeups\image_17.jpg,1000,1729,1117,1868
D:\SEM 7\CVProject\datasets\bottles_closeups\image_17.jpg,1689,3489,1777,3673
D:\SEM 7\CVProject\datasets\bottles_closeups\image_17.jpg,2404,633,2528,762
D:\SEM 7\CVProject\datasets\bottles_closeups\image_17.jpg,2264,2182,2340,2392
D:\SEM 7\CVProject\datasets\bottles_closeups\image_17.jpg,2714,3450,2809,3618
D:\SEM 7\CVProject\datasets\bottles_closeups\image_17.jpg,368,2275,501,2395
D:\SEM 7\CVProject\datasets\bottles_closeups\image_17.jpg,1550,544,1677,668
D:\SEM 7\CVProject\datasets\bottles_closeups\image_17.jpg,310,2581,430,2712
D:\SEM 7\CVProject\datasets\bottles_closeups\image_17.jpg,1813,3656,1908,3820
D:\SEM 7\CVProject\datasets\bottles_closeups\image_17.jpg,143,2538,207,2780
D:\SEM 7\CVProject\datasets\bottles_closeups\image_17.jpg,1746,2752,1808,3000
D:\SEM 7\CVProject\datasets\bottles_closeups\image_17.jpg,624,413,765,522
D:\SEM 7\CVProject\datasets\bottles_closeups\image_17.jpg,794,566,906,703
D:\SEM 7\CVProject\datasets\bottles_closeups\image_17.jpg,1181,0,1273,162
D:\SEM 7\CVProject\datasets\bottles_closeups\image_17.jpg,1847,3238,1951,3380
D:\SEM 7\CVProject\datasets\bottles_closeups\image_17.jpg,2844,3538,2999,3633
D:\SEM 7\CVProject\datasets\bottles_closeups\image_17.jpg,2914,2183,2999,2356
D:\SEM 7\CVProject\datasets\bottles_closeups\image_17.jpg,857,2671,939,2850
D:\SEM 7\CVProject\datasets\bottles_closeups\image_17.jpg,2419,1468,2515,1620
D:\SEM 7\CVProject\datasets\bottles_closeups\image_17.jpg,1,2538,57,2797
D:\SEM 7\CVProject\datasets\bottles_closeups\image_17.jpg,0,3577,47,3883
D:\SEM 7\CVProject\datasets\bottles_closeups\image_17.jpg,1383,3703,1456,3901
D:\SEM 7\CVProject\datasets\bottles_closeups\image_17.jpg,1737,3028,1806,3237
D:\SEM 7\CVProject\datasets\bottles_closeups\image_17.jpg,1677,736,1815,840
D:\SEM 7\CVProject\datasets\bottles_closeups\image_17.jpg,2541,2423,2621,2601
D:\SEM 7\CVProject\datasets\bottles_closeups\image_17.jpg,1230,3691,1282,3963
D:\SEM 7\CVProject\datasets\bottles_closeups\image_17.jpg,1213,2360,1267,2622
D:\SEM 7\CVProject\datasets\bottles_closeups\image_17.jpg,479,2461,592,2586
D:\SEM 7\CVProject\datasets\bottles_closeups\image_17.jpg,2320,1446,2438,1565
D:\SEM 7\CVProject\datasets\bottles_closeups\image_17.jpg,2634,1507,2720,1669
D:\SEM 7\CVProject\datasets\bottles_closeups\image_17.jpg,2290,1989,2412,2103
D:\SEM 7\CVProject\datasets\bottles_closeups\image_17.jpg,1300,1422,1385,1584
D:\SEM 7\CVProject\datasets\bottles_closeups\image_17.jpg,2619,188,2725,318
D:\SEM 7\CVProject\datasets\bottles_closeups\image_17.jpg,1246,3298,1358,3421
D:\SEM 7\CVProject\datasets\bottles_closeups\image_17.jpg,2421,1345,2520,1484
D:\SEM 7\CVProject\datasets\bottles_closeups\image_17.jpg,988,78,1082,224
D:\SEM 7\CVProject\datasets\bottles_closeups\image_17.jpg,908,2107,986,2277
D:\SEM 7\CVProject\datasets\bottles_closeups\image_17.jpg,2625,2375,2672,2655
D:\SEM 7\CVProject\datasets\bottles_closeups\image_17.jpg,712,1483,829,1596
D:\SEM 7\CVProject\datasets\bottles_closeups\image_17.jpg,1649,0,1757,121
D:\SEM 7\CVProject\datasets\bottles_closeups\image_17.jpg,2807,2532,2909,2660
D:\SEM 7\CVProject\datasets\bottles_closeups\image_17.jpg,272,274,351,438
D:\SEM 7\CVProject\datasets\bottles_closeups\image_17.jpg,2142,504,2209,697
D:\SEM 7\CVProject\datasets\bottles_closeups\image_17.jpg,2678,2548,2792,2661
D:\SEM 7\CVProject\datasets\bottles_closeups\image_17.jpg,1245,1636,1352,1756
D:\SEM 7\CVProject\datasets\bottles_closeups\image_17.jpg,2790,2831,2881,2972
D:\SEM 7\CVProject\datasets\bottles_closeups\image_17.jpg,1272,768,1341,953
D:\SEM 7\CVProject\datasets\bottles_closeups\image_17.jpg,431,0,561,98
D:\SEM 7\CVProject\datasets\bottles_closeups\image_17.jpg,1,98,99,228
D:\SEM 7\CVProject\datasets\bottles_closeups\image_17.jpg,2519,1128,2668,1213
D:\SEM 7\CVProject\datasets\bottles_closeups\image_17.jpg,2579,809,2678,937
D:\SEM 7\CVProject\datasets\bottles_closeups\image_17.jpg,1610,35,1703,171
D:\SEM 7\CVProject\datasets\bottles_closeups\image_17.jpg,1170,2002,1220,2250
D:\SEM 7\CVProject\datasets\bottles_closeups\image_17.jpg,0,1044,148,1128
D:\SEM 7\CVProject\datasets\bottles_closeups\image_17.jpg,1641,1395,1720,1552
D:\SEM 7\CVProject\datasets\bottles_closeups\image_17.jpg,599,3499,656,3715
D:\SEM 7\CVProject\datasets\bottles_closeups\image_17.jpg,812,1572,890,1730
D:\SEM 7\CVProject\datasets\bottles_closeups\image_17.jpg,2522,1435,2616,1566
D:\SEM 7\CVProject\datasets\bottles_closeups\image_17.jpg,1719,1420,1802,1567
D:\SEM 7\CVProject\datasets\bottles_closeups\image_17.jpg,2315,830,2425,940
D:\SEM 7\CVProject\datasets\bottles_closeups\image_17.jpg,797,893,880,1038
D:\SEM 7\CVProject\datasets\bottles_closeups\image_17.jpg,697,3595,798,3714
D:\SEM 7\CVProject\datasets\bottles_closeups\image_17.jpg,2574,3295,2670,3420
D:\SEM 7\CVProject\datasets\bottles_closeups\image_17.jpg,1238,1001,1364,1096
D:\SEM 7\CVProject\datasets\bottles_closeups\image_17.jpg,579,1399,693,1504
D:\SEM 7\CVProject\datasets\bottles_closeups\image_17.jpg,2403,3766,2454,3999
D:\SEM 7\CVProject\datasets\bottles_closeups\image_18.jpg,723,1479,2989,2952
D:\SEM 7\CVProject\datasets\bottles_closeups\image_18.jpg,1457,0,2999,1677
D:\SEM 7\CVProject\datasets\bottles_closeups\image_18.jpg,194,0,2130,1323
D:\SEM 7\CVProject\datasets\bottles_closeups\image_18.jpg,1060,2727,2936,3999
D:\SEM 7\CVProject\datasets\bottles_closeups\image_18.jpg,0,1303,1198,2363
D:\SEM 7\CVProject\datasets\bottles_closeups\image_18.jpg,0,797,1298,1707
D:\SEM 7\CVProject\datasets\bottles_closeups\image_18.jpg,1197,2477,2040,3312
D:\SEM 7\CVProject\datasets\bottles_closeups\image_18.jpg,224,0,1075,808
D:\SEM 7\CVProject\datasets\bottles_closeups\image_18.jpg,1799,3418,2686,3999
D:\SEM 7\CVProject\datasets\bottles_closeups\image_18.jpg,2051,2757,2894,3344
D:\SEM 7\CVProject\datasets\bottles_closeups\image_18.jpg,584,2501,1546,2964
D:\SEM 7\CVProject\datasets\bottles_closeups\image_18.jpg,1595,1817,2127,2599
D:\SEM 7\CVProject\datasets\bottles_closeups\image_18.jpg,717,3029,1122,3898
D:\SEM 7\CVProject\datasets\bottles_closeups\image_18.jpg,2089,2080,2864,2532
D:\SEM 7\CVProject\datasets\bottles_closeups\image_18.jpg,0,2396,614,2890
D:\SEM 7\CVProject\datasets\bottles_closeups\image_18.jpg,2152,1742,2810,2186
D:\SEM 7\CVProject\datasets\bottles_closeups\image_18.jpg,1073,1893,1522,2528
D:\SEM 7\CVProject\datasets\bottles_closeups\image_18.jpg,0,2877,388,3565
D:\SEM 7\CVProject\datasets\bottles_closeups\image_18.jpg,1255,1139,1755,1627
D:\SEM 7\CVProject\datasets\bottles_closeups\image_18.jpg,923,3397,1325,3999
D:\SEM 7\CVProject\datasets\bottles_closeups\image_18.jpg,1831,3453,2221,3999
D:\SEM 7\CVProject\datasets\bottles_closeups\image_18.jpg,2672,1681,2999,2313
D:\SEM 7\CVProject\datasets\bottles_closeups\image_18.jpg,0,3661,667,3970
D:\SEM 7\CVProject\datasets\bottles_closeups\image_18.jpg,1180,3024,1619,3444
D:\SEM 7\CVProject\datasets\bottles_closeups\image_18.jpg,423,2271,750,2797
D:\SEM 7\CVProject\datasets\bottles_closeups\image_18.jpg,2430,3358,2889,3708
D:\SEM 7\CVProject\datasets\bottles_closeups\image_18.jpg,554,3592,931,3999
D:\SEM 7\CVProject\datasets\bottles_closeups\image_18.jpg,659,3123,1046,3456
D:\SEM 7\CVProject\datasets\bottles_closeups\image_18.jpg,2642,3630,2990,3999
D:\SEM 7\CVProject\datasets\bottles_closeups\image_18.jpg,1421,1582,1846,1884
D:\SEM 7\CVProject\datasets\bottles_closeups\image_18.jpg,2035,2888,2348,3290
D:\SEM 7\CVProject\datasets\bottles_closeups\image_18.jpg,2782,1448,2999,1992
D:\SEM 7\CVProject\datasets\bottles_closeups\image_18.jpg,543,0,820,409
D:\SEM 7\CVProject\datasets\bottles_closeups\image_18.jpg,953,3014,1166,3538
D:\SEM 7\CVProject\datasets\bottles_closeups\image_18.jpg,1373,3506,1697,3791
D:\SEM 7\CVProject\datasets\bottles_closeups\image_18.jpg,755,1859,994,2239
D:\SEM 7\CVProject\datasets\bottles_closeups\image_18.jpg,2002,3473,2183,3964
D:\SEM 7\CVProject\datasets\bottles_closeups\image_18.jpg,1854,3613,2065,3999
D:\SEM 7\CVProject\datasets\bottles_closeups\image_18.jpg,330,2913,766,3096
D:\SEM 7\CVProject\datasets\bottles_closeups\image_18.jpg,1503,3640,1721,3999
D:\SEM 7\CVProject\datasets\bottles_closeups\image_18.jpg,1663,3558,1838,3999
D:\SEM 7\CVProject\datasets\bottles_closeups\image_18.jpg,2232,3756,2548,3999
D:\SEM 7\CVProject\datasets\bottles_closeups\image_18.jpg,206,3007,433,3335
D:\SEM 7\CVProject\datasets\bottles_closeups\image_18.jpg,2717,3475,2934,3814
D:\SEM 7\CVProject\datasets\bottles_closeups\image_18.jpg,0,3774,335,3987
D:\SEM 7\CVProject\datasets\bottles_closeups\image_18.jpg,0,2846,192,3210
D:\SEM 7\CVProject\datasets\bottles_closeups\image_18.jpg,0,2043,232,2329
D:\SEM 7\CVProject\datasets\bottles_closeups\image_18.jpg,216,3662,548,3861
D:\SEM 7\CVProject\datasets\bottles_closeups\image_18.jpg,369,3361,553,3719
D:\SEM 7\CVProject\datasets\bottles_closeups\image_18.jpg,1759,3536,1899,3999
D:\SEM 7\CVProject\datasets\bottles_closeups\image_18.jpg,1871,1303,2207,1495
D:\SEM 7\CVProject\datasets\bottles_closeups\image_18.jpg,1033,2777,1257,3053
D:\SEM 7\CVProject\datasets\bottles_closeups\image_18.jpg,2847,3437,2999,3822
D:\SEM 7\CVProject\datasets\bottles_closeups\image_18.jpg,0,2184,202,2470
D:\SEM 7\CVProject\datasets\bottles_closeups\image_18.jpg,1261,3271,1431,3584
D:\SEM 7\CVProject\datasets\bottles_closeups\image_18.jpg,1760,3168,1951,3443
D:\SEM 7\CVProject\datasets\bottles_closeups\image_18.jpg,960,3735,1154,3999
D:\SEM 7\CVProject\datasets\bottles_closeups\image_18.jpg,858,2370,1093,2584
D:\SEM 7\CVProject\datasets\bottles_closeups\image_18.jpg,277,3846,602,3999
D:\SEM 7\CVProject\datasets\bottles_closeups\image_18.jpg,2501,3743,2709,3982
D:\SEM 7\CVProject\datasets\bottles_closeups\image_18.jpg,2466,3372,2747,3545
D:\SEM 7\CVProject\datasets\bottles_closeups\image_18.jpg,813,2594,996,2857
D:\SEM 7\CVProject\datasets\bottles_closeups\image_18.jpg,556,3627,758,3858
D:\SEM 7\CVProject\datasets\bottles_closeups\image_18.jpg,992,1564,1164,1834
D:\SEM 7\CVProject\datasets\bottles_closeups\image_18.jpg,1959,2811,2063,3244
D:\SEM 7\CVProject\datasets\bottles_closeups\image_18.jpg,961,2760,1169,2972
D:\SEM 7\CVProject\datasets\bottles_closeups\image_18.jpg,1847,1993,2012,2260
D:\SEM 7\CVProject\datasets\bottles_closeups\image_18.jpg,2380,3712,2533,3999
D:\SEM 7\CVProject\datasets\bottles_closeups\image_18.jpg,397,3051,554,3328
D:\SEM 7\CVProject\datasets\bottles_closeups\image_18.jpg,2146,2681,2345,2897
D:\SEM 7\CVProject\datasets\bottles_closeups\image_18.jpg,1202,3411,1352,3697
D:\SEM 7\CVProject\datasets\bottles_closeups\image_18.jpg,1993,3534,2154,3789
D:\SEM 7\CVProject\datasets\bottles_closeups\image_18.jpg,870,3039,1049,3267
D:\SEM 7\CVProject\datasets\bottles_closeups\image_18.jpg,1855,2133,2006,2402
D:\SEM 7\CVProject\datasets\bottles_closeups\image_18.jpg,2726,2597,2899,2828
D:\SEM 7\CVProject\datasets\bottles_closeups\image_18.jpg,1093,2407,1271,2619
D:\SEM 7\CVProject\datasets\bottles_closeups\image_18.jpg,23,3424,181,3660
D:\SEM 7\CVProject\datasets\bottles_closeups\image_18.jpg,745,2952,1017,3089
D:\SEM 7\CVProject\datasets\bottles_closeups\image_18.jpg,1914,2423,2054,2687
D:\SEM 7\CVProject\datasets\bottles_closeups\image_18.jpg,1035,0,1187,236
D:\SEM 7\CVProject\datasets\bottles_closeups\image_18.jpg,1887,2621,2045,2845
D:\SEM 7\CVProject\datasets\bottles_closeups\image_18.jpg,2788,1711,2904,2012
D:\SEM 7\CVProject\datasets\bottles_closeups\image_18.jpg,1735,1417,1982,1558
D:\SEM 7\CVProject\datasets\bottles_closeups\image_18.jpg,2910,2608,2999,2989
D:\SEM 7\CVProject\datasets\bottles_closeups\image_18.jpg,2085,3587,2183,3931
D:\SEM 7\CVProject\datasets\bottles_closeups\image_18.jpg,0,3133,150,3358
D:\SEM 7\CVProject\datasets\bottles_closeups\image_18.jpg,889,1948,1028,2180
D:\SEM 7\CVProject\datasets\bottles_closeups\image_18.jpg,1233,3555,1383,3765
D:\SEM 7\CVProject\datasets\bottles_closeups\image_18.jpg,1782,2159,1983,2315
D:\SEM 7\CVProject\datasets\bottles_closeups\image_18.jpg,1936,3238,2042,3532
D:\SEM 7\CVProject\datasets\bottles_closeups\image_18.jpg,900,2085,1047,2295
D:\SEM 7\CVProject\datasets\bottles_closeups\image_18.jpg,2879,2183,2965,2538
D:\SEM 7\CVProject\datasets\bottles_closeups\image_18.jpg,172,2863,330,3056
D:\SEM 7\CVProject\datasets\bottles_closeups\image_18.jpg,2833,3114,2952,3366
D:\SEM 7\CVProject\datasets\bottles_closeups\image_18.jpg,245,3690,422,3856
D:\SEM 7\CVProject\datasets\bottles_closeups\image_18.jpg,1447,3802,1595,3999
D:\SEM 7\CVProject\datasets\bottles_closeups\image_18.jpg,1430,3692,1535,3968
D:\SEM 7\CVProject\datasets\bottles_closeups\image_18.jpg,773,2070,892,2313
D:\SEM 7\CVProject\datasets\bottles_closeups\image_18.jpg,82,2778,307,2906
D:\SEM 7\CVProject\datasets\bottles_closeups\image_18.jpg,519,2271,695,2429
D:\SEM 7\CVProject\datasets\bottles_closeups\image_18.jpg,1242,2693,1414,2854
D:\SEM 7\CVProject\datasets\bottles_closeups\image_18.jpg,161,3872,376,3999
D:\SEM 7\CVProject\datasets\bottles_closeups\image_18.jpg,1396,3013,1563,3173
D:\SEM 7\CVProject\datasets\bottles_closeups\image_18.jpg,1918,1957,2066,2133
D:\SEM 7\CVProject\datasets\bottles_closeups\image_18.jpg,2673,2049,2839,2205
D:\SEM 7\CVProject\datasets\bottles_closeups\image_18.jpg,372,3342,536,3499
D:\SEM 7\CVProject\datasets\bottles_closeups\image_18.jpg,1816,2464,1962,2640
D:\SEM 7\CVProject\datasets\bottles_closeups\image_18.jpg,828,3433,943,3656
D:\SEM 7\CVProject\datasets\bottles_closeups\image_18.jpg,1240,3766,1349,3999
D:\SEM 7\CVProject\datasets\bottles_closeups\image_18.jpg,477,3303,589,3527
D:\SEM 7\CVProject\datasets\bottles_closeups\image_18.jpg,2086,2531,2330,2633
D:\SEM 7\CVProject\datasets\bottles_closeups\image_18.jpg,575,3151,801,3259
D:\SEM 7\CVProject\datasets\bottles_closeups\image_18.jpg,2453,3064,2617,3210
D:\SEM 7\CVProject\datasets\bottles_closeups\image_18.jpg,332,1522,553,1629
D:\SEM 7\CVProject\datasets\bottles_closeups\image_18.jpg,547,3257,652,3475
D:\SEM 7\CVProject\datasets\bottles_closeups\image_18.jpg,2287,3394,2406,3582
D:\SEM 7\CVProject\datasets\bottles_closeups\image_18.jpg,1765,3243,1932,3377
D:\SEM 7\CVProject\datasets\bottles_closeups\image_18.jpg,112,3053,236,3233
D:\SEM 7\CVProject\datasets\bottles_closeups\image_18.jpg,2008,1420,2154,1572
D:\SEM 7\CVProject\datasets\bottles_closeups\image_18.jpg,904,3692,976,3998
D:\SEM 7\CVProject\datasets\bottles_closeups\image_18.jpg,2423,2812,2577,2953
D:\SEM 7\CVProject\datasets\bottles_closeups\image_18.jpg,554,0,693,152
D:\SEM 7\CVProject\datasets\bottles_closeups\image_18.jpg,1929,3061,2026,3278
D:\SEM 7\CVProject\datasets\bottles_closeups\image_18.jpg,2731,2367,2841,2556
D:\SEM 7\CVProject\datasets\bottles_closeups\image_18.jpg,2465,3110,2593,3272
D:\SEM 7\CVProject\datasets\bottles_closeups\image_18.jpg,2497,2320,2629,2471
D:\SEM 7\CVProject\datasets\bottles_closeups\image_18.jpg,372,2023,517,2158
D:\SEM 7\CVProject\datasets\bottles_closeups\image_18.jpg,1478,3731,1598,3894
D:\SEM 7\CVProject\datasets\bottles_closeups\image_18.jpg,2926,3305,2999,3568
D:\SEM 7\CVProject\datasets\bottles_closeups\image_18.jpg,1162,3344,1235,3607
D:\SEM 7\CVProject\datasets\bottles_closeups\image_18.jpg,993,2498,1115,2654
D:\SEM 7\CVProject\datasets\bottles_closeups\image_18.jpg,1,2242,100,2434
D:\SEM 7\CVProject\datasets\bottles_closeups\image_18.jpg,1360,2087,1536,2195
D:\SEM 7\CVProject\datasets\bottles_closeups\image_18.jpg,2146,3463,2297,3588
D:\SEM 7\CVProject\datasets\bottles_closeups\image_18.jpg,377,1379,550,1486
D:\SEM 7\CVProject\datasets\bottles_closeups\image_18.jpg,2412,2313,2527,2474
D:\SEM 7\CVProject\datasets\bottles_closeups\image_18.jpg,2945,2886,2999,3224
D:\SEM 7\CVProject\datasets\bottles_closeups\image_18.jpg,2344,2539,2535,2634
D:\SEM 7\CVProject\datasets\bottles_closeups\image_18.jpg,1195,2071,1329,2204
D:\SEM 7\CVProject\datasets\bottles_closeups\image_18.jpg,2012,1583,2142,1720
D:\SEM 7\CVProject\datasets\bottles_closeups\image_18.jpg,2837,3534,2935,3714
D:\SEM 7\CVProject\datasets\bottles_closeups\image_18.jpg,2587,3870,2723,3999
D:\SEM 7\CVProject\datasets\bottles_closeups\image_18.jpg,1748,2000,1867,2145
D:\SEM 7\CVProject\datasets\bottles_closeups\image_18.jpg,352,1962,474,2103
D:\SEM 7\CVProject\datasets\bottles_closeups\image_18.jpg,1997,3560,2071,3791
D:\SEM 7\CVProject\datasets\bottles_closeups\image_18.jpg,2662,2804,2758,2981
D:\SEM 7\CVProject\datasets\bottles_closeups\image_18.jpg,2090,2251,2153,2518
D:\SEM 7\CVProject\datasets\bottles_closeups\image_18.jpg,1378,2158,1552,2255
D:\SEM 7\CVProject\datasets\bottles_closeups\image_18.jpg,778,3910,967,3999
D:\SEM 7\CVProject\datasets\bottles_closeups\image_18.jpg,2036,3251,2120,3451
D:\SEM 7\CVProject\datasets\bottles_closeups\image_18.jpg,278,3292,416,3413
D:\SEM 7\CVProject\datasets\bottles_closeups\image_18.jpg,2082,3509,2223,3627
D:\SEM 7\CVProject\datasets\bottles_closeups\image_18.jpg,1135,3285,1264,3412
D:\SEM 7\CVProject\datasets\bottles_closeups\image_18.jpg,1576,1616,1740,1715
D:\SEM 7\CVProject\datasets\bottles_closeups\image_18.jpg,911,3398,982,3622
D:\SEM 7\CVProject\datasets\bottles_closeups\image_18.jpg,76,3735,195,3869
D:\SEM 7\CVProject\datasets\bottles_closeups\image_18.jpg,764,2461,885,2592
D:\SEM 7\CVProject\datasets\bottles_closeups\image_18.jpg,1806,3100,1898,3272
D:\SEM 7\CVProject\datasets\bottles_closeups\image_18.jpg,177,2302,279,2456
D:\SEM 7\CVProject\datasets\bottles_closeups\image_18.jpg,972,2440,1113,2550
D:\SEM 7\CVProject\datasets\bottles_closeups\image_18.jpg,550,3458,687,3568
D:\SEM 7\CVProject\datasets\bottles_closeups\image_18.jpg,441,3514,533,3677
D:\SEM 7\CVProject\datasets\bottles_closeups\image_18.jpg,656,1338,803,1440
D:\SEM 7\CVProject\datasets\bottles_closeups\image_18.jpg,346,1643,508,1735
D:\SEM 7\CVProject\datasets\bottles_closeups\image_18.jpg,1171,1355,1258,1526
D:\SEM 7\CVProject\datasets\bottles_closeups\image_18.jpg,616,2437,745,2552
D:\SEM 7\CVProject\datasets\bottles_closeups\image_18.jpg,1557,2906,1686,3021
D:\SEM 7\CVProject\datasets\bottles_closeups\image_18.jpg,1381,2230,1555,2315
D:\SEM 7\CVProject\datasets\bottles_closeups\image_18.jpg,1964,2548,2045,2730
D:\SEM 7\CVProject\datasets\bottles_closeups\image_18.jpg,1323,2543,1491,2630
D:\SEM 7\CVProject\datasets\bottles_closeups\image_18.jpg,2378,3840,2469,3999
D:\SEM 7\CVProject\datasets\bottles_closeups\image_18.jpg,1021,1528,1128,1662
D:\SEM 7\CVProject\datasets\bottles_closeups\image_18.jpg,547,3358,624,3542
D:\SEM 7\CVProject\datasets\bottles_closeups\image_18.jpg,1687,1719,1848,1807
D:\SEM 7\CVProject\datasets\bottles_closeups\image_18.jpg,1258,2270,1344,2433
D:\SEM 7\CVProject\datasets\bottles_closeups\image_18.jpg,689,3228,793,3362
D:\SEM 7\CVProject\datasets\bottles_closeups\image_18.jpg,958,2681,1053,2825
D:\SEM 7\CVProject\datasets\bottles_closeups\image_18.jpg,1889,2140,1984,2282
D:\SEM 7\CVProject\datasets\bottles_closeups\image_18.jpg,400,3750,547,3841
D:\SEM 7\CVProject\datasets\bottles_closeups\image_18.jpg,2361,2202,2444,2363
D:\SEM 7\CVProject\datasets\bottles_closeups\image_18.jpg,2737,3754,2791,3999
D:\SEM 7\CVProject\datasets\bottles_closeups\image_18.jpg,691,188,800,310
D:\SEM 7\CVProject\datasets\bottles_closeups\image_18.jpg,1,2767,103,2895
D:\SEM 7\CVProject\datasets\bottles_closeups\image_18.jpg,1232,3594,1322,3739
D:\SEM 7\CVProject\datasets\bottles_closeups\image_18.jpg,42,2340,148,2463
D:\SEM 7\CVProject\datasets\bottles_closeups\image_18.jpg,0,2136,110,2253
D:\SEM 7\CVProject\datasets\bottles_closeups\image_18.jpg,1323,3776,1412,3919
D:\SEM 7\CVProject\datasets\bottles_closeups\image_18.jpg,2203,3877,2307,3999
D:\SEM 7\CVProject\datasets\bottles_closeups\image_18.jpg,1710,1886,1847,1978
D:\SEM 7\CVProject\datasets\bottles_closeups\image_18.jpg,2056,81,2122,271
D:\SEM 7\CVProject\datasets\bottles_closeups\image_18.jpg,2441,3794,2530,3935
D:\SEM 7\CVProject\datasets\bottles_closeups\image_18.jpg,2648,3040,2744,3169
D:\SEM 7\CVProject\datasets\bottles_closeups\image_18.jpg,1990,2358,2081,2494
D:\SEM 7\CVProject\datasets\bottles_closeups\image_18.jpg,253,3725,417,3800
D:\SEM 7\CVProject\datasets\bottles_closeups\image_18.jpg,307,3232,401,3362
D:\SEM 7\CVProject\datasets\bottles_closeups\image_18.jpg,335,3147,418,3294
D:\SEM 7\CVProject\datasets\bottles_closeups\image_18.jpg,2157,1697,2257,1819
D:\SEM 7\CVProject\datasets\bottles_closeups\image_18.jpg,1396,3238,1550,3317
D:\SEM 7\CVProject\datasets\bottles_closeups\image_18.jpg,375,3490,435,3691
D:\SEM 7\CVProject\datasets\bottles_closeups\image_18.jpg,1891,2649,1974,2794
D:\SEM 7\CVProject\datasets\bottles_closeups\image_18.jpg,2960,3094,2999,3397
D:\SEM 7\CVProject\datasets\bottles_closeups\image_18.jpg,2163,3492,2244,3639
D:\SEM 7\CVProject\datasets\bottles_closeups\image_19.jpg,1045,1095,2999,3999
D:\SEM 7\CVProject\datasets\bottles_closeups\image_19.jpg,994,2078,1777,3999
D:\SEM 7\CVProject\datasets\bottles_closeups\image_19.jpg,175,370,1293,1677
D:\SEM 7\CVProject\datasets\bottles_closeups\image_19.jpg,1241,121,2196,1198
D:\SEM 7\CVProject\datasets\bottles_closeups\image_19.jpg,0,1627,608,2995
D:\SEM 7\CVProject\datasets\bottles_closeups\image_19.jpg,1119,859,1896,1909
D:\SEM 7\CVProject\datasets\bottles_closeups\image_19.jpg,1149,1701,1937,2521
D:\SEM 7\CVProject\datasets\bottles_closeups\image_19.jpg,2182,1195,2999,1931
D:\SEM 7\CVProject\datasets\bottles_closeups\image_19.jpg,1553,2447,2084,3477
D:\SEM 7\CVProject\datasets\bottles_closeups\image_19.jpg,2275,3207,2999,3856
D:\SEM 7\CVProject\datasets\bottles_closeups\image_19.jpg,239,3246,861,3999
D:\SEM 7\CVProject\datasets\bottles_closeups\image_19.jpg,219,1139,1116,1660
D:\SEM 7\CVProject\datasets\bottles_closeups\image_19.jpg,1221,2097,1510,3329
D:\SEM 7\CVProject\datasets\bottles_closeups\image_19.jpg,144,1279,718,1877
D:\SEM 7\CVProject\datasets\bottles_closeups\image_19.jpg,2155,829,2963,1247
D:\SEM 7\CVProject\datasets\bottles_closeups\image_19.jpg,2571,0,2999,754
D:\SEM 7\CVProject\datasets\bottles_closeups\image_19.jpg,817,2900,1099,3999
D:\SEM 7\CVProject\datasets\bottles_closeups\image_19.jpg,605,0,1286,405
D:\SEM 7\CVProject\datasets\bottles_closeups\image_19.jpg,1072,2384,1355,3342
D:\SEM 7\CVProject\datasets\bottles_closeups\image_19.jpg,2150,0,2736,445
D:\SEM 7\CVProject\datasets\bottles_closeups\image_19.jpg,561,3133,984,3715
D:\SEM 7\CVProject\datasets\bottles_closeups\image_19.jpg,91,186,450,821
D:\SEM 7\CVProject\datasets\bottles_closeups\image_19.jpg,0,2124,257,2971
D:\SEM 7\CVProject\datasets\bottles_closeups\image_19.jpg,768,2210,1071,2913
D:\SEM 7\CVProject\datasets\bottles_closeups\image_19.jpg,1105,1169,1413,1838
D:\SEM 7\CVProject\datasets\bottles_closeups\image_19.jpg,1578,1117,1906,1744
D:\SEM 7\CVProject\datasets\bottles_closeups\image_19.jpg,31,1151,245,1932
D:\SEM 7\CVProject\datasets\bottles_closeups\image_19.jpg,973,1560,1176,2371
D:\SEM 7\CVProject\datasets\bottles_closeups\image_19.jpg,2539,3211,2999,3563
D:\SEM 7\CVProject\datasets\bottles_closeups\image_19.jpg,537,2833,1023,3159
D:\SEM 7\CVProject\datasets\bottles_closeups\image_19.jpg,2276,538,2787,845
D:\SEM 7\CVProject\datasets\bottles_closeups\image_19.jpg,65,3032,221,3999
D:\SEM 7\CVProject\datasets\bottles_closeups\image_19.jpg,131,2989,320,3757
D:\SEM 7\CVProject\datasets\bottles_closeups\image_19.jpg,1599,638,1997,979
D:\SEM 7\CVProject\datasets\bottles_closeups\image_19.jpg,1737,1831,1929,2514
D:\SEM 7\CVProject\datasets\bottles_closeups\image_19.jpg,423,309,656,861
D:\SEM 7\CVProject\datasets\bottles_closeups\image_19.jpg,25,960,313,1390
D:\SEM 7\CVProject\datasets\bottles_closeups\image_19.jpg,1360,3728,1786,3999
D:\SEM 7\CVProject\datasets\bottles_closeups\image_19.jpg,2580,3719,2999,3981
D:\SEM 7\CVProject\datasets\bottles_closeups\image_19.jpg,2734,3391,2999,3805
D:\SEM 7\CVProject\datasets\bottles_closeups\image_19.jpg,483,3598,751,3999
D:\SEM 7\CVProject\datasets\bottles_closeups\image_19.jpg,2479,1026,2959,1243
D:\SEM 7\CVProject\datasets\bottles_closeups\image_19.jpg,0,2937,163,3575
D:\SEM 7\CVProject\datasets\bottles_closeups\image_19.jpg,1810,3569,2052,3999
D:\SEM 7\CVProject\datasets\bottles_closeups\image_19.jpg,1795,491,2042,903
D:\SEM 7\CVProject\datasets\bottles_closeups\image_19.jpg,168,2956,607,3187
D:\SEM 7\CVProject\datasets\bottles_closeups\image_19.jpg,1612,798,1941,1099
D:\SEM 7\CVProject\datasets\bottles_closeups\image_19.jpg,1924,299,2173,695
D:\SEM 7\CVProject\datasets\bottles_closeups\image_19.jpg,1827,0,2123,330
D:\SEM 7\CVProject\datasets\bottles_closeups\image_19.jpg,1349,0,1755,237
D:\SEM 7\CVProject\datasets\bottles_closeups\image_19.jpg,2416,320,2898,515
D:\SEM 7\CVProject\datasets\bottles_closeups\image_19.jpg,0,299,203,742
D:\SEM 7\CVProject\datasets\bottles_closeups\image_19.jpg,579,0,985,211
D:\SEM 7\CVProject\datasets\bottles_closeups\image_19.jpg,0,2048,148,2626
D:\SEM 7\CVProject\datasets\bottles_closeups\image_19.jpg,0,53,341,294
D:\SEM 7\CVProject\datasets\bottles_closeups\image_19.jpg,1533,1862,1746,2226
D:\SEM 7\CVProject\datasets\bottles_closeups\image_19.jpg,2304,3206,2546,3514
D:\SEM 7\CVProject\datasets\bottles_closeups\image_19.jpg,510,2609,774,2891
D:\SEM 7\CVProject\datasets\bottles_closeups\image_19.jpg,802,3535,979,3953
D:\SEM 7\CVProject\datasets\bottles_closeups\image_19.jpg,726,1542,1029,1784
D:\SEM 7\CVProject\datasets\bottles_closeups\image_19.jpg,2759,3644,2999,3949
D:\SEM 7\CVProject\datasets\bottles_closeups\image_19.jpg,2588,0,2886,245
D:\SEM 7\CVProject\datasets\bottles_closeups\image_19.jpg,1329,696,1609,955
D:\SEM 7\CVProject\datasets\bottles_closeups\image_19.jpg,150,3513,298,3999
D:\SEM 7\CVProject\datasets\bottles_closeups\image_19.jpg,0,719,175,1129
D:\SEM 7\CVProject\datasets\bottles_closeups\image_19.jpg,1429,1789,1543,2413
D:\SEM 7\CVProject\datasets\bottles_closeups\image_19.jpg,936,339,1181,630
D:\SEM 7\CVProject\datasets\bottles_closeups\image_19.jpg,1500,460,1778,710
D:\SEM 7\CVProject\datasets\bottles_closeups\image_19.jpg,37,2577,215,2967
D:\SEM 7\CVProject\datasets\bottles_closeups\image_19.jpg,736,2463,944,2789
D:\SEM 7\CVProject\datasets\bottles_closeups\image_19.jpg,590,1211,778,1569
D:\SEM 7\CVProject\datasets\bottles_closeups\image_19.jpg,1194,408,1288,1113
D:\SEM 7\CVProject\datasets\bottles_closeups\image_19.jpg,2132,3206,2213,3999
D:\SEM 7\CVProject\datasets\bottles_closeups\image_19.jpg,2270,3640,2488,3931
D:\SEM 7\CVProject\datasets\bottles_closeups\image_19.jpg,1477,3152,1771,3365
D:\SEM 7\CVProject\datasets\bottles_closeups\image_19.jpg,892,2756,1100,3055
D:\SEM 7\CVProject\datasets\bottles_closeups\image_19.jpg,451,2152,667,2436
D:\SEM 7\CVProject\datasets\bottles_closeups\image_19.jpg,2713,703,2957,951
D:\SEM 7\CVProject\datasets\bottles_closeups\image_19.jpg,712,1483,978,1699
D:\SEM 7\CVProject\datasets\bottles_closeups\image_19.jpg,193,542,300,1077
D:\SEM 7\CVProject\datasets\bottles_closeups\image_19.jpg,2182,1797,2391,2070
D:\SEM 7\CVProject\datasets\bottles_closeups\image_19.jpg,178,3158,286,3682
D:\SEM 7\CVProject\datasets\bottles_closeups\image_19.jpg,2160,0,2380,255
D:\SEM 7\CVProject\datasets\bottles_closeups\image_19.jpg,961,3312,1042,3999
D:\SEM 7\CVProject\datasets\bottles_closeups\image_19.jpg,710,2594,922,2848
D:\SEM 7\CVProject\datasets\bottles_closeups\image_19.jpg,902,1750,1114,2004
D:\SEM 7\CVProject\datasets\bottles_closeups\image_19.jpg,2900,0,2999,538
D:\SEM 7\CVProject\datasets\bottles_closeups\image_19.jpg,1819,957,2073,1162
D:\SEM 7\CVProject\datasets\bottles_closeups\image_19.jpg,98,1683,300,1939
D:\SEM 7\CVProject\datasets\bottles_closeups\image_19.jpg,2240,2797,2428,3071
D:\SEM 7\CVProject\datasets\bottles_closeups\image_19.jpg,2680,1612,2940,1810
D:\SEM 7\CVProject\datasets\bottles_closeups\image_19.jpg,1475,3611,1650,3890
D:\SEM 7\CVProject\datasets\bottles_closeups\image_19.jpg,2768,2534,2999,2745
D:\SEM 7\CVProject\datasets\bottles_closeups\image_19.jpg,1192,947,1369,1222
D:\SEM 7\CVProject\datasets\bottles_closeups\image_19.jpg,404,2486,625,2700
D:\SEM 7\CVProject\datasets\bottles_closeups\image_19.jpg,290,781,465,1050
D:\SEM 7\CVProject\datasets\bottles_closeups\image_19.jpg,278,3334,437,3630
D:\SEM 7\CVProject\datasets\bottles_closeups\image_19.jpg,400,2260,578,2523
D:\SEM 7\CVProject\datasets\bottles_closeups\image_19.jpg,0,0,309,151
D:\SEM 7\CVProject\datasets\bottles_closeups\image_19.jpg,640,399,812,667
D:\SEM 7\CVProject\datasets\bottles_closeups\image_19.jpg,1081,374,1200,755
D:\SEM 7\CVProject\datasets\bottles_closeups\image_19.jpg,1901,1822,2090,2056
D:\SEM 7\CVProject\datasets\bottles_closeups\image_19.jpg,910,577,1055,881
D:\SEM 7\CVProject\datasets\bottles_closeups\image_19.jpg,1810,3629,1954,3933
D:\SEM 7\CVProject\datasets\bottles_closeups\image_19.jpg,2567,1847,2853,2000
D:\SEM 7\CVProject\datasets\bottles_closeups\image_19.jpg,1292,363,1487,585
D:\SEM 7\CVProject\datasets\bottles_closeups\image_19.jpg,453,158,769,286
D:\SEM 7\CVProject\datasets\bottles_closeups\image_19.jpg,1383,246,1654,394
D:\SEM 7\CVProject\datasets\bottles_closeups\image_19.jpg,2164,3225,2233,3800
D:\SEM 7\CVProject\datasets\bottles_closeups\image_19.jpg,65,1452,163,1845
D:\SEM 7\CVProject\datasets\bottles_closeups\image_19.jpg,2829,1308,2999,1535
D:\SEM 7\CVProject\datasets\bottles_closeups\image_19.jpg,2614,859,2825,1040
D:\SEM 7\CVProject\datasets\bottles_closeups\image_19.jpg,2780,2193,2999,2365
D:\SEM 7\CVProject\datasets\bottles_closeups\image_19.jpg,433,947,697,1087
D:\SEM 7\CVProject\datasets\bottles_closeups\image_19.jpg,1760,74,1952,266
D:\SEM 7\CVProject\datasets\bottles_closeups\image_19.jpg,405,37,620,208
D:\SEM 7\CVProject\datasets\bottles_closeups\image_19.jpg,2543,2229,2696,2464
D:\SEM 7\CVProject\datasets\bottles_closeups\image_19.jpg,2667,126,2834,341
D:\SEM 7\CVProject\datasets\bottles_closeups\image_19.jpg,1069,699,1196,977
D:\SEM 7\CVProject\datasets\bottles_closeups\image_19.jpg,572,567,771,740
D:\SEM 7\CVProject\datasets\bottles_closeups\image_19.jpg,2170,257,2341,456
D:\SEM 7\CVProject\datasets\bottles_closeups\image_19.jpg,1315,3703,1485,3902
D:\SEM 7\CVProject\datasets\bottles_closeups\image_19.jpg,2184,986,2346,1194
D:\SEM 7\CVProject\datasets\bottles_closeups\image_19.jpg,2938,595,2999,1142
D:\SEM 7\CVProject\datasets\bottles_closeups\image_19.jpg,2601,2714,2755,2932
D:\SEM 7\CVProject\datasets\bottles_closeups\image_19.jpg,1177,228,1264,604
D:\SEM 7\CVProject\datasets\bottles_closeups\image_19.jpg,602,3693,736,3934
D:\SEM 7\CVProject\datasets\bottles_closeups\image_19.jpg,1245,1942,1318,2366
D:\SEM 7\CVProject\datasets\bottles_closeups\image_19.jpg,2805,0,2923,263
D:\SEM 7\CVProject\datasets\bottles_closeups\image_19.jpg,503,1160,626,1411
D:\SEM 7\CVProject\datasets\bottles_closeups\image_19.jpg,2169,3563,2239,3999
D:\SEM 7\CVProject\datasets\bottles_closeups\image_19.jpg,899,1494,1079,1663
D:\SEM 7\CVProject\datasets\bottles_closeups\image_19.jpg,612,2851,823,2995
D:\SEM 7\CVProject\datasets\bottles_closeups\image_19.jpg,927,2099,1049,2346
D:\SEM 7\CVProject\datasets\bottles_closeups\image_19.jpg,1497,646,1659,831
D:\SEM 7\CVProject\datasets\bottles_closeups\image_19.jpg,360,1300,528,1474
D:\SEM 7\CVProject\datasets\bottles_closeups\image_19.jpg,2276,3557,2373,3854
D:\SEM 7\CVProject\datasets\bottles_closeups\image_19.jpg,1332,80,1454,316
D:\SEM 7\CVProject\datasets\bottles_closeups\image_19.jpg,2447,573,2591,772
D:\SEM 7\CVProject\datasets\bottles_closeups\image_19.jpg,2222,404,2489,511
D:\SEM 7\CVProject\datasets\bottles_closeups\image_19.jpg,322,0,445,232
D:\SEM 7\CVProject\datasets\bottles_closeups\image_19.jpg,1737,1958,1806,2368
D:\SEM 7\CVProject\datasets\bottles_closeups\image_19.jpg,2503,3346,2688,3497
D:\SEM 7\CVProject\datasets\bottles_closeups\image_19.jpg,722,2879,912,3026
D:\SEM 7\CVProject\datasets\bottles_closeups\image_19.jpg,525,1479,681,1658
D:\SEM 7\CVProject\datasets\bottles_closeups\image_19.jpg,2214,3587,2298,3914
D:\SEM 7\CVProject\datasets\bottles_closeups\image_19.jpg,756,1568,900,1756
D:\SEM 7\CVProject\datasets\bottles_closeups\image_19.jpg,2399,3429,2528,3638
D:\SEM 7\CVProject\datasets\bottles_closeups\image_19.jpg,432,2170,598,2329
D:\SEM 7\CVProject\datasets\bottles_closeups\image_19.jpg,2621,3309,2779,3476
D:\SEM 7\CVProject\datasets\bottles_closeups\image_19.jpg,2390,768,2566,916
D:\SEM 7\CVProject\datasets\bottles_closeups\image_19.jpg,1042,954,1167,1158
D:\SEM 7\CVProject\datasets\bottles_closeups\image_19.jpg,2473,3461,2616,3639
D:\SEM 7\CVProject\datasets\bottles_closeups\image_19.jpg,2104,0,2159,459
D:\SEM 7\CVProject\datasets\bottles_closeups\image_19.jpg,402,294,539,479
D:\SEM 7\CVProject\datasets\bottles_closeups\image_19.jpg,0,1131,103,1376
D:\SEM 7\CVProject\datasets\bottles_closeups\image_19.jpg,1020,3057,1119,3308
D:\SEM 7\CVProject\datasets\bottles_closeups\image_19.jpg,2601,3716,2760,3872
D:\SEM 7\CVProject\datasets\bottles_closeups\image_19.jpg,1830,1500,1915,1791
D:\SEM 7\CVProject\datasets\bottles_closeups\image_19.jpg,2452,2307,2621,2451
D:\SEM 7\CVProject\datasets\bottles_closeups\image_19.jpg,1342,2243,1437,2495
D:\SEM 7\CVProject\datasets\bottles_closeups\image_19.jpg,1262,0,1331,341
D:\SEM 7\CVProject\datasets\bottles_closeups\image_19.jpg,1328,2798,1431,3027
D:\SEM 7\CVProject\datasets\bottles_closeups\image_19.jpg,1491,3857,1657,3999
D:\SEM 7\CVProject\datasets\bottles_closeups\image_19.jpg,1291,559,1384,810
D:\SEM 7\CVProject\datasets\bottles_closeups\image_19.jpg,67,2582,217,2735
D:\SEM 7\CVProject\datasets\bottles_closeups\image_19.jpg,973,1173,1150,1301
D:\SEM 7\CVProject\datasets\bottles_closeups\image_19.jpg,2895,3644,2999,3860
D:\SEM 7\CVProject\datasets\bottles_closeups\image_19.jpg,901,738,1034,907
D:\SEM 7\CVProject\datasets\bottles_closeups\image_19.jpg,285,604,405,791
D:\SEM 7\CVProject\datasets\bottles_closeups\image_19.jpg,1109,3183,1235,3361
D:\SEM 7\CVProject\datasets\bottles_closeups\image_19.jpg,2014,2770,2111,3000
D:\SEM 7\CVProject\datasets\bottles_closeups\image_19.jpg,1154,2166,1233,2446
D:\SEM 7\CVProject\datasets\bottles_closeups\image_19.jpg,974,3491,1021,3955
D:\SEM 7\CVProject\datasets\bottles_closeups\image_19.jpg,591,3168,691,3383
D:\SEM 7\CVProject\datasets\bottles_closeups\image_19.jpg,1691,2616,1828,2773
D:\SEM 7\CVProject\datasets\bottles_closeups\image_19.jpg,1982,2668,2037,3052
D:\SEM 7\CVProject\datasets\bottles_closeups\image_19.jpg,597,1782,775,1901
D:\SEM 7\CVProject\datasets\bottles_closeups\image_19.jpg,281,2787,427,2932
D:\SEM 7\CVProject\datasets\bottles_closeups\image_19.jpg,931,2755,1037,2954
D:\SEM 7\CVProject\datasets\bottles_closeups\image_19.jpg,998,638,1112,823
D:\SEM 7\CVProject\datasets\bottles_closeups\image_19.jpg,2859,942,2977,1120
D:\SEM 7\CVProject\datasets\bottles_closeups\image_19.jpg,756,3817,871,3999
D:\SEM 7\CVProject\datasets\bottles_closeups\image_19.jpg,228,23,341,205
D:\SEM 7\CVProject\datasets\bottles_closeups\image_19.jpg,581,2943,726,3084
D:\SEM 7\CVProject\datasets\bottles_closeups\image_19.jpg,482,2316,575,2535
D:\SEM 7\CVProject\datasets\bottles_closeups\image_19.jpg,2201,506,2291,730
D:\SEM 7\CVProject\datasets\bottles_closeups\image_19.jpg,401,2315,482,2562
D:\SEM 7\CVProject\datasets\bottles_closeups\image_19.jpg,528,2186,659,2339
D:\SEM 7\CVProject\datasets\bottles_closeups\image_19.jpg,1635,2447,1810,2561
D:\SEM 7\CVProject\datasets\bottles_closeups\image_19.jpg,737,3557,845,3740
D:\SEM 7\CVProject\datasets\bottles_closeups\image_19.jpg,393,214,597,309
D:\SEM 7\CVProject\datasets\bottles_closeups\image_19.jpg,2639,2408,2749,2584
D:\SEM 7\CVProject\datasets\bottles_closeups\image_19.jpg,500,527,620,688
D:\SEM 7\CVProject\datasets\bottles_closeups\image_19.jpg,307,2581,430,2737
D:\SEM 7\CVProject\datasets\bottles_closeups\image_19.jpg,1908,1697,2009,1886
D:\SEM 7\CVProject\datasets\bottles_closeups\image_19.jpg,2362,0,2534,111
D:\SEM 7\CVProject\datasets\bottles_closeups\image_19.jpg,1169,83,1265,281
D:\SEM 7\CVProject\datasets\bottles_closeups\image_19.jpg,1796,323,2007,413
D:\SEM 7\CVProject\datasets\bottles_closeups\image_19.jpg,2444,1412,2578,1553
D:\SEM 7\CVProject\datasets\bottles_closeups\image_19.jpg,2908,2748,2999,2955
D:\SEM 7\CVProject\datasets\bottles_closeups\image_19.jpg,796,1797,935,1932
D:\SEM 7\CVProject\datasets\bottles_closeups\image_19.jpg,1172,1869,1231,2185
D:\SEM 7\CVProject\datasets\bottles_closeups\image_19.jpg,860,3574,936,3819
D:\SEM 7\CVProject\datasets\bottles_closeups\image_19.jpg,608,2336,691,2560
D:\SEM 7\CVProject\datasets\bottles_closeups\image_19.jpg,1546,58,1705,175
D:\SEM 7\CVProject\datasets\bottles_closeups\image_19.jpg,809,2746,938,2889
D:\SEM 7\CVProject\datasets\bottles_closeups\image_19.jpg,2868,1120,2996,1264
D:\SEM 7\CVProject\datasets\bottles_closeups\image_19.jpg,768,502,881,664
D:\SEM 7\CVProject\datasets\bottles_closeups\image_19.jpg,630,524,751,675
D:\SEM 7\CVProject\datasets\bottles_closeups\image_19.jpg,2482,722,2573,922
D:\SEM 7\CVProject\datasets\bottles_closeups\image_19.jpg,654,3550,785,3689
D:\SEM 7\CVProject\datasets\bottles_closeups\image_19.jpg,1041,3180,1102,3477
D:\SEM 7\CVProject\datasets\bottles_closeups\image_19.jpg,1340,3063,1450,3227
D:\SEM 7\CVProject\datasets\bottles_closeups\image_19.jpg,2769,592,2887,744
D:\SEM 7\CVProject\datasets\bottles_closeups\image_19.jpg,1435,538,1532,721
D:\SEM 7\CVProject\datasets\bottles_closeups\image_19.jpg,266,274,352,478
D:\SEM 7\CVProject\datasets\bottles_closeups\image_19.jpg,1515,3482,1613,3660
D:\SEM 7\CVProject\datasets\bottles_closeups\image_19.jpg,1304,3694,1428,3834
D:\SEM 7\CVProject\datasets\bottles_closeups\image_19.jpg,454,1340,603,1456
D:\SEM 7\CVProject\datasets\bottles_closeups\image_19.jpg,2565,2616,2692,2752
D:\SEM 7\CVProject\datasets\bottles_closeups\image_19.jpg,1361,829,1565,913
D:\SEM 7\CVProject\datasets\bottles_closeups\image_19.jpg,523,1277,677,1387
D:\SEM 7\CVProject\datasets\bottles_closeups\image_19.jpg,2615,188,2741,322
D:\SEM 7\CVProject\datasets\bottles_closeups\image_19.jpg,1722,592,1799,808
D:\SEM 7\CVProject\datasets\bottles_closeups\image_19.jpg,404,2548,554,2659
D:\SEM 7\CVProject\datasets\bottles_closeups\image_19.jpg,1679,2415,1771,2594
D:\SEM 7\CVProject\datasets\bottles_closeups\image_19.jpg,1363,2189,1409,2543
D:\SEM 7\CVProject\datasets\bottles_closeups\image_19.jpg,1000,1728,1117,1868
D:\SEM 7\CVProject\datasets\bottles_closeups\image_19.jpg,1689,3489,1777,3673
D:\SEM 7\CVProject\datasets\bottles_closeups\image_19.jpg,2404,633,2528,762
D:\SEM 7\CVProject\datasets\bottles_closeups\image_19.jpg,2264,2182,2340,2392
D:\SEM 7\CVProject\datasets\bottles_closeups\image_19.jpg,2714,3450,2809,3618
D:\SEM 7\CVProject\datasets\bottles_closeups\image_19.jpg,1418,1234,1527,1380
D:\SEM 7\CVProject\datasets\bottles_closeups\image_19.jpg,786,326,927,438
D:\SEM 7\CVProject\datasets\bottles_closeups\image_19.jpg,1550,544,1677,668
D:\SEM 7\CVProject\datasets\bottles_closeups\image_19.jpg,624,411,765,522
D:\SEM 7\CVProject\datasets\bottles_closeups\image_19.jpg,433,853,597,948
D:\SEM 7\CVProject\datasets\bottles_closeups\image_19.jpg,143,2538,207,2780
D:\SEM 7\CVProject\datasets\bottles_closeups\image_19.jpg,709,1470,854,1577
D:\SEM 7\CVProject\datasets\bottles_closeups\image_19.jpg,794,566,906,704
D:\SEM 7\CVProject\datasets\bottles_closeups\image_19.jpg,1746,2752,1808,3000
D:\SEM 7\CVProject\datasets\bottles_closeups\image_19.jpg,0,424,101,576
D:\SEM 7\CVProject\datasets\bottles_closeups\image_19.jpg,2098,644,2145,967
D:\SEM 7\CVProject\datasets\bottles_closeups\image_19.jpg,1300,1412,1387,1586
D:\SEM 7\CVProject\datasets\bottles_closeups\image_19.jpg,540,1635,659,1761
D:\SEM 7\CVProject\datasets\bottles_closeups\image_19.jpg,2265,2800,2373,2938
D:\SEM 7\CVProject\datasets\bottles_closeups\image_19.jpg,368,2281,498,2395
D:\SEM 7\CVProject\datasets\bottles_closeups\image_19.jpg,1298,2986,1449,3084
D:\SEM 7\CVProject\datasets\bottles_closeups\image_19.jpg,1182,0,1273,162
D:\SEM 7\CVProject\datasets\bottles_closeups\image_19.jpg,2914,2183,2999,2356
D:\SEM 7\CVProject\datasets\bottles_closeups\image_19.jpg,857,2671,939,2850
D:\SEM 7\CVProject\datasets\bottles_closeups\image_19.jpg,2419,1468,2515,1620
D:\SEM 7\CVProject\datasets\bottles_closeups\image_19.jpg,1,2538,57,2797
D:\SEM 7\CVProject\datasets\bottles_closeups\image_19.jpg,0,3577,47,3883
D:\SEM 7\CVProject\datasets\bottles_closeups\image_19.jpg,1737,3028,1806,3237
D:\SEM 7\CVProject\datasets\bottles_closeups\image_19.jpg,1849,3239,1951,3379
D:\SEM 7\CVProject\datasets\bottles_closeups\image_19.jpg,2541,2423,2621,2601
D:\SEM 7\CVProject\datasets\bottles_closeups\image_19.jpg,2672,2458,2779,2591
D:\SEM 7\CVProject\datasets\bottles_closeups\image_19.jpg,1230,3691,1282,3963
D:\SEM 7\CVProject\datasets\bottles_closeups\image_19.jpg,1213,2360,1267,2622
D:\SEM 7\CVProject\datasets\bottles_closeups\image_19.jpg,479,2461,592,2586
D:\SEM 7\CVProject\datasets\bottles_closeups\image_19.jpg,2320,1446,2438,1565
D:\SEM 7\CVProject\datasets\bottles_closeups\image_19.jpg,2634,1507,2720,1669
D:\SEM 7\CVProject\datasets\bottles_closeups\image_19.jpg,2290,1989,2412,2103
D:\SEM 7\CVProject\datasets\bottles_closeups\image_19.jpg,739,2801,842,2936
D:\SEM 7\CVProject\datasets\bottles_closeups\image_19.jpg,2421,1345,2520,1484
D:\SEM 7\CVProject\datasets\bottles_closeups\image_19.jpg,988,78,1082,224
D:\SEM 7\CVProject\datasets\bottles_closeups\image_19.jpg,2646,1047,2788,1143
D:\SEM 7\CVProject\datasets\bottles_closeups\image_19.jpg,1782,241,1913,343
D:\SEM 7\CVProject\datasets\bottles_closeups\image_19.jpg,1,715,76,892
D:\SEM 7\CVProject\datasets\bottles_closeups\image_19.jpg,2007,2422,2085,2592
D:\SEM 7\CVProject\datasets\bottles_closeups\image_19.jpg,2625,2375,2672,2655
D:\SEM 7\CVProject\datasets\bottles_closeups\image_19.jpg,1911,2465,2010,2598
D:\SEM 7\CVProject\datasets\bottles_closeups\image_19.jpg,1649,0,1757,121
D:\SEM 7\CVProject\datasets\bottles_closeups\image_19.jpg,2807,2532,2909,2660
D:\SEM 7\CVProject\datasets\bottles_closeups\image_19.jpg,909,2107,986,2276
D:\SEM 7\CVProject\datasets\bottles_closeups\image_19.jpg,2678,2548,2792,2661
D:\SEM 7\CVProject\datasets\bottles_closeups\image_19.jpg,2790,2831,2881,2972
D:\SEM 7\CVProject\datasets\bottles_closeups\image_19.jpg,1272,768,1341,953
D:\SEM 7\CVProject\datasets\bottles_closeups\image_19.jpg,1,98,99,228
D:\SEM 7\CVProject\datasets\bottles_closeups\image_19.jpg,431,0,561,98
D:\SEM 7\CVProject\datasets\bottles_closeups\image_19.jpg,2579,809,2678,937
D:\SEM 7\CVProject\datasets\bottles_closeups\image_19.jpg,1170,2002,1220,2250
D:\SEM 7\CVProject\datasets\bottles_closeups\image_19.jpg,698,35,811,145
D:\SEM 7\CVProject\datasets\bottles_closeups\image_19.jpg,1641,1395,1720,1552
D:\SEM 7\CVProject\datasets\bottles_closeups\image_19.jpg,2850,3551,2999,3634
D:\SEM 7\CVProject\datasets\bottles_closeups\image_19.jpg,599,3499,656,3715
D:\SEM 7\CVProject\datasets\bottles_closeups\image_19.jpg,1855,66,1957,187
D:\SEM 7\CVProject\datasets\bottles_closeups\image_19.jpg,553,2838,650,2965
D:\SEM 7\CVProject\datasets\bottles_closeups\image_19.jpg,2113,1295,2160,1555
D:\SEM 7\CVProject\datasets\bottles_closeups\image_19.jpg,1719,1420,1802,1567
D:\SEM 7\CVProject\datasets\bottles_closeups\image_19.jpg,1246,3310,1356,3420
D:\SEM 7\CVProject\datasets\bottles_closeups\image_19.jpg,478,632,592,738
D:\SEM 7\CVProject\datasets\bottles_closeups\image_19.jpg,797,893,880,1038
D:\SEM 7\CVProject\datasets\bottles_closeups\image_19.jpg,2574,3295,2670,3420
D:\SEM 7\CVProject\datasets\bottles_closeups\image_19.jpg,1238,1001,1364,1096
D:\SEM 7\CVProject\datasets\bottles_closeups\image_19.jpg,2403,3766,2454,3999
D:\SEM 7\CVProject\datasets\bottles_closeups\image_19.jpg,502,3506,616,3610
D:\SEM 7\CVProject\datasets\bottles_closeups\image_19.jpg,2250,2936,2344,3062
D:\SEM 7\CVProject\datasets\bottles_closeups\image_2.jpg,0,0,2999,2754
D:\SEM 7\CVProject\datasets\bottles_closeups\image_2.jpg,0,2224,2999,3999
D:\SEM 7\CVProject\datasets\bottles_closeups\image_2.jpg,1893,0,2999,760
D:\SEM 7\CVProject\datasets\bottles_closeups\image_2.jpg,443,1832,1281,2584
D:\SEM 7\CVProject\datasets\bottles_closeups\image_2.jpg,1093,1477,2042,2106
D:\SEM 7\CVProject\datasets\bottles_closeups\image_2.jpg,0,41,795,759
D:\SEM 7\CVProject\datasets\bottles_closeups\image_2.jpg,1119,0,2003,501
D:\SEM 7\CVProject\datasets\bottles_closeups\image_2.jpg,0,1489,587,2231
D:\SEM 7\CVProject\datasets\bottles_closeups\image_2.jpg,866,2443,1907,2859
D:\SEM 7\CVProject\datasets\bottles_closeups\image_2.jpg,727,36,1594,529
D:\SEM 7\CVProject\datasets\bottles_closeups\image_2.jpg,1260,1959,1912,2588
D:\SEM 7\CVProject\datasets\bottles_closeups\image_2.jpg,697,2783,1418,3274
D:\SEM 7\CVProject\datasets\bottles_closeups\image_2.jpg,2237,0,2830,556
D:\SEM 7\CVProject\datasets\bottles_closeups\image_2.jpg,12,3529,661,3999
D:\SEM 7\CVProject\datasets\bottles_closeups\image_2.jpg,439,1533,1117,1982
D:\SEM 7\CVProject\datasets\bottles_closeups\image_2.jpg,1213,2324,1860,2792
D:\SEM 7\CVProject\datasets\bottles_closeups\image_2.jpg,2058,2519,2501,3164
D:\SEM 7\CVProject\datasets\bottles_closeups\image_2.jpg,2501,2928,2999,3496
D:\SEM 7\CVProject\datasets\bottles_closeups\image_2.jpg,1501,33,1947,654
D:\SEM 7\CVProject\datasets\bottles_closeups\image_2.jpg,1688,3167,2305,3613
D:\SEM 7\CVProject\datasets\bottles_closeups\image_2.jpg,1904,3246,2564,3621
D:\SEM 7\CVProject\datasets\bottles_closeups\image_2.jpg,2646,0,2999,668
D:\SEM 7\CVProject\datasets\bottles_closeups\image_2.jpg,2440,3347,2751,3999
D:\SEM 7\CVProject\datasets\bottles_closeups\image_2.jpg,538,0,987,431
D:\SEM 7\CVProject\datasets\bottles_closeups\image_2.jpg,2502,2425,2907,2901
D:\SEM 7\CVProject\datasets\bottles_closeups\image_2.jpg,6,2343,363,2821
D:\SEM 7\CVProject\datasets\bottles_closeups\image_2.jpg,1157,2232,1509,2704
D:\SEM 7\CVProject\datasets\bottles_closeups\image_2.jpg,0,1576,402,1981
D:\SEM 7\CVProject\datasets\bottles_closeups\image_2.jpg,2238,2729,2688,3089
D:\SEM 7\CVProject\datasets\bottles_closeups\image_2.jpg,2179,2548,2567,2957
D:\SEM 7\CVProject\datasets\bottles_closeups\image_2.jpg,381,1052,876,1371
D:\SEM 7\CVProject\datasets\bottles_closeups\image_2.jpg,2088,2468,2683,2729
D:\SEM 7\CVProject\datasets\bottles_closeups\image_2.jpg,569,1935,1127,2212
D:\SEM 7\CVProject\datasets\bottles_closeups\image_2.jpg,1228,3522,1637,3881
D:\SEM 7\CVProject\datasets\bottles_closeups\image_2.jpg,1582,1191,2083,1477
D:\SEM 7\CVProject\datasets\bottles_closeups\image_2.jpg,1215,0,1607,326
D:\SEM 7\CVProject\datasets\bottles_closeups\image_2.jpg,514,1870,1042,2102
D:\SEM 7\CVProject\datasets\bottles_closeups\image_2.jpg,0,3017,204,3614
D:\SEM 7\CVProject\datasets\bottles_closeups\image_2.jpg,1809,2937,2216,3233
D:\SEM 7\CVProject\datasets\bottles_closeups\image_2.jpg,2295,1943,2757,2203
D:\SEM 7\CVProject\datasets\bottles_closeups\image_2.jpg,7,3470,341,3829
D:\SEM 7\CVProject\datasets\bottles_closeups\image_2.jpg,2565,1635,2909,1974
D:\SEM 7\CVProject\datasets\bottles_closeups\image_2.jpg,418,1416,918,1646
D:\SEM 7\CVProject\datasets\bottles_closeups\image_2.jpg,2034,2689,2310,3103
D:\SEM 7\CVProject\datasets\bottles_closeups\image_2.jpg,970,1419,1351,1711
D:\SEM 7\CVProject\datasets\bottles_closeups\image_2.jpg,1807,3360,2017,3888
D:\SEM 7\CVProject\datasets\bottles_closeups\image_2.jpg,2054,1650,2482,1907
D:\SEM 7\CVProject\datasets\bottles_closeups\image_2.jpg,1617,2943,2026,3203
D:\SEM 7\CVProject\datasets\bottles_closeups\image_2.jpg,2059,104,2421,394
D:\SEM 7\CVProject\datasets\bottles_closeups\image_2.jpg,263,3740,640,3999
D:\SEM 7\CVProject\datasets\bottles_closeups\image_2.jpg,2727,2396,2999,2755
D:\SEM 7\CVProject\datasets\bottles_closeups\image_2.jpg,368,596,779,833
D:\SEM 7\CVProject\datasets\bottles_closeups\image_2.jpg,332,2209,528,2700
D:\SEM 7\CVProject\datasets\bottles_closeups\image_2.jpg,2618,804,2952,1075
D:\SEM 7\CVProject\datasets\bottles_closeups\image_2.jpg,2362,3213,2610,3574
D:\SEM 7\CVProject\datasets\bottles_closeups\image_2.jpg,1393,2814,1689,3113
D:\SEM 7\CVProject\datasets\bottles_closeups\image_2.jpg,329,2921,553,3315
D:\SEM 7\CVProject\datasets\bottles_closeups\image_2.jpg,2736,1108,2999,1440
D:\SEM 7\CVProject\datasets\bottles_closeups\image_2.jpg,1692,3602,1905,3999
D:\SEM 7\CVProject\datasets\bottles_closeups\image_2.jpg,2375,2331,2656,2632
D:\SEM 7\CVProject\datasets\bottles_closeups\image_2.jpg,1462,2768,1793,3016
D:\SEM 7\CVProject\datasets\bottles_closeups\image_2.jpg,1792,2607,2076,2887
D:\SEM 7\CVProject\datasets\bottles_closeups\image_2.jpg,1339,2823,1547,3204
D:\SEM 7\CVProject\datasets\bottles_closeups\image_2.jpg,473,1217,831,1435
D:\SEM 7\CVProject\datasets\bottles_closeups\image_2.jpg,190,2341,470,2611
D:\SEM 7\CVProject\datasets\bottles_closeups\image_2.jpg,565,0,765,374
D:\SEM 7\CVProject\datasets\bottles_closeups\image_2.jpg,0,1274,353,1485
D:\SEM 7\CVProject\datasets\bottles_closeups\image_2.jpg,2524,2746,2818,2998
D:\SEM 7\CVProject\datasets\bottles_closeups\image_2.jpg,893,1303,1306,1481
D:\SEM 7\CVProject\datasets\bottles_closeups\image_2.jpg,2429,3683,2661,3999
D:\SEM 7\CVProject\datasets\bottles_closeups\image_2.jpg,1988,1673,2174,2065
D:\SEM 7\CVProject\datasets\bottles_closeups\image_2.jpg,2699,3623,2952,3911
D:\SEM 7\CVProject\datasets\bottles_closeups\image_2.jpg,125,2485,367,2786
D:\SEM 7\CVProject\datasets\bottles_closeups\image_2.jpg,984,2341,1214,2655
D:\SEM 7\CVProject\datasets\bottles_closeups\image_2.jpg,2852,3399,2999,3887
D:\SEM 7\CVProject\datasets\bottles_closeups\image_2.jpg,1249,2424,1604,2625
D:\SEM 7\CVProject\datasets\bottles_closeups\image_2.jpg,991,1584,1282,1829
D:\SEM 7\CVProject\datasets\bottles_closeups\image_2.jpg,1871,1398,2222,1599
D:\SEM 7\CVProject\datasets\bottles_closeups\image_2.jpg,2297,976,2531,1276
D:\SEM 7\CVProject\datasets\bottles_closeups\image_2.jpg,2081,735,2327,1016
D:\SEM 7\CVProject\datasets\bottles_closeups\image_2.jpg,2311,2536,2670,2721
D:\SEM 7\CVProject\datasets\bottles_closeups\image_2.jpg,0,1554,375,1729
D:\SEM 7\CVProject\datasets\bottles_closeups\image_2.jpg,2783,2823,2999,3123
D:\SEM 7\CVProject\datasets\bottles_closeups\image_2.jpg,561,2465,777,2764
D:\SEM 7\CVProject\datasets\bottles_closeups\image_2.jpg,1717,2519,2027,2726
D:\SEM 7\CVProject\datasets\bottles_closeups\image_2.jpg,2411,2128,2768,2301
D:\SEM 7\CVProject\datasets\bottles_closeups\image_2.jpg,1230,1066,1585,1237
D:\SEM 7\CVProject\datasets\bottles_closeups\image_2.jpg,811,1047,1176,1211
D:\SEM 7\CVProject\datasets\bottles_closeups\image_2.jpg,2364,1612,2607,1858
D:\SEM 7\CVProject\datasets\bottles_closeups\image_2.jpg,226,1938,440,2216
D:\SEM 7\CVProject\datasets\bottles_closeups\image_2.jpg,2801,2588,2999,2886
D:\SEM 7\CVProject\datasets\bottles_closeups\image_2.jpg,1949,1476,2218,1693
D:\SEM 7\CVProject\datasets\bottles_closeups\image_2.jpg,488,2317,598,2846
D:\SEM 7\CVProject\datasets\bottles_closeups\image_2.jpg,2619,1565,2859,1808
D:\SEM 7\CVProject\datasets\bottles_closeups\image_2.jpg,2724,2637,2935,2913
D:\SEM 7\CVProject\datasets\bottles_closeups\image_2.jpg,2308,1845,2599,2045
D:\SEM 7\CVProject\datasets\bottles_closeups\image_2.jpg,1596,903,1831,1150
D:\SEM 7\CVProject\datasets\bottles_closeups\image_2.jpg,2667,2716,2885,2976
D:\SEM 7\CVProject\datasets\bottles_closeups\image_2.jpg,2423,661,2746,832
D:\SEM 7\CVProject\datasets\bottles_closeups\image_2.jpg,0,851,325,1019
D:\SEM 7\CVProject\datasets\bottles_closeups\image_2.jpg,575,2902,689,3375
D:\SEM 7\CVProject\datasets\bottles_closeups\image_2.jpg,2526,3753,2742,3999
D:\SEM 7\CVProject\datasets\bottles_closeups\image_2.jpg,2091,2557,2289,2821
D:\SEM 7\CVProject\datasets\bottles_closeups\image_2.jpg,1021,3161,1249,3390
D:\SEM 7\CVProject\datasets\bottles_closeups\image_2.jpg,2442,1303,2647,1556
D:\SEM 7\CVProject\datasets\bottles_closeups\image_2.jpg,1028,2753,1346,2915
D:\SEM 7\CVProject\datasets\bottles_closeups\image_2.jpg,626,1689,978,1835
D:\SEM 7\CVProject\datasets\bottles_closeups\image_2.jpg,0,1033,326,1188
D:\SEM 7\CVProject\datasets\bottles_closeups\image_2.jpg,1458,3481,1668,3719
D:\SEM 7\CVProject\datasets\bottles_closeups\image_2.jpg,1720,2872,1936,3103
D:\SEM 7\CVProject\datasets\bottles_closeups\image_2.jpg,2109,2284,2404,2452
D:\SEM 7\CVProject\datasets\bottles_closeups\image_2.jpg,2026,1154,2279,1344
D:\SEM 7\CVProject\datasets\bottles_closeups\image_2.jpg,2443,2681,2731,2847
D:\SEM 7\CVProject\datasets\bottles_closeups\image_2.jpg,1570,3099,1780,3324
D:\SEM 7\CVProject\datasets\bottles_closeups\image_2.jpg,0,1080,245,1269
D:\SEM 7\CVProject\datasets\bottles_closeups\image_2.jpg,1966,3386,2195,3588
D:\SEM 7\CVProject\datasets\bottles_closeups\image_2.jpg,966,3623,1167,3853
D:\SEM 7\CVProject\datasets\bottles_closeups\image_2.jpg,466,3395,631,3674
D:\SEM 7\CVProject\datasets\bottles_closeups\image_2.jpg,1159,855,1457,1009
D:\SEM 7\CVProject\datasets\bottles_closeups\image_2.jpg,620,3234,735,3629
D:\SEM 7\CVProject\datasets\bottles_closeups\image_2.jpg,158,2151,442,2311
D:\SEM 7\CVProject\datasets\bottles_closeups\image_2.jpg,940,0,1227,158
D:\SEM 7\CVProject\datasets\bottles_closeups\image_2.jpg,824,1147,1132,1294
D:\SEM 7\CVProject\datasets\bottles_closeups\image_2.jpg,1025,1856,1156,2199
D:\SEM 7\CVProject\datasets\bottles_closeups\image_2.jpg,2180,2568,2413,2761
D:\SEM 7\CVProject\datasets\bottles_closeups\image_2.jpg,1810,2231,1935,2584
D:\SEM 7\CVProject\datasets\bottles_closeups\image_2.jpg,965,2680,1289,2811
D:\SEM 7\CVProject\datasets\bottles_closeups\image_2.jpg,1499,831,1761,993
D:\SEM 7\CVProject\datasets\bottles_closeups\image_2.jpg,2326,3561,2577,3728
D:\SEM 7\CVProject\datasets\bottles_closeups\image_2.jpg,409,911,663,1076
D:\SEM 7\CVProject\datasets\bottles_closeups\image_2.jpg,127,3051,238,3427
D:\SEM 7\CVProject\datasets\bottles_closeups\image_2.jpg,1702,1718,1923,1906
D:\SEM 7\CVProject\datasets\bottles_closeups\image_2.jpg,2254,2870,2445,3087
D:\SEM 7\CVProject\datasets\bottles_closeups\image_2.jpg,2217,518,2474,678
D:\SEM 7\CVProject\datasets\bottles_closeups\image_2.jpg,1225,435,1492,588
D:\SEM 7\CVProject\datasets\bottles_closeups\image_2.jpg,2289,1813,2563,1961
D:\SEM 7\CVProject\datasets\bottles_closeups\image_2.jpg,1252,1240,1375,1568
D:\SEM 7\CVProject\datasets\bottles_closeups\image_2.jpg,1970,136,2127,393
D:\SEM 7\CVProject\datasets\bottles_closeups\image_2.jpg,2169,1386,2356,1601
D:\SEM 7\CVProject\datasets\bottles_closeups\image_2.jpg,821,2495,1034,2677
D:\SEM 7\CVProject\datasets\bottles_closeups\image_2.jpg,1636,3445,1780,3714
D:\SEM 7\CVProject\datasets\bottles_closeups\image_2.jpg,1313,0,1540,168
D:\SEM 7\CVProject\datasets\bottles_closeups\image_2.jpg,789,2344,994,2530
D:\SEM 7\CVProject\datasets\bottles_closeups\image_2.jpg,2177,2031,2355,2245
D:\SEM 7\CVProject\datasets\bottles_closeups\image_2.jpg,792,0,926,283
D:\SEM 7\CVProject\datasets\bottles_closeups\image_2.jpg,0,2914,150,3165
D:\SEM 7\CVProject\datasets\bottles_closeups\image_2.jpg,1779,630,1924,889
D:\SEM 7\CVProject\datasets\bottles_closeups\image_2.jpg,1320,2793,1471,3040
D:\SEM 7\CVProject\datasets\bottles_closeups\image_2.jpg,1882,914,2049,1137
D:\SEM 7\CVProject\datasets\bottles_closeups\image_2.jpg,2073,1559,2317,1711
D:\SEM 7\CVProject\datasets\bottles_closeups\image_2.jpg,0,2302,197,2489
D:\SEM 7\CVProject\datasets\bottles_closeups\image_2.jpg,1329,1258,1573,1408
D:\SEM 7\CVProject\datasets\bottles_closeups\image_2.jpg,847,3678,967,3980
D:\SEM 7\CVProject\datasets\bottles_closeups\image_2.jpg,130,3353,297,3569
D:\SEM 7\CVProject\datasets\bottles_closeups\image_2.jpg,1199,1023,1494,1145
D:\SEM 7\CVProject\datasets\bottles_closeups\image_2.jpg,1857,1300,2098,1449
D:\SEM 7\CVProject\datasets\bottles_closeups\image_2.jpg,1921,444,2148,601
D:\SEM 7\CVProject\datasets\bottles_closeups\image_2.jpg,2785,1197,2971,1388
D:\SEM 7\CVProject\datasets\bottles_closeups\image_2.jpg,684,2514,926,2660
D:\SEM 7\CVProject\datasets\bottles_closeups\image_2.jpg,0,2146,287,2268
D:\SEM 7\CVProject\datasets\bottles_closeups\image_2.jpg,825,1483,1032,1652
D:\SEM 7\CVProject\datasets\bottles_closeups\image_2.jpg,747,3335,879,3599
D:\SEM 7\CVProject\datasets\bottles_closeups\image_2.jpg,612,2622,781,2827
D:\SEM 7\CVProject\datasets\bottles_closeups\image_2.jpg,2243,3334,2420,3528
D:\SEM 7\CVProject\datasets\bottles_closeups\image_2.jpg,1975,2158,2230,2292
D:\SEM 7\CVProject\datasets\bottles_closeups\image_2.jpg,697,3738,827,3999
D:\SEM 7\CVProject\datasets\bottles_closeups\image_2.jpg,18,1893,157,2136
D:\SEM 7\CVProject\datasets\bottles_closeups\image_2.jpg,1520,2504,1754,2648
D:\SEM 7\CVProject\datasets\bottles_closeups\image_2.jpg,1222,2512,1405,2696
D:\SEM 7\CVProject\datasets\bottles_closeups\image_2.jpg,818,1987,1032,2144
D:\SEM 7\CVProject\datasets\bottles_closeups\image_2.jpg,831,1246,927,1589
D:\SEM 7\CVProject\datasets\bottles_closeups\image_2.jpg,1713,3186,1971,3312
D:\SEM 7\CVProject\datasets\bottles_closeups\image_2.jpg,916,1538,1031,1819
D:\SEM 7\CVProject\datasets\bottles_closeups\image_2.jpg,1198,3658,1364,3851
D:\SEM 7\CVProject\datasets\bottles_closeups\image_2.jpg,413,1875,541,2125
D:\SEM 7\CVProject\datasets\bottles_closeups\image_2.jpg,1835,2564,2009,2748
D:\SEM 7\CVProject\datasets\bottles_closeups\image_2.jpg,1800,2934,1949,3145
D:\SEM 7\CVProject\datasets\bottles_closeups\image_2.jpg,196,129,368,311
D:\SEM 7\CVProject\datasets\bottles_closeups\image_2.jpg,1504,3094,1627,3348
D:\SEM 7\CVProject\datasets\bottles_closeups\image_2.jpg,2756,2201,2943,2368
D:\SEM 7\CVProject\datasets\bottles_closeups\image_2.jpg,514,2132,698,2301
D:\SEM 7\CVProject\datasets\bottles_closeups\image_2.jpg,1041,2189,1188,2399
D:\SEM 7\CVProject\datasets\bottles_closeups\image_2.jpg,1202,3074,1405,3225
D:\SEM 7\CVProject\datasets\bottles_closeups\image_2.jpg,418,1907,505,2257
D:\SEM 7\CVProject\datasets\bottles_closeups\image_2.jpg,361,2701,526,2885
D:\SEM 7\CVProject\datasets\bottles_closeups\image_2.jpg,1268,3274,1440,3450
D:\SEM 7\CVProject\datasets\bottles_closeups\image_2.jpg,2674,860,2856,1025
D:\SEM 7\CVProject\datasets\bottles_closeups\image_2.jpg,2226,3218,2410,3379
D:\SEM 7\CVProject\datasets\bottles_closeups\image_2.jpg,307,3238,472,3416
D:\SEM 7\CVProject\datasets\bottles_closeups\image_2.jpg,204,2741,405,2887
D:\SEM 7\CVProject\datasets\bottles_closeups\image_2.jpg,1949,2578,2101,2768
D:\SEM 7\CVProject\datasets\bottles_closeups\image_2.jpg,2364,3028,2616,3141
D:\SEM 7\CVProject\datasets\bottles_closeups\image_2.jpg,2663,3100,2829,3267
D:\SEM 7\CVProject\datasets\bottles_closeups\image_2.jpg,1134,1865,1249,2104
D:\SEM 7\CVProject\datasets\bottles_closeups\image_2.jpg,1992,1745,2096,2008
D:\SEM 7\CVProject\datasets\bottles_closeups\image_2.jpg,1997,631,2242,740
D:\SEM 7\CVProject\datasets\bottles_closeups\image_2.jpg,2827,3005,2999,3159
D:\SEM 7\CVProject\datasets\bottles_closeups\image_2.jpg,2001,2682,2136,2878
D:\SEM 7\CVProject\datasets\bottles_closeups\image_2.jpg,1158,2170,1237,2502
D:\SEM 7\CVProject\datasets\bottles_closeups\image_2.jpg,2742,3445,2908,3603
D:\SEM 7\CVProject\datasets\bottles_closeups\image_2.jpg,2557,2796,2771,2918
D:\SEM 7\CVProject\datasets\bottles_closeups\image_2.jpg,254,0,369,225
D:\SEM 7\CVProject\datasets\bottles_closeups\image_2.jpg,507,1774,732,1889
D:\SEM 7\CVProject\datasets\bottles_closeups\image_2.jpg,1264,1433,1405,1615
D:\SEM 7\CVProject\datasets\bottles_closeups\image_2.jpg,476,626,665,761
D:\SEM 7\CVProject\datasets\bottles_closeups\image_2.jpg,1650,1059,1876,1168
D:\SEM 7\CVProject\datasets\bottles_closeups\image_2.jpg,2127,2764,2309,2899
D:\SEM 7\CVProject\datasets\bottles_closeups\image_2.jpg,2072,1139,2238,1287
D:\SEM 7\CVProject\datasets\bottles_closeups\image_2.jpg,1175,1047,1256,1347
D:\SEM 7\CVProject\datasets\bottles_closeups\image_2.jpg,1881,2838,2083,2958
D:\SEM 7\CVProject\datasets\bottles_closeups\image_2.jpg,1504,3041,1640,3219
D:\SEM 7\CVProject\datasets\bottles_closeups\image_2.jpg,957,2074,1105,2237
D:\SEM 7\CVProject\datasets\bottles_closeups\image_2.jpg,1,2263,189,2391
D:\SEM 7\CVProject\datasets\bottles_closeups\image_2.jpg,0,2566,77,2877
D:\SEM 7\CVProject\datasets\bottles_closeups\image_2.jpg,862,2575,1079,2685
D:\SEM 7\CVProject\datasets\bottles_closeups\image_2.jpg,2638,3140,2783,3303
D:\SEM 7\CVProject\datasets\bottles_closeups\image_2.jpg,1357,3397,1583,3501
D:\SEM 7\CVProject\datasets\bottles_closeups\image_2.jpg,1406,3216,1528,3408
D:\SEM 7\CVProject\datasets\bottles_closeups\image_2.jpg,719,3471,856,3642
D:\SEM 7\CVProject\datasets\bottles_closeups\image_2.jpg,1386,1332,1558,1468
D:\SEM 7\CVProject\datasets\bottles_closeups\image_2.jpg,995,2464,1154,2611
D:\SEM 7\CVProject\datasets\bottles_closeups\image_2.jpg,570,2188,810,2285
D:\SEM 7\CVProject\datasets\bottles_closeups\image_2.jpg,2077,1291,2194,1490
D:\SEM 7\CVProject\datasets\bottles_closeups\image_2.jpg,797,2765,1010,2874
D:\SEM 7\CVProject\datasets\bottles_closeups\image_2.jpg,2431,3134,2547,3334
D:\SEM 7\CVProject\datasets\bottles_closeups\image_2.jpg,524,1039,752,1140
D:\SEM 7\CVProject\datasets\bottles_closeups\image_2.jpg,1554,2467,1746,2587
D:\SEM 7\CVProject\datasets\bottles_closeups\image_2.jpg,2130,3652,2267,3820
D:\SEM 7\CVProject\datasets\bottles_closeups\image_2.jpg,1443,897,1590,1053
D:\SEM 7\CVProject\datasets\bottles_closeups\image_2.jpg,26,3489,153,3669
D:\SEM 7\CVProject\datasets\bottles_closeups\image_2.jpg,1270,2101,1429,2244
D:\SEM 7\CVProject\datasets\bottles_closeups\image_2.jpg,2392,3646,2524,3818
D:\SEM 7\CVProject\datasets\bottles_closeups\image_2.jpg,52,2796,242,2915
D:\SEM 7\CVProject\datasets\bottles_closeups\image_2.jpg,1745,490,1889,647
D:\SEM 7\CVProject\datasets\bottles_closeups\image_2.jpg,2200,19,2313,218
D:\SEM 7\CVProject\datasets\bottles_closeups\image_2.jpg,2869,3521,2999,3693
D:\SEM 7\CVProject\datasets\bottles_closeups\image_2.jpg,2459,1308,2619,1447
D:\SEM 7\CVProject\datasets\bottles_closeups\image_2.jpg,1883,2366,2044,2504
D:\SEM 7\CVProject\datasets\bottles_closeups\image_2.jpg,1600,1365,1831,1461
D:\SEM 7\CVProject\datasets\bottles_closeups\image_2.jpg,2468,1551,2567,1775
D:\SEM 7\CVProject\datasets\bottles_closeups\image_2.jpg,1764,2311,1893,2483
D:\SEM 7\CVProject\datasets\bottles_closeups\image_2.jpg,722,2481,858,2644
D:\SEM 7\CVProject\datasets\bottles_closeups\image_2.jpg,1178,202,1359,323
D:\SEM 7\CVProject\datasets\bottles_closeups\image_2.jpg,1924,1998,2158,2091
D:\SEM 7\CVProject\datasets\bottles_closeups\image_2.jpg,1949,3468,2068,3651
D:\SEM 7\CVProject\datasets\bottles_closeups\image_2.jpg,2161,3437,2240,3709
D:\SEM 7\CVProject\datasets\bottles_closeups\image_2.jpg,384,1547,451,1867
D:\SEM 7\CVProject\datasets\bottles_closeups\image_2.jpg,802,2940,918,3123
D:\SEM 7\CVProject\datasets\bottles_closeups\image_2.jpg,1509,1476,1616,1674
D:\SEM 7\CVProject\datasets\bottles_closeups\image_2.jpg,967,3096,1113,3241
D:\SEM 7\CVProject\datasets\bottles_closeups\image_2.jpg,2588,2638,2740,2777
D:\SEM 7\CVProject\datasets\bottles_closeups\image_2.jpg,379,1813,475,2032
D:\SEM 7\CVProject\datasets\bottles_closeups\image_2.jpg,2072,0,2232,131
D:\SEM 7\CVProject\datasets\bottles_closeups\image_2.jpg,950,2447,1111,2577
D:\SEM 7\CVProject\datasets\bottles_closeups\image_2.jpg,777,1042,844,1353
D:\SEM 7\CVProject\datasets\bottles_closeups\image_2.jpg,2763,3208,2881,3385
D:\SEM 7\CVProject\datasets\bottles_closeups\image_2.jpg,120,0,262,147
D:\SEM 7\CVProject\datasets\bottles_closeups\image_2.jpg,0,2199,164,2325
D:\SEM 7\CVProject\datasets\bottles_closeups\image_2.jpg,138,2358,248,2543
D:\SEM 7\CVProject\datasets\bottles_closeups\image_2.jpg,2080,3153,2300,3245
D:\SEM 7\CVProject\datasets\bottles_closeups\image_2.jpg,740,1644,880,1788
D:\SEM 7\CVProject\datasets\bottles_closeups\image_2.jpg,216,2039,366,2173
D:\SEM 7\CVProject\datasets\bottles_closeups\image_2.jpg,401,2923,528,3081
D:\SEM 7\CVProject\datasets\bottles_closeups\image_2.jpg,1212,982,1426,1075
D:\SEM 7\CVProject\datasets\bottles_closeups\image_2.jpg,792,2293,944,2424
D:\SEM 7\CVProject\datasets\bottles_closeups\image_2.jpg,1939,2236,2066,2392
D:\SEM 7\CVProject\datasets\bottles_closeups\image_2.jpg,0,722,175,835
D:\SEM 7\CVProject\datasets\bottles_closeups\image_2.jpg,1974,3393,2171,3493
D:\SEM 7\CVProject\datasets\bottles_closeups\image_2.jpg,1281,2242,1359,2494
D:\SEM 7\CVProject\datasets\bottles_closeups\image_2.jpg,273,2565,411,2707
D:\SEM 7\CVProject\datasets\bottles_closeups\image_2.jpg,89,2989,209,3152
D:\SEM 7\CVProject\datasets\bottles_closeups\image_2.jpg,32,1729,202,1844
D:\SEM 7\CVProject\datasets\bottles_closeups\image_2.jpg,12,3754,233,3842
D:\SEM 7\CVProject\datasets\bottles_closeups\image_2.jpg,2489,2683,2677,2786
D:\SEM 7\CVProject\datasets\bottles_closeups\image_2.jpg,516,916,726,1008
D:\SEM 7\CVProject\datasets\bottles_closeups\image_2.jpg,1735,3020,1868,3165
D:\SEM 7\CVProject\datasets\bottles_closeups\image_2.jpg,1867,3222,2052,3326
D:\SEM 7\CVProject\datasets\bottles_closeups\image_2.jpg,1873,1402,1953,1642
D:\SEM 7\CVProject\datasets\bottles_closeups\image_2.jpg,678,2853,780,3041
D:\SEM 7\CVProject\datasets\bottles_closeups\image_2.jpg,1792,2040,1919,2191
D:\SEM 7\CVProject\datasets\bottles_closeups\image_2.jpg,1,2243,60,2565
D:\SEM 7\CVProject\datasets\bottles_closeups\image_2.jpg,508,3856,639,3999
D:\SEM 7\CVProject\datasets\bottles_closeups\image_2.jpg,1396,510,1553,629
D:\SEM 7\CVProject\datasets\bottles_closeups\image_2.jpg,874,1642,978,1821
D:\SEM 7\CVProject\datasets\bottles_closeups\image_2.jpg,1669,2939,1788,3095
D:\SEM 7\CVProject\datasets\bottles_closeups\image_2.jpg,1465,734,1648,835
D:\SEM 7\CVProject\datasets\bottles_closeups\image_2.jpg,2418,2239,2567,2362
D:\SEM 7\CVProject\datasets\bottles_closeups\image_2.jpg,55,2941,173,3095
D:\SEM 7\CVProject\datasets\bottles_closeups\image_2.jpg,1454,2902,1553,3084
D:\SEM 7\CVProject\datasets\bottles_closeups\image_2.jpg,1822,22,1918,209
D:\SEM 7\CVProject\datasets\bottles_closeups\image_2.jpg,2818,3373,2933,3528
D:\SEM 7\CVProject\datasets\bottles_closeups\image_2.jpg,305,3466,423,3617
D:\SEM 7\CVProject\datasets\bottles_closeups\image_2.jpg,103,3042,165,3327
D:\SEM 7\CVProject\datasets\bottles_closeups\image_2.jpg,928,2872,1105,2972
D:\SEM 7\CVProject\datasets\bottles_closeups\image_2.jpg,2001,1903,2121,2050
D:\SEM 7\CVProject\datasets\bottles_closeups\image_2.jpg,326,2309,468,2433
D:\SEM 7\CVProject\datasets\bottles_closeups\image_2.jpg,1364,3795,1450,3999
D:\SEM 7\CVProject\datasets\bottles_closeups\image_2.jpg,2902,3262,2998,3444
D:\SEM 7\CVProject\datasets\bottles_closeups\image_2.jpg,183,3220,312,3355
D:\SEM 7\CVProject\datasets\bottles_closeups\image_2.jpg,2092,2018,2204,2173
D:\SEM 7\CVProject\datasets\bottles_closeups\image_2.jpg,462,2616,544,2827
D:\SEM 7\CVProject\datasets\bottles_closeups\image_2.jpg,1530,1026,1610,1242
D:\SEM 7\CVProject\datasets\bottles_closeups\image_2.jpg,577,2266,664,2464
D:\SEM 7\CVProject\datasets\bottles_closeups\image_2.jpg,2316,3640,2460,3759
D:\SEM 7\CVProject\datasets\bottles_closeups\image_2.jpg,122,1367,264,1487
D:\SEM 7\CVProject\datasets\bottles_closeups\image_2.jpg,2822,2575,2951,2706
D:\SEM 7\CVProject\datasets\bottles_closeups\image_2.jpg,2127,1729,2270,1847
D:\SEM 7\CVProject\datasets\bottles_closeups\image_2.jpg,1977,3435,2113,3559
D:\SEM 7\CVProject\datasets\bottles_closeups\image_2.jpg,2365,1055,2457,1238
D:\SEM 7\CVProject\datasets\bottles_closeups\image_2.jpg,359,2559,453,2736
D:\SEM 7\CVProject\datasets\bottles_closeups\image_2.jpg,2569,2037,2730,2140
D:\SEM 7\CVProject\datasets\bottles_closeups\image_2.jpg,2229,2218,2367,2338
D:\SEM 7\CVProject\datasets\bottles_closeups\image_2.jpg,2519,668,2640,804
D:\SEM 7\CVProject\datasets\bottles_closeups\image_2.jpg,2817,1962,2945,2090
D:\SEM 7\CVProject\datasets\bottles_closeups\image_2.jpg,2299,1775,2451,1882
D:\SEM 7\CVProject\datasets\bottles_closeups\image_2.jpg,1625,2990,1729,3146
D:\SEM 7\CVProject\datasets\bottles_closeups\image_2.jpg,1,1301,105,1457
D:\SEM 7\CVProject\datasets\bottles_closeups\image_2.jpg,1544,3856,1657,3999
D:\SEM 7\CVProject\datasets\bottles_closeups\image_2.jpg,195,3135,291,3303
D:\SEM 7\CVProject\datasets\bottles_closeups\image_2.jpg,115,2090,208,2263
D:\SEM 7\CVProject\datasets\bottles_closeups\image_2.jpg,1356,455,1491,574
D:\SEM 7\CVProject\datasets\bottles_closeups\image_2.jpg,2242,1833,2370,1958
D:\SEM 7\CVProject\datasets\bottles_closeups\image_2.jpg,151,3075,210,3344
D:\SEM 7\CVProject\datasets\bottles_closeups\image_2.jpg,0,2077,123,2206
D:\SEM 7\CVProject\datasets\bottles_closeups\image_2.jpg,1678,3301,1845,3395
D:\SEM 7\CVProject\datasets\bottles_closeups\image_2.jpg,2910,2174,2999,2350
D:\SEM 7\CVProject\datasets\bottles_closeups\image_2.jpg,2374,1537,2477,1689
D:\SEM 7\CVProject\datasets\bottles_closeups\image_2.jpg,484,2387,538,2675
D:\SEM 7\CVProject\datasets\bottles_closeups\image_2.jpg,2646,1837,2750,1987
D:\SEM 7\CVProject\datasets\bottles_closeups\image_2.jpg,2857,3890,2999,3999
D:\SEM 7\CVProject\datasets\bottles_closeups\image_2.jpg,1,1925,124,2050
D:\SEM 7\CVProject\datasets\bottles_closeups\image_2.jpg,1138,3095,1259,3222
D:\SEM 7\CVProject\datasets\bottles_closeups\image_2.jpg,103,1944,186,2128
D:\SEM 7\CVProject\datasets\bottles_closeups\image_2.jpg,465,1744,590,1865
D:\SEM 7\CVProject\datasets\bottles_closeups\image_2.jpg,41,2845,146,2989
D:\SEM 7\CVProject\datasets\bottles_closeups\image_2.jpg,1420,665,1502,849
D:\SEM 7\CVProject\datasets\bottles_closeups\image_2.jpg,1,3466,76,3666
D:\SEM 7\CVProject\datasets\bottles_closeups\image_2.jpg,2451,2655,2643,2733
D:\SEM 7\CVProject\datasets\bottles_closeups\image_2.jpg,1251,2314,1309,2571
D:\SEM 7\CVProject\datasets\bottles_closeups\image_2.jpg,730,872,787,1131
D:\SEM 7\CVProject\datasets\bottles_closeups\image_2.jpg,2117,1403,2222,1544
D:\SEM 7\CVProject\datasets\bottles_closeups\image_2.jpg,1403,1190,1555,1287
D:\SEM 7\CVProject\datasets\bottles_closeups\image_2.jpg,775,520,927,617
D:\SEM 7\CVProject\datasets\bottles_closeups\image_2.jpg,2537,2283,2697,2375
D:\SEM 7\CVProject\datasets\bottles_closeups\image_2.jpg,2839,1211,2931,1371
D:\SEM 7\CVProject\datasets\bottles_closeups\image_2.jpg,1369,1394,1459,1557
D:\SEM 7\CVProject\datasets\bottles_closeups\image_2.jpg,1563,394,1674,526
D:\SEM 7\CVProject\datasets\bottles_closeups\image_2.jpg,1117,3758,1274,3851
D:\SEM 7\CVProject\datasets\bottles_closeups\image_2.jpg,1337,2001,1464,2116
D:\SEM 7\CVProject\datasets\bottles_closeups\image_2.jpg,2131,1248,2225,1403
D:\SEM 7\CVProject\datasets\bottles_closeups\image_2.jpg,2569,2376,2656,2543
D:\SEM 7\CVProject\datasets\bottles_closeups\image_2.jpg,1905,2108,2064,2199
D:\SEM 7\CVProject\datasets\bottles_closeups\image_2.jpg,355,1278,412,1530
D:\SEM 7\CVProject\datasets\bottles_closeups\image_2.jpg,1005,2553,1110,2689
D:\SEM 7\CVProject\datasets\bottles_closeups\image_2.jpg,124,1659,271,1756
D:\SEM 7\CVProject\datasets\bottles_closeups\image_2.jpg,0,3197,64,3419
D:\SEM 7\CVProject\datasets\bottles_closeups\image_2.jpg,2885,657,2999,782
D:\SEM 7\CVProject\datasets\bottles_closeups\image_2.jpg,1327,1851,1441,1976
D:\SEM 7\CVProject\datasets\bottles_closeups\image_2.jpg,1020,2404,1118,2549
D:\SEM 7\CVProject\datasets\bottles_closeups\image_2.jpg,436,3395,533,3541
D:\SEM 7\CVProject\datasets\bottles_closeups\image_2.jpg,1,1478,173,1560
D:\SEM 7\CVProject\datasets\bottles_closeups\image_2.jpg,2239,3548,2330,3703
D:\SEM 7\CVProject\datasets\bottles_closeups\image_2.jpg,2543,3587,2640,3732
D:\SEM 7\CVProject\datasets\bottles_closeups\image_2.jpg,1987,3790,2054,3999
D:\SEM 7\CVProject\datasets\bottles_closeups\image_2.jpg,2153,1873,2257,2008
D:\SEM 7\CVProject\datasets\bottles_closeups\image_2.jpg,2156,2596,2251,2743
D:\SEM 7\CVProject\datasets\bottles_closeups\image_2.jpg,1159,2454,1215,2702
D:\SEM 7\CVProject\datasets\bottles_closeups\image_2.jpg,1294,2377,1390,2522
D:\SEM 7\CVProject\datasets\bottles_closeups\image_2.jpg,235,2587,349,2709
D:\SEM 7\CVProject\datasets\bottles_closeups\image_2.jpg,1918,3824,2040,3938
D:\SEM 7\CVProject\datasets\bottles_closeups\image_2.jpg,844,3708,900,3955
D:\SEM 7\CVProject\datasets\bottles_closeups\image_2.jpg,723,569,890,652
D:\SEM 7\CVProject\datasets\bottles_closeups\image_2.jpg,1635,2575,1720,2738
D:\SEM 7\CVProject\datasets\bottles_closeups\image_2.jpg,809,611,971,696
D:\SEM 7\CVProject\datasets\bottles_closeups\image_2.jpg,894,2908,1029,3010
D:\SEM 7\CVProject\datasets\bottles_closeups\image_2.jpg,1520,668,1663,764
D:\SEM 7\CVProject\datasets\bottles_closeups\image_2.jpg,2152,814,2239,971
D:\SEM 7\CVProject\datasets\bottles_closeups\image_2.jpg,940,3251,1031,3401
D:\SEM 7\CVProject\datasets\bottles_closeups\image_2.jpg,2925,2919,2999,3103
D:\SEM 7\CVProject\datasets\bottles_closeups\image_2.jpg,335,1252,488,1341
D:\SEM 7\CVProject\datasets\bottles_closeups\image_2.jpg,2703,3480,2784,3648
D:\SEM 7\CVProject\datasets\bottles_closeups\image_2.jpg,1149,2033,1228,2205
D:\SEM 7\CVProject\datasets\bottles_closeups\image_2.jpg,751,2320,876,2428
D:\SEM 7\CVProject\datasets\bottles_closeups\image_2.jpg,2750,2159,2856,2286
D:\SEM 7\CVProject\datasets\bottles_closeups\image_2.jpg,354,2860,533,2935
D:\SEM 7\CVProject\datasets\bottles_closeups\image_2.jpg,521,338,641,450
D:\SEM 7\CVProject\datasets\bottles_closeups\image_2.jpg,2019,2290,2128,2413
D:\SEM 7\CVProject\datasets\bottles_closeups\image_2.jpg,2745,2513,2875,2616
D:\SEM 7\CVProject\datasets\bottles_closeups\image_2.jpg,2341,2663,2486,2755
D:\SEM 7\CVProject\datasets\bottles_closeups\image_2.jpg,994,0,1163,78
D:\SEM 7\CVProject\datasets\bottles_closeups\image_2.jpg,1400,3863,1497,3999
D:\SEM 7\CVProject\datasets\bottles_closeups\image_2.jpg,1246,3811,1316,3999
D:\SEM 7\CVProject\datasets\bottles_closeups\image_2.jpg,520,1637,596,1810
D:\SEM 7\CVProject\datasets\bottles_closeups\image_2.jpg,1750,321,1847,456
D:\SEM 7\CVProject\datasets\bottles_closeups\image_2.jpg,1103,3849,1190,3999
D:\SEM 7\CVProject\datasets\bottles_closeups\image_2.jpg,744,2588,860,2700
D:\SEM 7\CVProject\datasets\bottles_closeups\image_2.jpg,1210,3858,1302,3999
D:\SEM 7\CVProject\datasets\bottles_closeups\image_2.jpg,817,2456,941,2560
D:\SEM 7\CVProject\datasets\bottles_closeups\image_2.jpg,1908,1333,2048,1425
D:\SEM 7\CVProject\datasets\bottles_closeups\image_2.jpg,674,2450,788,2563
D:\SEM 7\CVProject\datasets\bottles_closeups\image_2.jpg,2792,2696,2875,2851
D:\SEM 7\CVProject\datasets\bottles_closeups\image_2.jpg,2320,1451,2403,1606
D:\SEM 7\CVProject\datasets\bottles_closeups\image_2.jpg,2243,1339,2360,1449
D:\SEM 7\CVProject\datasets\bottles_closeups\image_2.jpg,158,2539,296,2632
D:\SEM 7\CVProject\datasets\bottles_closeups\image_2.jpg,1779,1835,1864,1985
D:\SEM 7\CVProject\datasets\bottles_closeups\image_2.jpg,1871,3354,1974,3477
D:\SEM 7\CVProject\datasets\bottles_closeups\image_2.jpg,376,943,441,1137
D:\SEM 7\CVProject\datasets\bottles_closeups\image_2.jpg,1028,2250,1145,2358
D:\SEM 7\CVProject\datasets\bottles_closeups\image_2.jpg,1311,1719,1403,1856
D:\SEM 7\CVProject\datasets\bottles_closeups\image_2.jpg,0,1607,108,1723
D:\SEM 7\CVProject\datasets\bottles_closeups\image_2.jpg,2727,2013,2824,2142
D:\SEM 7\CVProject\datasets\bottles_closeups\image_2.jpg,2194,2977,2287,3111
D:\SEM 7\CVProject\datasets\bottles_closeups\image_2.jpg,136,466,276,555
D:\SEM 7\CVProject\datasets\bottles_closeups\image_2.jpg,352,55,400,311
D:\SEM 7\CVProject\datasets\bottles_closeups\image_2.jpg,353,2089,432,2245
D:\SEM 7\CVProject\datasets\bottles_closeups\image_2.jpg,2622,3656,2698,3818
D:\SEM 7\CVProject\datasets\bottles_closeups\image_2.jpg,1079,2074,1162,2222
D:\SEM 7\CVProject\datasets\bottles_closeups\image_2.jpg,1264,3713,1363,3837
D:\SEM 7\CVProject\datasets\bottles_closeups\image_2.jpg,589,1950,701,2059
D:\SEM 7\CVProject\datasets\bottles_closeups\image_2.jpg,1311,1083,1414,1201
D:\SEM 7\CVProject\datasets\bottles_closeups\image_2.jpg,2330,3603,2485,3681
D:\SEM 7\CVProject\datasets\bottles_closeups\image_2.jpg,212,2090,326,2196
D:\SEM 7\CVProject\datasets\bottles_closeups\image_2.jpg,756,3642,921,3715
D:\SEM 7\CVProject\datasets\bottles_closeups\image_2.jpg,1,1990,99,2113
D:\SEM 7\CVProject\datasets\bottles_closeups\image_2.jpg,2721,3142,2827,3255
D:\SEM 7\CVProject\datasets\bottles_closeups\image_2.jpg,1722,2891,1823,3009
D:\SEM 7\CVProject\datasets\bottles_closeups\image_2.jpg,307,1860,388,2007
D:\SEM 7\CVProject\datasets\bottles_closeups\image_2.jpg,2050,266,2134,407
D:\SEM 7\CVProject\datasets\bottles_closeups\image_2.jpg,2759,3253,2832,3415
D:\SEM 7\CVProject\datasets\bottles_closeups\image_2.jpg,820,2366,907,2502
D:\SEM 7\CVProject\datasets\bottles_closeups\image_2.jpg,1019,2000,1087,2173
D:\SEM 7\CVProject\datasets\bottles_closeups\image_20.jpg,723,1479,2989,2952
D:\SEM 7\CVProject\datasets\bottles_closeups\image_20.jpg,1460,0,2999,1677
D:\SEM 7\CVProject\datasets\bottles_closeups\image_20.jpg,192,0,2130,1323
D:\SEM 7\CVProject\datasets\bottles_closeups\image_20.jpg,1060,2727,2936,3999
D:\SEM 7\CVProject\datasets\bottles_closeups\image_20.jpg,0,1300,1198,2365
D:\SEM 7\CVProject\datasets\bottles_closeups\image_20.jpg,0,774,1298,1707
D:\SEM 7\CVProject\datasets\bottles_closeups\image_20.jpg,1197,2477,2040,3312
D:\SEM 7\CVProject\datasets\bottles_closeups\image_20.jpg,224,0,1075,808
D:\SEM 7\CVProject\datasets\bottles_closeups\image_20.jpg,584,2449,1546,2964
D:\SEM 7\CVProject\datasets\bottles_closeups\image_20.jpg,2051,2757,2894,3343
D:\SEM 7\CVProject\datasets\bottles_closeups\image_20.jpg,1799,3418,2546,3999
D:\SEM 7\CVProject\datasets\bottles_closeups\image_20.jpg,717,3029,1122,3898
D:\SEM 7\CVProject\datasets\bottles_closeups\image_20.jpg,2089,2080,2864,2532
D:\SEM 7\CVProject\datasets\bottles_closeups\image_20.jpg,1595,1969,2127,2599
D:\SEM 7\CVProject\datasets\bottles_closeups\image_20.jpg,0,2397,610,2890
D:\SEM 7\CVProject\datasets\bottles_closeups\image_20.jpg,2152,1742,2810,2185
D:\SEM 7\CVProject\datasets\bottles_closeups\image_20.jpg,1073,1893,1516,2518
D:\SEM 7\CVProject\datasets\bottles_closeups\image_20.jpg,0,2877,388,3565
D:\SEM 7\CVProject\datasets\bottles_closeups\image_20.jpg,1255,1139,1755,1627
D:\SEM 7\CVProject\datasets\bottles_closeups\image_20.jpg,923,3397,1325,3999
D:\SEM 7\CVProject\datasets\bottles_closeups\image_20.jpg,2672,1682,2999,2313
D:\SEM 7\CVProject\datasets\bottles_closeups\image_20.jpg,0,3661,667,3970
D:\SEM 7\CVProject\datasets\bottles_closeups\image_20.jpg,1180,3024,1619,3444
D:\SEM 7\CVProject\datasets\bottles_closeups\image_20.jpg,423,2271,750,2797
D:\SEM 7\CVProject\datasets\bottles_closeups\image_20.jpg,2430,3358,2889,3716
D:\SEM 7\CVProject\datasets\bottles_closeups\image_20.jpg,560,3592,931,3999
D:\SEM 7\CVProject\datasets\bottles_closeups\image_20.jpg,659,3123,1046,3456
D:\SEM 7\CVProject\datasets\bottles_closeups\image_20.jpg,1421,1582,1846,1884
D:\SEM 7\CVProject\datasets\bottles_closeups\image_20.jpg,2643,3632,2990,3999
D:\SEM 7\CVProject\datasets\bottles_closeups\image_20.jpg,2035,2888,2348,3290
D:\SEM 7\CVProject\datasets\bottles_closeups\image_20.jpg,2782,1448,2999,1992
D:\SEM 7\CVProject\datasets\bottles_closeups\image_20.jpg,543,0,820,409
D:\SEM 7\CVProject\datasets\bottles_closeups\image_20.jpg,1700,1817,2058,2130
D:\SEM 7\CVProject\datasets\bottles_closeups\image_20.jpg,953,3014,1166,3536
D:\SEM 7\CVProject\datasets\bottles_closeups\image_20.jpg,1373,3506,1696,3791
D:\SEM 7\CVProject\datasets\bottles_closeups\image_20.jpg,755,1859,994,2239
D:\SEM 7\CVProject\datasets\bottles_closeups\image_20.jpg,2002,3473,2183,3964
D:\SEM 7\CVProject\datasets\bottles_closeups\image_20.jpg,1854,3613,2067,3999
D:\SEM 7\CVProject\datasets\bottles_closeups\image_20.jpg,330,2913,766,3096
D:\SEM 7\CVProject\datasets\bottles_closeups\image_20.jpg,1503,3640,1721,3999
D:\SEM 7\CVProject\datasets\bottles_closeups\image_20.jpg,206,3007,431,3332
D:\SEM 7\CVProject\datasets\bottles_closeups\image_20.jpg,2232,3769,2548,3999
D:\SEM 7\CVProject\datasets\bottles_closeups\image_20.jpg,0,3774,335,3987
D:\SEM 7\CVProject\datasets\bottles_closeups\image_20.jpg,0,2846,192,3210
D:\SEM 7\CVProject\datasets\bottles_closeups\image_20.jpg,0,2043,232,2329
D:\SEM 7\CVProject\datasets\bottles_closeups\image_20.jpg,216,3662,548,3861
D:\SEM 7\CVProject\datasets\bottles_closeups\image_20.jpg,371,3361,553,3719
D:\SEM 7\CVProject\datasets\bottles_closeups\image_20.jpg,1759,3536,1899,3999
D:\SEM 7\CVProject\datasets\bottles_closeups\image_20.jpg,1691,3558,1838,3999
D:\SEM 7\CVProject\datasets\bottles_closeups\image_20.jpg,1034,2777,1257,3053
D:\SEM 7\CVProject\datasets\bottles_closeups\image_20.jpg,1877,1303,2207,1488
D:\SEM 7\CVProject\datasets\bottles_closeups\image_20.jpg,2847,3437,2999,3822
D:\SEM 7\CVProject\datasets\bottles_closeups\image_20.jpg,0,2184,202,2470
D:\SEM 7\CVProject\datasets\bottles_closeups\image_20.jpg,955,3735,1157,3999
D:\SEM 7\CVProject\datasets\bottles_closeups\image_20.jpg,1760,3168,1951,3443
D:\SEM 7\CVProject\datasets\bottles_closeups\image_20.jpg,1268,3275,1431,3584
D:\SEM 7\CVProject\datasets\bottles_closeups\image_20.jpg,2385,3660,2686,3827
D:\SEM 7\CVProject\datasets\bottles_closeups\image_20.jpg,858,2370,1092,2584
D:\SEM 7\CVProject\datasets\bottles_closeups\image_20.jpg,277,3846,602,3999
D:\SEM 7\CVProject\datasets\bottles_closeups\image_20.jpg,2501,3743,2709,3982
D:\SEM 7\CVProject\datasets\bottles_closeups\image_20.jpg,813,2594,995,2857
D:\SEM 7\CVProject\datasets\bottles_closeups\image_20.jpg,991,1564,1164,1836
D:\SEM 7\CVProject\datasets\bottles_closeups\image_20.jpg,556,3627,758,3858
D:\SEM 7\CVProject\datasets\bottles_closeups\image_20.jpg,1959,2812,2063,3244
D:\SEM 7\CVProject\datasets\bottles_closeups\image_20.jpg,1847,1993,2012,2260
D:\SEM 7\CVProject\datasets\bottles_closeups\image_20.jpg,2380,3712,2533,3999
D:\SEM 7\CVProject\datasets\bottles_closeups\image_20.jpg,1202,3407,1352,3697
D:\SEM 7\CVProject\datasets\bottles_closeups\image_20.jpg,961,2760,1165,2972
D:\SEM 7\CVProject\datasets\bottles_closeups\image_20.jpg,2146,2681,2344,2897
D:\SEM 7\CVProject\datasets\bottles_closeups\image_20.jpg,398,3051,550,3328
D:\SEM 7\CVProject\datasets\bottles_closeups\image_20.jpg,2717,3548,2872,3814
D:\SEM 7\CVProject\datasets\bottles_closeups\image_20.jpg,1993,3534,2154,3789
D:\SEM 7\CVProject\datasets\bottles_closeups\image_20.jpg,870,3039,1049,3267
D:\SEM 7\CVProject\datasets\bottles_closeups\image_20.jpg,1855,2133,2006,2402
D:\SEM 7\CVProject\datasets\bottles_closeups\image_20.jpg,2726,2597,2899,2827
D:\SEM 7\CVProject\datasets\bottles_closeups\image_20.jpg,23,3424,181,3660
D:\SEM 7\CVProject\datasets\bottles_closeups\image_20.jpg,745,2952,1017,3089
D:\SEM 7\CVProject\datasets\bottles_closeups\image_20.jpg,1914,2423,2054,2687
D:\SEM 7\CVProject\datasets\bottles_closeups\image_20.jpg,2029,0,2126,374
D:\SEM 7\CVProject\datasets\bottles_closeups\image_20.jpg,1093,2407,1264,2618
D:\SEM 7\CVProject\datasets\bottles_closeups\image_20.jpg,1035,0,1187,236
D:\SEM 7\CVProject\datasets\bottles_closeups\image_20.jpg,2787,1710,2904,2013
D:\SEM 7\CVProject\datasets\bottles_closeups\image_20.jpg,1887,2621,2045,2845
D:\SEM 7\CVProject\datasets\bottles_closeups\image_20.jpg,2519,3392,2747,3545
D:\SEM 7\CVProject\datasets\bottles_closeups\image_20.jpg,1735,1417,1982,1558
D:\SEM 7\CVProject\datasets\bottles_closeups\image_20.jpg,2910,2608,2999,2997
D:\SEM 7\CVProject\datasets\bottles_closeups\image_20.jpg,2085,3587,2183,3931
D:\SEM 7\CVProject\datasets\bottles_closeups\image_20.jpg,0,3133,150,3358
D:\SEM 7\CVProject\datasets\bottles_closeups\image_20.jpg,1233,3555,1383,3765
D:\SEM 7\CVProject\datasets\bottles_closeups\image_20.jpg,1782,2159,1983,2315
D:\SEM 7\CVProject\datasets\bottles_closeups\image_20.jpg,1936,3238,2042,3532
D:\SEM 7\CVProject\datasets\bottles_closeups\image_20.jpg,889,1948,1027,2171
D:\SEM 7\CVProject\datasets\bottles_closeups\image_20.jpg,2879,2183,2965,2538
D:\SEM 7\CVProject\datasets\bottles_closeups\image_20.jpg,172,2863,330,3056
D:\SEM 7\CVProject\datasets\bottles_closeups\image_20.jpg,904,2085,1047,2295
D:\SEM 7\CVProject\datasets\bottles_closeups\image_20.jpg,245,3690,422,3856
D:\SEM 7\CVProject\datasets\bottles_closeups\image_20.jpg,1447,3802,1595,3999
D:\SEM 7\CVProject\datasets\bottles_closeups\image_20.jpg,2836,3115,2952,3365
D:\SEM 7\CVProject\datasets\bottles_closeups\image_20.jpg,1430,3692,1535,3968
D:\SEM 7\CVProject\datasets\bottles_closeups\image_20.jpg,773,2070,892,2313
D:\SEM 7\CVProject\datasets\bottles_closeups\image_20.jpg,83,2779,306,2906
D:\SEM 7\CVProject\datasets\bottles_closeups\image_20.jpg,519,2271,695,2429
D:\SEM 7\CVProject\datasets\bottles_closeups\image_20.jpg,1242,2693,1414,2854
D:\SEM 7\CVProject\datasets\bottles_closeups\image_20.jpg,161,3873,376,3999
D:\SEM 7\CVProject\datasets\bottles_closeups\image_20.jpg,1396,3012,1563,3173
D:\SEM 7\CVProject\datasets\bottles_closeups\image_20.jpg,551,0,707,169
D:\SEM 7\CVProject\datasets\bottles_closeups\image_20.jpg,1918,1957,2066,2133
D:\SEM 7\CVProject\datasets\bottles_closeups\image_20.jpg,1816,2464,1962,2640
D:\SEM 7\CVProject\datasets\bottles_closeups\image_20.jpg,1240,3766,1349,3999
D:\SEM 7\CVProject\datasets\bottles_closeups\image_20.jpg,2677,2049,2839,2205
D:\SEM 7\CVProject\datasets\bottles_closeups\image_20.jpg,477,3303,589,3527
D:\SEM 7\CVProject\datasets\bottles_closeups\image_20.jpg,2086,2531,2330,2633
D:\SEM 7\CVProject\datasets\bottles_closeups\image_20.jpg,575,3151,802,3259
D:\SEM 7\CVProject\datasets\bottles_closeups\image_20.jpg,372,3342,536,3491
D:\SEM 7\CVProject\datasets\bottles_closeups\image_20.jpg,2453,3064,2617,3210
D:\SEM 7\CVProject\datasets\bottles_closeups\image_20.jpg,332,1522,552,1629
D:\SEM 7\CVProject\datasets\bottles_closeups\image_20.jpg,547,3257,652,3475
D:\SEM 7\CVProject\datasets\bottles_closeups\image_20.jpg,1765,3243,1932,3377
D:\SEM 7\CVProject\datasets\bottles_closeups\image_20.jpg,2287,3394,2406,3582
D:\SEM 7\CVProject\datasets\bottles_closeups\image_20.jpg,2008,1420,2154,1572
D:\SEM 7\CVProject\datasets\bottles_closeups\image_20.jpg,113,3053,236,3233
D:\SEM 7\CVProject\datasets\bottles_closeups\image_20.jpg,2423,2812,2577,2953
D:\SEM 7\CVProject\datasets\bottles_closeups\image_20.jpg,2146,3463,2297,3604
D:\SEM 7\CVProject\datasets\bottles_closeups\image_20.jpg,1929,3061,2026,3278
D:\SEM 7\CVProject\datasets\bottles_closeups\image_20.jpg,2731,2367,2841,2556
D:\SEM 7\CVProject\datasets\bottles_closeups\image_20.jpg,2465,3110,2593,3272
D:\SEM 7\CVProject\datasets\bottles_closeups\image_20.jpg,2497,2320,2629,2471
D:\SEM 7\CVProject\datasets\bottles_closeups\image_20.jpg,2852,3475,2934,3710
D:\SEM 7\CVProject\datasets\bottles_closeups\image_20.jpg,372,2023,515,2158
D:\SEM 7\CVProject\datasets\bottles_closeups\image_20.jpg,1162,3344,1235,3607
D:\SEM 7\CVProject\datasets\bottles_closeups\image_20.jpg,2926,3305,2999,3568
D:\SEM 7\CVProject\datasets\bottles_closeups\image_20.jpg,1,2242,100,2434
D:\SEM 7\CVProject\datasets\bottles_closeups\image_20.jpg,1360,2087,1536,2195
D:\SEM 7\CVProject\datasets\bottles_closeups\image_20.jpg,377,1379,550,1486
D:\SEM 7\CVProject\datasets\bottles_closeups\image_20.jpg,2412,2313,2527,2474
D:\SEM 7\CVProject\datasets\bottles_closeups\image_20.jpg,2945,2886,2999,3220
D:\SEM 7\CVProject\datasets\bottles_closeups\image_20.jpg,2344,2539,2535,2633
D:\SEM 7\CVProject\datasets\bottles_closeups\image_20.jpg,1195,2071,1329,2204
D:\SEM 7\CVProject\datasets\bottles_closeups\image_20.jpg,2012,1583,2142,1720
D:\SEM 7\CVProject\datasets\bottles_closeups\image_20.jpg,2587,3870,2723,3999
D:\SEM 7\CVProject\datasets\bottles_closeups\image_20.jpg,1748,2000,1867,2145
D:\SEM 7\CVProject\datasets\bottles_closeups\image_20.jpg,1997,3560,2071,3791
D:\SEM 7\CVProject\datasets\bottles_closeups\image_20.jpg,2662,2804,2758,2981
D:\SEM 7\CVProject\datasets\bottles_closeups\image_20.jpg,1478,3731,1582,3894
D:\SEM 7\CVProject\datasets\bottles_closeups\image_20.jpg,2090,2251,2153,2518
D:\SEM 7\CVProject\datasets\bottles_closeups\image_20.jpg,765,3897,930,3999
D:\SEM 7\CVProject\datasets\bottles_closeups\image_20.jpg,2036,3251,2120,3451
D:\SEM 7\CVProject\datasets\bottles_closeups\image_20.jpg,1378,2158,1551,2255
D:\SEM 7\CVProject\datasets\bottles_closeups\image_20.jpg,1135,3285,1263,3412
D:\SEM 7\CVProject\datasets\bottles_closeups\image_20.jpg,1576,1616,1740,1715
D:\SEM 7\CVProject\datasets\bottles_closeups\image_20.jpg,911,3398,982,3622
D:\SEM 7\CVProject\datasets\bottles_closeups\image_20.jpg,76,3735,195,3869
D:\SEM 7\CVProject\datasets\bottles_closeups\image_20.jpg,764,2461,885,2592
D:\SEM 7\CVProject\datasets\bottles_closeups\image_20.jpg,1806,3100,1898,3272
D:\SEM 7\CVProject\datasets\bottles_closeups\image_20.jpg,177,2302,277,2456
D:\SEM 7\CVProject\datasets\bottles_closeups\image_20.jpg,972,2440,1113,2549
D:\SEM 7\CVProject\datasets\bottles_closeups\image_20.jpg,362,1963,474,2099
D:\SEM 7\CVProject\datasets\bottles_closeups\image_20.jpg,441,3514,533,3677
D:\SEM 7\CVProject\datasets\bottles_closeups\image_20.jpg,837,3478,926,3646
D:\SEM 7\CVProject\datasets\bottles_closeups\image_20.jpg,1171,1355,1258,1526
D:\SEM 7\CVProject\datasets\bottles_closeups\image_20.jpg,1557,2906,1686,3021
D:\SEM 7\CVProject\datasets\bottles_closeups\image_20.jpg,1381,2230,1555,2315
D:\SEM 7\CVProject\datasets\bottles_closeups\image_20.jpg,1964,2548,2045,2730
D:\SEM 7\CVProject\datasets\bottles_closeups\image_20.jpg,1323,2543,1491,2630
D:\SEM 7\CVProject\datasets\bottles_closeups\image_20.jpg,293,3295,416,3413
D:\SEM 7\CVProject\datasets\bottles_closeups\image_20.jpg,616,2437,742,2552
D:\SEM 7\CVProject\datasets\bottles_closeups\image_20.jpg,2378,3840,2469,3999
D:\SEM 7\CVProject\datasets\bottles_closeups\image_20.jpg,1021,1528,1128,1662
D:\SEM 7\CVProject\datasets\bottles_closeups\image_20.jpg,1024,2498,1115,2654
D:\SEM 7\CVProject\datasets\bottles_closeups\image_20.jpg,547,3358,624,3542
D:\SEM 7\CVProject\datasets\bottles_closeups\image_20.jpg,1687,1719,1848,1807
D:\SEM 7\CVProject\datasets\bottles_closeups\image_20.jpg,1258,2270,1344,2433
D:\SEM 7\CVProject\datasets\bottles_closeups\image_20.jpg,656,1339,799,1437
D:\SEM 7\CVProject\datasets\bottles_closeups\image_20.jpg,691,183,801,310
D:\SEM 7\CVProject\datasets\bottles_closeups\image_20.jpg,689,3228,793,3362
D:\SEM 7\CVProject\datasets\bottles_closeups\image_20.jpg,958,2681,1053,2825
D:\SEM 7\CVProject\datasets\bottles_closeups\image_20.jpg,1889,2140,1984,2282
D:\SEM 7\CVProject\datasets\bottles_closeups\image_20.jpg,400,3750,547,3841
D:\SEM 7\CVProject\datasets\bottles_closeups\image_20.jpg,2361,2202,2444,2363
D:\SEM 7\CVProject\datasets\bottles_closeups\image_20.jpg,2737,3754,2791,3999
D:\SEM 7\CVProject\datasets\bottles_closeups\image_20.jpg,1,2767,103,2895
D:\SEM 7\CVProject\datasets\bottles_closeups\image_20.jpg,1232,3594,1322,3739
D:\SEM 7\CVProject\datasets\bottles_closeups\image_20.jpg,0,2136,110,2253
D:\SEM 7\CVProject\datasets\bottles_closeups\image_20.jpg,2083,3509,2214,3607
D:\SEM 7\CVProject\datasets\bottles_closeups\image_20.jpg,1323,3776,1412,3919
D:\SEM 7\CVProject\datasets\bottles_closeups\image_20.jpg,2203,3877,2307,3999
D:\SEM 7\CVProject\datasets\bottles_closeups\image_20.jpg,1710,1886,1847,1978
D:\SEM 7\CVProject\datasets\bottles_closeups\image_20.jpg,2441,3794,2530,3935
D:\SEM 7\CVProject\datasets\bottles_closeups\image_20.jpg,2648,3040,2744,3169
D:\SEM 7\CVProject\datasets\bottles_closeups\image_20.jpg,307,3232,401,3362
D:\SEM 7\CVProject\datasets\bottles_closeups\image_20.jpg,2157,1697,2257,1819
D:\SEM 7\CVProject\datasets\bottles_closeups\image_20.jpg,1396,3238,1550,3317
D:\SEM 7\CVProject\datasets\bottles_closeups\image_20.jpg,375,3490,435,3691
D:\SEM 7\CVProject\datasets\bottles_closeups\image_20.jpg,256,3725,417,3800
D:\SEM 7\CVProject\datasets\bottles_closeups\image_20.jpg,1891,2649,1974,2794
D:\SEM 7\CVProject\datasets\bottles_closeups\image_20.jpg,2960,3094,2999,3397
D:\SEM 7\CVProject\datasets\bottles_closeups\image_20.jpg,2163,3492,2244,3639
D:\SEM 7\CVProject\datasets\bottles_closeups\image_21.jpg,2455,0,4283,5548
D:\SEM 7\CVProject\datasets\bottles_closeups\image_21.jpg,0,0,3231,2075
D:\SEM 7\CVProject\datasets\bottles_closeups\image_21.jpg,0,3125,1954,4965
D:\SEM 7\CVProject\datasets\bottles_closeups\image_21.jpg,1908,1987,2612,2612
D:\SEM 7\CVProject\datasets\bottles_closeups\image_21.jpg,1719,5119,2573,5518
D:\SEM 7\CVProject\datasets\bottles_closeups\image_21.jpg,1976,2240,2611,2535
D:\SEM 7\CVProject\datasets\bottles_closeups\image_21.jpg,2148,1988,2594,2345
D:\SEM 7\CVProject\datasets\bottles_closeups\image_21.jpg,2537,3630,2712,4426
D:\SEM 7\CVProject\datasets\bottles_closeups\image_21.jpg,963,5205,1454,5460
D:\SEM 7\CVProject\datasets\bottles_closeups\image_21.jpg,2600,2876,2713,3662
D:\SEM 7\CVProject\datasets\bottles_closeups\image_21.jpg,2549,2931,2648,3595
D:\SEM 7\CVProject\datasets\bottles_closeups\image_21.jpg,1226,4586,1527,4796
D:\SEM 7\CVProject\datasets\bottles_closeups\image_21.jpg,51,3852,405,4015
D:\SEM 7\CVProject\datasets\bottles_closeups\image_21.jpg,1116,5235,1365,5395
D:\SEM 7\CVProject\datasets\bottles_closeups\image_21.jpg,1621,5131,1730,5444
D:\SEM 7\CVProject\datasets\bottles_closeups\image_21.jpg,2106,3032,2165,3444
D:\SEM 7\CVProject\datasets\bottles_closeups\image_21.jpg,2476,3657,2539,4040
D:\SEM 7\CVProject\datasets\bottles_closeups\image_21.jpg,1523,5415,1660,5592
D:\SEM 7\CVProject\datasets\bottles_closeups\image_22.jpg,0,0,3311,5711
D:\SEM 7\CVProject\datasets\bottles_closeups\image_22.jpg,3201,0,4283,5139
D:\SEM 7\CVProject\datasets\bottles_closeups\image_22.jpg,3051,2768,4283,5711
D:\SEM 7\CVProject\datasets\bottles_closeups\image_22.jpg,1297,1533,2348,3235
D:\SEM 7\CVProject\datasets\bottles_closeups\image_22.jpg,606,45,1384,2144
D:\SEM 7\CVProject\datasets\bottles_closeups\image_22.jpg,0,55,696,1524
D:\SEM 7\CVProject\datasets\bottles_closeups\image_22.jpg,1831,3039,2799,3781
D:\SEM 7\CVProject\datasets\bottles_closeups\image_22.jpg,1527,717,2377,1519
D:\SEM 7\CVProject\datasets\bottles_closeups\image_22.jpg,1045,3977,1354,5711
D:\SEM 7\CVProject\datasets\bottles_closeups\image_22.jpg,1105,3281,1819,3961
D:\SEM 7\CVProject\datasets\bottles_closeups\image_22.jpg,634,2673,1474,3230
D:\SEM 7\CVProject\datasets\bottles_closeups\image_22.jpg,2799,4572,3208,5711
D:\SEM 7\CVProject\datasets\bottles_closeups\image_22.jpg,708,4017,1402,4634
D:\SEM 7\CVProject\datasets\bottles_closeups\image_22.jpg,2360,2309,2801,3045
D:\SEM 7\CVProject\datasets\bottles_closeups\image_22.jpg,2403,752,2778,1505
D:\SEM 7\CVProject\datasets\bottles_closeups\image_22.jpg,2357,3053,2934,3473
D:\SEM 7\CVProject\datasets\bottles_closeups\image_22.jpg,0,1784,508,2232
D:\SEM 7\CVProject\datasets\bottles_closeups\image_22.jpg,2838,993,3277,1487
D:\SEM 7\CVProject\datasets\bottles_closeups\image_22.jpg,707,3349,997,4017
D:\SEM 7\CVProject\datasets\bottles_closeups\image_22.jpg,1658,3236,2143,3632
D:\SEM 7\CVProject\datasets\bottles_closeups\image_22.jpg,2509,4884,2790,5539
D:\SEM 7\CVProject\datasets\bottles_closeups\image_22.jpg,2663,1049,3104,1442
D:\SEM 7\CVProject\datasets\bottles_closeups\image_22.jpg,0,3342,426,3722
D:\SEM 7\CVProject\datasets\bottles_closeups\image_22.jpg,2894,2314,3260,2726
D:\SEM 7\CVProject\datasets\bottles_closeups\image_22.jpg,942,3961,1355,4320
D:\SEM 7\CVProject\datasets\bottles_closeups\image_22.jpg,284,242,552,791
D:\SEM 7\CVProject\datasets\bottles_closeups\image_22.jpg,997,4270,1376,4624
D:\SEM 7\CVProject\datasets\bottles_closeups\image_22.jpg,2755,4060,3093,4452
D:\SEM 7\CVProject\datasets\bottles_closeups\image_22.jpg,0,287,239,837
D:\SEM 7\CVProject\datasets\bottles_closeups\image_22.jpg,924,2444,1334,2762
D:\SEM 7\CVProject\datasets\bottles_closeups\image_22.jpg,1605,40,1970,360
D:\SEM 7\CVProject\datasets\bottles_closeups\image_22.jpg,2149,4730,2304,5481
D:\SEM 7\CVProject\datasets\bottles_closeups\image_22.jpg,0,4968,349,5292
D:\SEM 7\CVProject\datasets\bottles_closeups\image_22.jpg,711,4250,1059,4560
D:\SEM 7\CVProject\datasets\bottles_closeups\image_22.jpg,1205,2519,1486,2890
D:\SEM 7\CVProject\datasets\bottles_closeups\image_22.jpg,2670,971,3008,1270
D:\SEM 7\CVProject\datasets\bottles_closeups\image_22.jpg,2390,1526,2696,1829
D:\SEM 7\CVProject\datasets\bottles_closeups\image_22.jpg,2954,2484,3263,2777
D:\SEM 7\CVProject\datasets\bottles_closeups\image_22.jpg,175,3434,355,3930
D:\SEM 7\CVProject\datasets\bottles_closeups\image_22.jpg,208,1966,521,2248
D:\SEM 7\CVProject\datasets\bottles_closeups\image_22.jpg,0,2919,126,3614
D:\SEM 7\CVProject\datasets\bottles_closeups\image_22.jpg,709,2936,946,3278
D:\SEM 7\CVProject\datasets\bottles_closeups\image_22.jpg,779,2809,1016,3137
D:\SEM 7\CVProject\datasets\bottles_closeups\image_22.jpg,1092,4169,1385,4434
D:\SEM 7\CVProject\datasets\bottles_closeups\image_22.jpg,3035,2623,3259,2938
D:\SEM 7\CVProject\datasets\bottles_closeups\image_22.jpg,2988,3508,3165,3906
D:\SEM 7\CVProject\datasets\bottles_closeups\image_22.jpg,1909,3386,2134,3686
D:\SEM 7\CVProject\datasets\bottles_closeups\image_22.jpg,1165,2485,1447,2721
D:\SEM 7\CVProject\datasets\bottles_closeups\image_22.jpg,836,2467,1104,2711
D:\SEM 7\CVProject\datasets\bottles_closeups\image_22.jpg,2780,1208,3046,1451
D:\SEM 7\CVProject\datasets\bottles_closeups\image_22.jpg,0,3341,267,3581
D:\SEM 7\CVProject\datasets\bottles_closeups\image_22.jpg,722,4179,983,4410
D:\SEM 7\CVProject\datasets\bottles_closeups\image_22.jpg,2169,55,2403,301
D:\SEM 7\CVProject\datasets\bottles_closeups\image_22.jpg,2473,1935,2649,2246
D:\SEM 7\CVProject\datasets\bottles_closeups\image_22.jpg,1050,3769,1290,3997
D:\SEM 7\CVProject\datasets\bottles_closeups\image_22.jpg,945,4415,1185,4633
D:\SEM 7\CVProject\datasets\bottles_closeups\image_22.jpg,450,3122,551,3629
D:\SEM 7\CVProject\datasets\bottles_closeups\image_22.jpg,713,4315,941,4524
D:\SEM 7\CVProject\datasets\bottles_closeups\image_22.jpg,2673,940,2899,1139
D:\SEM 7\CVProject\datasets\bottles_closeups\image_22.jpg,2784,1528,3000,1723
D:\SEM 7\CVProject\datasets\bottles_closeups\image_22.jpg,0,2493,110,2869
D:\SEM 7\CVProject\datasets\bottles_closeups\image_22.jpg,2195,1834,2350,2099
D:\SEM 7\CVProject\datasets\bottles_closeups\image_22.jpg,2996,3056,3202,3253
D:\SEM 7\CVProject\datasets\bottles_closeups\image_22.jpg,2451,52,2611,304
D:\SEM 7\CVProject\datasets\bottles_closeups\image_22.jpg,1609,5365,1777,5601
D:\SEM 7\CVProject\datasets\bottles_closeups\image_22.jpg,0,2198,191,2391
D:\SEM 7\CVProject\datasets\bottles_closeups\image_22.jpg,2106,4120,2285,4323
D:\SEM 7\CVProject\datasets\bottles_closeups\image_22.jpg,2477,1869,2649,2070
D:\SEM 7\CVProject\datasets\bottles_closeups\image_22.jpg,3042,1296,3229,1473
D:\SEM 7\CVProject\datasets\bottles_closeups\image_22.jpg,3049,3116,3213,3310
D:\SEM 7\CVProject\datasets\bottles_closeups\image_22.jpg,909,4428,1091,4596
D:\SEM 7\CVProject\datasets\bottles_closeups\image_22.jpg,0,4977,177,5148
D:\SEM 7\CVProject\datasets\bottles_closeups\image_22.jpg,2893,1221,3075,1383
D:\SEM 7\CVProject\datasets\bottles_closeups\image_22.jpg,3061,2530,3235,2693
D:\SEM 7\CVProject\datasets\bottles_closeups\image_22.jpg,3090,1584,3266,1745
D:\SEM 7\CVProject\datasets\bottles_closeups\image_22.jpg,786,2892,912,3108
D:\SEM 7\CVProject\datasets\bottles_closeups\image_22.jpg,986,1950,1099,2187
D:\SEM 7\CVProject\datasets\bottles_closeups\image_22.jpg,1506,1959,1662,2129
D:\SEM 7\CVProject\datasets\bottles_closeups\image_22.jpg,737,4009,908,4162
D:\SEM 7\CVProject\datasets\bottles_closeups\image_22.jpg,359,2094,525,2251
D:\SEM 7\CVProject\datasets\bottles_closeups\image_22.jpg,3081,2605,3243,2764
D:\SEM 7\CVProject\datasets\bottles_closeups\image_22.jpg,3098,1522,3262,1675
D:\SEM 7\CVProject\datasets\bottles_closeups\image_22.jpg,1242,2913,1464,3025
D:\SEM 7\CVProject\datasets\bottles_closeups\image_22.jpg,2173,2140,2329,2297
D:\SEM 7\CVProject\datasets\bottles_closeups\image_23.jpg,0,0,3608,3688
D:\SEM 7\CVProject\datasets\bottles_closeups\image_23.jpg,0,2863,4283,5711
D:\SEM 7\CVProject\datasets\bottles_closeups\image_23.jpg,0,2209,2214,4888
D:\SEM 7\CVProject\datasets\bottles_closeups\image_23.jpg,0,3837,1421,5600
D:\SEM 7\CVProject\datasets\bottles_closeups\image_23.jpg,1392,2811,2725,4170
D:\SEM 7\CVProject\datasets\bottles_closeups\image_23.jpg,3193,3918,4283,5440
D:\SEM 7\CVProject\datasets\bottles_closeups\image_23.jpg,0,4085,598,5711
D:\SEM 7\CVProject\datasets\bottles_closeups\image_23.jpg,1360,2777,2175,3684
D:\SEM 7\CVProject\datasets\bottles_closeups\image_23.jpg,0,3310,781,4045
D:\SEM 7\CVProject\datasets\bottles_closeups\image_23.jpg,274,1858,955,2524
D:\SEM 7\CVProject\datasets\bottles_closeups\image_23.jpg,3529,3609,4283,4153
D:\SEM 7\CVProject\datasets\bottles_closeups\image_23.jpg,0,2517,631,3165
D:\SEM 7\CVProject\datasets\bottles_closeups\image_23.jpg,2505,4776,3118,5354
D:\SEM 7\CVProject\datasets\bottles_closeups\image_23.jpg,2030,3024,2609,3627
D:\SEM 7\CVProject\datasets\bottles_closeups\image_23.jpg,3171,0,3889,400
D:\SEM 7\CVProject\datasets\bottles_closeups\image_23.jpg,3529,3718,3978,4080
D:\SEM 7\CVProject\datasets\bottles_closeups\image_23.jpg,565,2113,969,2511
D:\SEM 7\CVProject\datasets\bottles_closeups\image_23.jpg,3106,5433,3602,5711
D:\SEM 7\CVProject\datasets\bottles_closeups\image_23.jpg,1070,2259,1406,2656
D:\SEM 7\CVProject\datasets\bottles_closeups\image_23.jpg,865,2225,1243,2541
D:\SEM 7\CVProject\datasets\bottles_closeups\image_23.jpg,1506,2909,1819,3236
D:\SEM 7\CVProject\datasets\bottles_closeups\image_23.jpg,4015,3037,4283,3413
D:\SEM 7\CVProject\datasets\bottles_closeups\image_23.jpg,3774,4129,4018,4536
D:\SEM 7\CVProject\datasets\bottles_closeups\image_23.jpg,3929,3484,4283,3755
D:\SEM 7\CVProject\datasets\bottles_closeups\image_23.jpg,595,1926,864,2246
D:\SEM 7\CVProject\datasets\bottles_closeups\image_23.jpg,3494,4411,3710,4802
D:\SEM 7\CVProject\datasets\bottles_closeups\image_23.jpg,1786,4933,2239,5119
D:\SEM 7\CVProject\datasets\bottles_closeups\image_23.jpg,747,2874,970,3222
D:\SEM 7\CVProject\datasets\bottles_closeups\image_23.jpg,3535,3959,3931,4146
D:\SEM 7\CVProject\datasets\bottles_closeups\image_23.jpg,2291,2833,2487,3188
D:\SEM 7\CVProject\datasets\bottles_closeups\image_23.jpg,3120,4959,3369,5236
D:\SEM 7\CVProject\datasets\bottles_closeups\image_23.jpg,704,2253,955,2513
D:\SEM 7\CVProject\datasets\bottles_closeups\image_23.jpg,2238,4908,2532,5111
D:\SEM 7\CVProject\datasets\bottles_closeups\image_23.jpg,1480,2721,1686,3005
D:\SEM 7\CVProject\datasets\bottles_closeups\image_23.jpg,1441,3733,1686,3964
D:\SEM 7\CVProject\datasets\bottles_closeups\image_23.jpg,1952,4056,2243,4243
D:\SEM 7\CVProject\datasets\bottles_closeups\image_23.jpg,2439,3845,2705,4049
D:\SEM 7\CVProject\datasets\bottles_closeups\image_23.jpg,3886,3466,4038,3788
D:\SEM 7\CVProject\datasets\bottles_closeups\image_23.jpg,2350,4685,2558,4916
D:\SEM 7\CVProject\datasets\bottles_closeups\image_23.jpg,0,5309,153,5618
D:\SEM 7\CVProject\datasets\bottles_closeups\image_23.jpg,1184,2248,1322,2587
D:\SEM 7\CVProject\datasets\bottles_closeups\image_23.jpg,3170,5475,3361,5711
D:\SEM 7\CVProject\datasets\bottles_closeups\image_23.jpg,4067,3844,4219,4123
D:\SEM 7\CVProject\datasets\bottles_closeups\image_23.jpg,3755,4186,3916,4445
D:\SEM 7\CVProject\datasets\bottles_closeups\image_23.jpg,4013,3610,4283,3762
D:\SEM 7\CVProject\datasets\bottles_closeups\image_23.jpg,4112,3755,4265,4012
D:\SEM 7\CVProject\datasets\bottles_closeups\image_23.jpg,447,1988,611,2224
D:\SEM 7\CVProject\datasets\bottles_closeups\image_23.jpg,485,1946,653,2176
D:\SEM 7\CVProject\datasets\bottles_closeups\image_23.jpg,3233,4708,3389,4955
D:\SEM 7\CVProject\datasets\bottles_closeups\image_23.jpg,1045,3183,1209,3415
D:\SEM 7\CVProject\datasets\bottles_closeups\image_23.jpg,548,1895,718,2115
D:\SEM 7\CVProject\datasets\bottles_closeups\image_23.jpg,1242,3370,1387,3624
D:\SEM 7\CVProject\datasets\bottles_closeups\image_23.jpg,3105,5505,3283,5711
D:\SEM 7\CVProject\datasets\bottles_closeups\image_23.jpg,3839,3491,3926,3897
D:\SEM 7\CVProject\datasets\bottles_closeups\image_23.jpg,3761,4621,3905,4863
D:\SEM 7\CVProject\datasets\bottles_closeups\image_23.jpg,948,2821,1111,3032
D:\SEM 7\CVProject\datasets\bottles_closeups\image_23.jpg,1884,3468,2017,3726
D:\SEM 7\CVProject\datasets\bottles_closeups\image_23.jpg,3756,4990,3953,5162
D:\SEM 7\CVProject\datasets\bottles_closeups\image_23.jpg,1465,2508,1590,2758
D:\SEM 7\CVProject\datasets\bottles_closeups\image_23.jpg,2104,3697,2242,3921
D:\SEM 7\CVProject\datasets\bottles_closeups\image_23.jpg,1802,3435,1940,3654
D:\SEM 7\CVProject\datasets\bottles_closeups\image_23.jpg,2152,4852,2333,5019
D:\SEM 7\CVProject\datasets\bottles_closeups\image_23.jpg,1047,2997,1207,3181
D:\SEM 7\CVProject\datasets\bottles_closeups\image_23.jpg,403,2176,539,2390
D:\SEM 7\CVProject\datasets\bottles_closeups\image_23.jpg,2120,4659,2222,4937
D:\SEM 7\CVProject\datasets\bottles_closeups\image_23.jpg,3129,5059,3288,5236
D:\SEM 7\CVProject\datasets\bottles_closeups\image_23.jpg,2512,4040,2704,4186
D:\SEM 7\CVProject\datasets\bottles_closeups\image_23.jpg,3119,5086,3193,5462
D:\SEM 7\CVProject\datasets\bottles_closeups\image_23.jpg,1730,2537,1948,2665
D:\SEM 7\CVProject\datasets\bottles_closeups\image_23.jpg,1926,4777,2117,4921
D:\SEM 7\CVProject\datasets\bottles_closeups\image_23.jpg,3539,4473,3683,4660
D:\SEM 7\CVProject\datasets\bottles_closeups\image_23.jpg,362,2402,497,2601
D:\SEM 7\CVProject\datasets\bottles_closeups\image_23.jpg,0,1895,115,2125
D:\SEM 7\CVProject\datasets\bottles_closeups\image_23.jpg,2533,4780,2681,4956
D:\SEM 7\CVProject\datasets\bottles_closeups\image_23.jpg,2266,3071,2384,3291
D:\SEM 7\CVProject\datasets\bottles_closeups\image_23.jpg,2847,4214,3007,4375
D:\SEM 7\CVProject\datasets\bottles_closeups\image_23.jpg,3557,3718,3786,3830
D:\SEM 7\CVProject\datasets\bottles_closeups\image_23.jpg,2823,3456,2967,3630
D:\SEM 7\CVProject\datasets\bottles_closeups\image_23.jpg,4094,3321,4283,3452
D:\SEM 7\CVProject\datasets\bottles_closeups\image_23.jpg,1018,2953,1180,3105
D:\SEM 7\CVProject\datasets\bottles_closeups\image_24.jpg,0,2401,4283,5711
D:\SEM 7\CVProject\datasets\bottles_closeups\image_24.jpg,1737,0,4283,3896
D:\SEM 7\CVProject\datasets\bottles_closeups\image_24.jpg,0,0,1797,3355
D:\SEM 7\CVProject\datasets\bottles_closeups\image_24.jpg,2834,0,4283,2651
D:\SEM 7\CVProject\datasets\bottles_closeups\image_24.jpg,3294,1073,4283,3024
D:\SEM 7\CVProject\datasets\bottles_closeups\image_24.jpg,1160,0,1912,2395
D:\SEM 7\CVProject\datasets\bottles_closeups\image_24.jpg,3340,662,4132,2101
D:\SEM 7\CVProject\datasets\bottles_closeups\image_24.jpg,749,0,1097,2626
D:\SEM 7\CVProject\datasets\bottles_closeups\image_24.jpg,3110,223,3630,1969
D:\SEM 7\CVProject\datasets\bottles_closeups\image_24.jpg,1090,0,1456,2444
D:\SEM 7\CVProject\datasets\bottles_closeups\image_24.jpg,928,0,1239,2700
D:\SEM 7\CVProject\datasets\bottles_closeups\image_24.jpg,641,0,910,2640
D:\SEM 7\CVProject\datasets\bottles_closeups\image_24.jpg,0,0,284,2459
D:\SEM 7\CVProject\datasets\bottles_closeups\image_24.jpg,2921,354,3443,1513
D:\SEM 7\CVProject\datasets\bottles_closeups\image_24.jpg,3576,0,4120,1083
D:\SEM 7\CVProject\datasets\bottles_closeups\image_24.jpg,870,2842,1832,3434
D:\SEM 7\CVProject\datasets\bottles_closeups\image_24.jpg,3525,446,4059,1483
D:\SEM 7\CVProject\datasets\bottles_closeups\image_24.jpg,1664,0,1934,2026
D:\SEM 7\CVProject\datasets\bottles_closeups\image_24.jpg,3311,297,3790,1292
D:\SEM 7\CVProject\datasets\bottles_closeups\image_24.jpg,848,3312,1636,3900
D:\SEM 7\CVProject\datasets\bottles_closeups\image_24.jpg,2512,457,2855,1736
D:\SEM 7\CVProject\datasets\bottles_closeups\image_24.jpg,1813,254,2046,2083
D:\SEM 7\CVProject\datasets\bottles_closeups\image_24.jpg,2993,849,3452,1748
D:\SEM 7\CVProject\datasets\bottles_closeups\image_24.jpg,2334,577,2645,1861
D:\SEM 7\CVProject\datasets\bottles_closeups\image_24.jpg,3388,0,3827,882
D:\SEM 7\CVProject\datasets\bottles_closeups\image_24.jpg,1220,1945,1864,2544
D:\SEM 7\CVProject\datasets\bottles_closeups\image_24.jpg,3777,1090,4263,1851
D:\SEM 7\CVProject\datasets\bottles_closeups\image_24.jpg,3723,864,4159,1640
D:\SEM 7\CVProject\datasets\bottles_closeups\image_24.jpg,3209,798,3525,1862
D:\SEM 7\CVProject\datasets\bottles_closeups\image_24.jpg,755,3962,1531,4369
D:\SEM 7\CVProject\datasets\bottles_closeups\image_24.jpg,0,0,213,1465
D:\SEM 7\CVProject\datasets\bottles_closeups\image_24.jpg,3525,184,3910,994
D:\SEM 7\CVProject\datasets\bottles_closeups\image_24.jpg,0,947,230,2286
D:\SEM 7\CVProject\datasets\bottles_closeups\image_24.jpg,1331,418,1486,1975
D:\SEM 7\CVProject\datasets\bottles_closeups\image_24.jpg,3948,5016,4283,5711
D:\SEM 7\CVProject\datasets\bottles_closeups\image_24.jpg,3997,710,4283,1496
D:\SEM 7\CVProject\datasets\bottles_closeups\image_24.jpg,1702,767,1871,2021
D:\SEM 7\CVProject\datasets\bottles_closeups\image_24.jpg,3475,1170,3830,1762
D:\SEM 7\CVProject\datasets\bottles_closeups\image_24.jpg,1886,0,2081,1031
D:\SEM 7\CVProject\datasets\bottles_closeups\image_24.jpg,966,3497,1465,3897
D:\SEM 7\CVProject\datasets\bottles_closeups\image_24.jpg,3057,0,3395,590
D:\SEM 7\CVProject\datasets\bottles_closeups\image_24.jpg,1182,3487,1655,3898
D:\SEM 7\CVProject\datasets\bottles_closeups\image_24.jpg,2423,1106,2629,2004
D:\SEM 7\CVProject\datasets\bottles_closeups\image_24.jpg,3222,398,3448,1158
D:\SEM 7\CVProject\datasets\bottles_closeups\image_24.jpg,3378,988,3670,1547
D:\SEM 7\CVProject\datasets\bottles_closeups\image_24.jpg,1880,952,2025,2061
D:\SEM 7\CVProject\datasets\bottles_closeups\image_24.jpg,3275,691,3494,1402
D:\SEM 7\CVProject\datasets\bottles_closeups\image_24.jpg,1828,992,1966,2097
D:\SEM 7\CVProject\datasets\bottles_closeups\image_24.jpg,3079,571,3284,1315
D:\SEM 7\CVProject\datasets\bottles_closeups\image_24.jpg,3696,130,3968,688
D:\SEM 7\CVProject\datasets\bottles_closeups\image_24.jpg,3706,1139,4001,1653
D:\SEM 7\CVProject\datasets\bottles_closeups\image_24.jpg,883,3395,1216,3849
D:\SEM 7\CVProject\datasets\bottles_closeups\image_24.jpg,2504,1208,2694,1979
D:\SEM 7\CVProject\datasets\bottles_closeups\image_24.jpg,3864,941,4149,1449
D:\SEM 7\CVProject\datasets\bottles_closeups\image_24.jpg,3909,147,4177,658
D:\SEM 7\CVProject\datasets\bottles_closeups\image_24.jpg,2218,808,2387,1612
D:\SEM 7\CVProject\datasets\bottles_closeups\image_24.jpg,2358,664,2552,1339
D:\SEM 7\CVProject\datasets\bottles_closeups\image_24.jpg,1881,1643,2018,2583
D:\SEM 7\CVProject\datasets\bottles_closeups\image_24.jpg,0,941,215,1518
D:\SEM 7\CVProject\datasets\bottles_closeups\image_24.jpg,1195,1389,1333,2256
D:\SEM 7\CVProject\datasets\bottles_closeups\image_24.jpg,3160,1199,3401,1696
D:\SEM 7\CVProject\datasets\bottles_closeups\image_24.jpg,1269,1049,1390,2021
D:\SEM 7\CVProject\datasets\bottles_closeups\image_24.jpg,3326,632,3564,1124
D:\SEM 7\CVProject\datasets\bottles_closeups\image_24.jpg,3461,346,3690,832
D:\SEM 7\CVProject\datasets\bottles_closeups\image_24.jpg,3264,1127,3485,1630
D:\SEM 7\CVProject\datasets\bottles_closeups\image_24.jpg,2310,1001,2469,1696
D:\SEM 7\CVProject\datasets\bottles_closeups\image_24.jpg,2656,771,2837,1371
D:\SEM 7\CVProject\datasets\bottles_closeups\image_24.jpg,3252,92,3466,596
D:\SEM 7\CVProject\datasets\bottles_closeups\image_24.jpg,2838,1058,3052,1553
D:\SEM 7\CVProject\datasets\bottles_closeups\image_24.jpg,3583,751,3766,1314
D:\SEM 7\CVProject\datasets\bottles_closeups\image_24.jpg,3350,889,3525,1465
D:\SEM 7\CVProject\datasets\bottles_closeups\image_24.jpg,3219,689,3393,1260
D:\SEM 7\CVProject\datasets\bottles_closeups\image_24.jpg,3365,1573,3610,1970
D:\SEM 7\CVProject\datasets\bottles_closeups\image_24.jpg,3396,750,3613,1198
D:\SEM 7\CVProject\datasets\bottles_closeups\image_24.jpg,3466,133,3687,571
D:\SEM 7\CVProject\datasets\bottles_closeups\image_24.jpg,4092,970,4283,1468
D:\SEM 7\CVProject\datasets\bottles_closeups\image_24.jpg,3791,484,3961,1034
D:\SEM 7\CVProject\datasets\bottles_closeups\image_24.jpg,858,3093,1110,3455
D:\SEM 7\CVProject\datasets\bottles_closeups\image_24.jpg,865,218,963,1109
D:\SEM 7\CVProject\datasets\bottles_closeups\image_24.jpg,3343,351,3547,778
D:\SEM 7\CVProject\datasets\bottles_closeups\image_24.jpg,1842,0,1966,697
D:\SEM 7\CVProject\datasets\bottles_closeups\image_24.jpg,3937,1195,4172,1557
D:\SEM 7\CVProject\datasets\bottles_closeups\image_24.jpg,3041,910,3196,1444
D:\SEM 7\CVProject\datasets\bottles_closeups\image_24.jpg,3541,1241,3749,1633
D:\SEM 7\CVProject\datasets\bottles_closeups\image_24.jpg,1735,2356,1905,2834
D:\SEM 7\CVProject\datasets\bottles_closeups\image_24.jpg,4019,925,4234,1295
D:\SEM 7\CVProject\datasets\bottles_closeups\image_24.jpg,4049,2265,4283,2601
D:\SEM 7\CVProject\datasets\bottles_closeups\image_24.jpg,0,2299,234,2622
D:\SEM 7\CVProject\datasets\bottles_closeups\image_24.jpg,4138,5067,4283,5579
D:\SEM 7\CVProject\datasets\bottles_closeups\image_24.jpg,3807,1297,4018,1642
D:\SEM 7\CVProject\datasets\bottles_closeups\image_24.jpg,771,3874,986,4207
D:\SEM 7\CVProject\datasets\bottles_closeups\image_24.jpg,3461,1408,3650,1766
D:\SEM 7\CVProject\datasets\bottles_closeups\image_24.jpg,3766,901,3959,1250
D:\SEM 7\CVProject\datasets\bottles_closeups\image_24.jpg,3143,1396,3313,1788
D:\SEM 7\CVProject\datasets\bottles_closeups\image_24.jpg,3074,617,3245,1003
D:\SEM 7\CVProject\datasets\bottles_closeups\image_24.jpg,1792,1378,1881,2064
D:\SEM 7\CVProject\datasets\bottles_closeups\image_24.jpg,963,4111,1244,4323
D:\SEM 7\CVProject\datasets\bottles_closeups\image_24.jpg,0,2040,244,2283
D:\SEM 7\CVProject\datasets\bottles_closeups\image_24.jpg,3327,532,3493,887
D:\SEM 7\CVProject\datasets\bottles_closeups\image_24.jpg,3125,1161,3290,1513
D:\SEM 7\CVProject\datasets\bottles_closeups\image_24.jpg,149,2567,251,3134
D:\SEM 7\CVProject\datasets\bottles_closeups\image_24.jpg,3850,956,4024,1282
D:\SEM 7\CVProject\datasets\bottles_closeups\image_24.jpg,1985,1391,2084,1937
D:\SEM 7\CVProject\datasets\bottles_closeups\image_24.jpg,1206,2360,1478,2559
D:\SEM 7\CVProject\datasets\bottles_closeups\image_24.jpg,37,764,194,1097
D:\SEM 7\CVProject\datasets\bottles_closeups\image_24.jpg,3478,697,3603,1113
D:\SEM 7\CVProject\datasets\bottles_closeups\image_24.jpg,3701,992,3873,1294
D:\SEM 7\CVProject\datasets\bottles_closeups\image_24.jpg,3339,1552,3497,1871
D:\SEM 7\CVProject\datasets\bottles_closeups\image_24.jpg,1891,1687,1980,2251
D:\SEM 7\CVProject\datasets\bottles_closeups\image_24.jpg,3217,592,3369,915
D:\SEM 7\CVProject\datasets\bottles_closeups\image_24.jpg,4096,1310,4283,1571
D:\SEM 7\CVProject\datasets\bottles_closeups\image_24.jpg,1973,1152,2063,1692
D:\SEM 7\CVProject\datasets\bottles_closeups\image_24.jpg,1440,1128,1510,1820
D:\SEM 7\CVProject\datasets\bottles_closeups\image_24.jpg,3665,550,3787,947
D:\SEM 7\CVProject\datasets\bottles_closeups\image_24.jpg,3414,504,3567,818
D:\SEM 7\CVProject\datasets\bottles_closeups\image_24.jpg,992,2635,1292,2791
D:\SEM 7\CVProject\datasets\bottles_closeups\image_24.jpg,3944,882,4098,1184
D:\SEM 7\CVProject\datasets\bottles_closeups\image_24.jpg,1342,2287,1639,2443
D:\SEM 7\CVProject\datasets\bottles_closeups\image_24.jpg,2989,92,3113,465
D:\SEM 7\CVProject\datasets\bottles_closeups\image_24.jpg,2779,1286,2910,1632
D:\SEM 7\CVProject\datasets\bottles_closeups\image_24.jpg,3782,1182,3908,1525
D:\SEM 7\CVProject\datasets\bottles_closeups\image_24.jpg,3939,674,4095,947
D:\SEM 7\CVProject\datasets\bottles_closeups\image_24.jpg,2880,199,3000,545
D:\SEM 7\CVProject\datasets\bottles_closeups\image_24.jpg,4047,1094,4204,1353
D:\SEM 7\CVProject\datasets\bottles_closeups\image_24.jpg,3561,1037,3708,1313
D:\SEM 7\CVProject\datasets\bottles_closeups\image_24.jpg,3905,1196,4060,1453
D:\SEM 7\CVProject\datasets\bottles_closeups\image_24.jpg,3134,540,3265,842
D:\SEM 7\CVProject\datasets\bottles_closeups\image_24.jpg,2840,1208,2970,1511
D:\SEM 7\CVProject\datasets\bottles_closeups\image_24.jpg,2719,1502,2840,1825
D:\SEM 7\CVProject\datasets\bottles_closeups\image_24.jpg,348,1780,411,2396
D:\SEM 7\CVProject\datasets\bottles_closeups\image_24.jpg,1553,3490,1677,3803
D:\SEM 7\CVProject\datasets\bottles_closeups\image_24.jpg,3131,1029,3237,1394
D:\SEM 7\CVProject\datasets\bottles_closeups\image_24.jpg,3927,1265,4049,1582
D:\SEM 7\CVProject\datasets\bottles_closeups\image_24.jpg,3715,0,3863,254
D:\SEM 7\CVProject\datasets\bottles_closeups\image_24.jpg,2384,1282,2472,1699
D:\SEM 7\CVProject\datasets\bottles_closeups\image_24.jpg,3022,1081,3152,1363
D:\SEM 7\CVProject\datasets\bottles_closeups\image_24.jpg,2126,1577,2209,2016
D:\SEM 7\CVProject\datasets\bottles_closeups\image_24.jpg,3845,1730,3997,1969
D:\SEM 7\CVProject\datasets\bottles_closeups\image_24.jpg,3664,0,3800,264
D:\SEM 7\CVProject\datasets\bottles_closeups\image_24.jpg,4177,530,4283,867
D:\SEM 7\CVProject\datasets\bottles_closeups\image_24.jpg,4161,1225,4283,1514
D:\SEM 7\CVProject\datasets\bottles_closeups\image_24.jpg,3662,1401,3803,1647
D:\SEM 7\CVProject\datasets\bottles_closeups\image_24.jpg,1902,1255,1968,1776
D:\SEM 7\CVProject\datasets\bottles_closeups\image_24.jpg,1908,2354,1976,2856
D:\SEM 7\CVProject\datasets\bottles_closeups\image_24.jpg,3096,1064,3197,1402
D:\SEM 7\CVProject\datasets\bottles_closeups\image_24.jpg,3427,1878,3569,2117
D:\SEM 7\CVProject\datasets\bottles_closeups\image_24.jpg,2644,1130,2750,1448
D:\SEM 7\CVProject\datasets\bottles_closeups\image_24.jpg,2306,1032,2399,1394
D:\SEM 7\CVProject\datasets\bottles_closeups\image_24.jpg,3603,164,3722,445
D:\SEM 7\CVProject\datasets\bottles_closeups\image_24.jpg,3805,680,3907,1003
D:\SEM 7\CVProject\datasets\bottles_closeups\image_24.jpg,3481,990,3583,1311
D:\SEM 7\CVProject\datasets\bottles_closeups\image_24.jpg,3411,1147,3511,1473
D:\SEM 7\CVProject\datasets\bottles_closeups\image_24.jpg,3880,717,4011,966
D:\SEM 7\CVProject\datasets\bottles_closeups\image_24.jpg,3847,502,3976,752
D:\SEM 7\CVProject\datasets\bottles_closeups\image_24.jpg,3463,824,3561,1147
D:\SEM 7\CVProject\datasets\bottles_closeups\image_24.jpg,4136,2222,4283,2437
D:\SEM 7\CVProject\datasets\bottles_closeups\image_24.jpg,3165,1230,3261,1556
D:\SEM 7\CVProject\datasets\bottles_closeups\image_24.jpg,2600,1400,2702,1705
D:\SEM 7\CVProject\datasets\bottles_closeups\image_24.jpg,2728,1673,2846,1935
D:\SEM 7\CVProject\datasets\bottles_closeups\image_24.jpg,3186,304,3305,563
D:\SEM 7\CVProject\datasets\bottles_closeups\image_24.jpg,3042,198,3153,464
D:\SEM 7\CVProject\datasets\bottles_closeups\image_24.jpg,2060,1586,2142,1942
D:\SEM 7\CVProject\datasets\bottles_closeups\image_24.jpg,3453,170,3571,418
D:\SEM 7\CVProject\datasets\bottles_closeups\image_24.jpg,4029,1401,4168,1610
D:\SEM 7\CVProject\datasets\bottles_closeups\image_24.jpg,3591,1608,3720,1830
D:\SEM 7\CVProject\datasets\bottles_closeups\image_24.jpg,3812,563,3931,798
D:\SEM 7\CVProject\datasets\bottles_closeups\image_24.jpg,4129,712,4254,935
D:\SEM 7\CVProject\datasets\bottles_closeups\image_24.jpg,1653,2488,1789,2693
D:\SEM 7\CVProject\datasets\bottles_closeups\image_24.jpg,3593,319,3681,634
D:\SEM 7\CVProject\datasets\bottles_closeups\image_24.jpg,2642,761,2732,1069
D:\SEM 7\CVProject\datasets\bottles_closeups\image_24.jpg,2540,333,2623,663
D:\SEM 7\CVProject\datasets\bottles_closeups\image_24.jpg,2739,640,2844,900
D:\SEM 7\CVProject\datasets\bottles_closeups\image_24.jpg,3269,979,3360,1278
D:\SEM 7\CVProject\datasets\bottles_closeups\image_24.jpg,2489,635,2570,969
D:\SEM 7\CVProject\datasets\bottles_closeups\image_24.jpg,2287,1210,2374,1521
D:\SEM 7\CVProject\datasets\bottles_closeups\image_24.jpg,3252,2081,3374,2300
D:\SEM 7\CVProject\datasets\bottles_closeups\image_24.jpg,3209,1900,3329,2122
D:\SEM 7\CVProject\datasets\bottles_closeups\image_24.jpg,1285,3636,1497,3760
D:\SEM 7\CVProject\datasets\bottles_closeups\image_24.jpg,2656,956,2724,1340
D:\SEM 7\CVProject\datasets\bottles_closeups\image_24.jpg,3983,996,4076,1270
D:\SEM 7\CVProject\datasets\bottles_closeups\image_24.jpg,2800,404,2885,700
D:\SEM 7\CVProject\datasets\bottles_closeups\image_24.jpg,4009,830,4099,1108
D:\SEM 7\CVProject\datasets\bottles_closeups\image_24.jpg,3670,763,3782,985
D:\SEM 7\CVProject\datasets\bottles_closeups\image_24.jpg,3017,877,3121,1115
D:\SEM 7\CVProject\datasets\bottles_closeups\image_24.jpg,1646,1509,1701,1956
D:\SEM 7\CVProject\datasets\bottles_closeups\image_24.jpg,3725,752,3813,1032
D:\SEM 7\CVProject\datasets\bottles_closeups\image_24.jpg,3634,1266,3751,1475
D:\SEM 7\CVProject\datasets\bottles_closeups\image_24.jpg,2876,1768,2982,1998
D:\SEM 7\CVProject\datasets\bottles_closeups\image_24.jpg,4130,440,4240,660
D:\SEM 7\CVProject\datasets\bottles_closeups\image_25.jpg,431,0,4283,2543
D:\SEM 7\CVProject\datasets\bottles_closeups\image_25.jpg,0,3861,4283,5711
D:\SEM 7\CVProject\datasets\bottles_closeups\image_25.jpg,387,1719,1778,3360
D:\SEM 7\CVProject\datasets\bottles_closeups\image_25.jpg,1194,4780,3034,5711
D:\SEM 7\CVProject\datasets\bottles_closeups\image_25.jpg,224,3140,1606,4197
D:\SEM 7\CVProject\datasets\bottles_closeups\image_25.jpg,2438,5009,3855,5603
D:\SEM 7\CVProject\datasets\bottles_closeups\image_25.jpg,49,0,561,1367
D:\SEM 7\CVProject\datasets\bottles_closeups\image_25.jpg,1102,5141,2215,5711
D:\SEM 7\CVProject\datasets\bottles_closeups\image_25.jpg,981,1401,1727,1950
D:\SEM 7\CVProject\datasets\bottles_closeups\image_25.jpg,1239,4882,2109,5306
D:\SEM 7\CVProject\datasets\bottles_closeups\image_25.jpg,0,4650,411,5414
D:\SEM 7\CVProject\datasets\bottles_closeups\image_25.jpg,1972,5109,2603,5594
D:\SEM 7\CVProject\datasets\bottles_closeups\image_25.jpg,2377,5236,2947,5664
D:\SEM 7\CVProject\datasets\bottles_closeups\image_25.jpg,1055,3553,1448,4117
D:\SEM 7\CVProject\datasets\bottles_closeups\image_25.jpg,2629,5316,3028,5711
D:\SEM 7\CVProject\datasets\bottles_closeups\image_25.jpg,1154,5028,1559,5303
D:\SEM 7\CVProject\datasets\bottles_closeups\image_25.jpg,2888,5076,3324,5308
D:\SEM 7\CVProject\datasets\bottles_closeups\image_25.jpg,2469,5324,2836,5589
D:\SEM 7\CVProject\datasets\bottles_closeups\image_25.jpg,820,5035,1206,5268
D:\SEM 7\CVProject\datasets\bottles_closeups\image_25.jpg,3829,5470,4283,5668
D:\SEM 7\CVProject\datasets\bottles_closeups\image_25.jpg,2534,5200,2968,5403
D:\SEM 7\CVProject\datasets\bottles_closeups\image_25.jpg,1226,2075,1558,2306
D:\SEM 7\CVProject\datasets\bottles_closeups\image_25.jpg,2115,4690,2428,4933
D:\SEM 7\CVProject\datasets\bottles_closeups\image_25.jpg,868,2676,1205,2898
D:\SEM 7\CVProject\datasets\bottles_closeups\image_25.jpg,860,2880,1212,3078
D:\SEM 7\CVProject\datasets\bottles_closeups\image_25.jpg,80,5483,394,5692
D:\SEM 7\CVProject\datasets\bottles_closeups\image_25.jpg,548,2236,825,2470
D:\SEM 7\CVProject\datasets\bottles_closeups\image_25.jpg,2283,5529,2637,5711
D:\SEM 7\CVProject\datasets\bottles_closeups\image_25.jpg,3701,5466,3961,5711
D:\SEM 7\CVProject\datasets\bottles_closeups\image_25.jpg,1361,1665,1686,1854
D:\SEM 7\CVProject\datasets\bottles_closeups\image_25.jpg,1295,2193,1593,2370
D:\SEM 7\CVProject\datasets\bottles_closeups\image_25.jpg,772,2357,1025,2555
D:\SEM 7\CVProject\datasets\bottles_closeups\image_25.jpg,364,5428,613,5629
D:\SEM 7\CVProject\datasets\bottles_closeups\image_25.jpg,2982,5035,3237,5228
D:\SEM 7\CVProject\datasets\bottles_closeups\image_25.jpg,2243,4998,2523,5172
D:\SEM 7\CVProject\datasets\bottles_closeups\image_25.jpg,502,2526,739,2730
D:\SEM 7\CVProject\datasets\bottles_closeups\image_25.jpg,240,3542,376,3888
D:\SEM 7\CVProject\datasets\bottles_closeups\image_25.jpg,976,2610,1279,2763
D:\SEM 7\CVProject\datasets\bottles_closeups\image_25.jpg,1484,3403,1581,3879
D:\SEM 7\CVProject\datasets\bottles_closeups\image_25.jpg,2559,5141,2844,5288
D:\SEM 7\CVProject\datasets\bottles_closeups\image_25.jpg,3870,5417,4160,5557
D:\SEM 7\CVProject\datasets\bottles_closeups\image_25.jpg,1441,4851,1597,5103
D:\SEM 7\CVProject\datasets\bottles_closeups\image_25.jpg,720,2580,914,2778
D:\SEM 7\CVProject\datasets\bottles_closeups\image_25.jpg,3043,5348,3340,5476
D:\SEM 7\CVProject\datasets\bottles_closeups\image_25.jpg,1531,1468,1727,1646
D:\SEM 7\CVProject\datasets\bottles_closeups\image_25.jpg,342,3266,473,3523
D:\SEM 7\CVProject\datasets\bottles_closeups\image_25.jpg,2199,5359,2456,5489
D:\SEM 7\CVProject\datasets\bottles_closeups\image_25.jpg,1608,4864,1742,5111
D:\SEM 7\CVProject\datasets\bottles_closeups\image_25.jpg,3645,1949,3785,2184
D:\SEM 7\CVProject\datasets\bottles_closeups\image_25.jpg,1490,5556,1697,5711
D:\SEM 7\CVProject\datasets\bottles_closeups\image_25.jpg,1807,5315,1950,5534
D:\SEM 7\CVProject\datasets\bottles_closeups\image_25.jpg,1634,5128,1878,5250
D:\SEM 7\CVProject\datasets\bottles_closeups\image_25.jpg,1435,5510,1613,5672
D:\SEM 7\CVProject\datasets\bottles_closeups\image_25.jpg,1080,5109,1236,5293
D:\SEM 7\CVProject\datasets\bottles_closeups\image_25.jpg,722,3602,900,3762
D:\SEM 7\CVProject\datasets\bottles_closeups\image_25.jpg,0,3859,243,3976
D:\SEM 7\CVProject\datasets\bottles_closeups\image_25.jpg,1973,5174,2136,5336
D:\SEM 7\CVProject\datasets\bottles_closeups\image_25.jpg,616,4422,810,4557
D:\SEM 7\CVProject\datasets\bottles_closeups\image_25.jpg,14,4031,149,4220
D:\SEM 7\CVProject\datasets\bottles_closeups\image_25.jpg,1082,5476,1250,5623
D:\SEM 7\CVProject\datasets\bottles_closeups\image_25.jpg,476,5481,612,5660
D:\SEM 7\CVProject\datasets\bottles_closeups\image_26.jpg,0,1012,3467,5711
D:\SEM 7\CVProject\datasets\bottles_closeups\image_26.jpg,2048,0,4283,2715
D:\SEM 7\CVProject\datasets\bottles_closeups\image_26.jpg,2464,3193,4283,5711
D:\SEM 7\CVProject\datasets\bottles_closeups\image_26.jpg,0,4149,2393,5711
D:\SEM 7\CVProject\datasets\bottles_closeups\image_26.jpg,0,70,1823,2083
D:\SEM 7\CVProject\datasets\bottles_closeups\image_26.jpg,2181,3764,3609,5711
D:\SEM 7\CVProject\datasets\bottles_closeups\image_26.jpg,2754,2854,4283,4643
D:\SEM 7\CVProject\datasets\bottles_closeups\image_26.jpg,0,0,1355,1035
D:\SEM 7\CVProject\datasets\bottles_closeups\image_26.jpg,1199,4220,2121,5711
D:\SEM 7\CVProject\datasets\bottles_closeups\image_26.jpg,2765,2805,3859,3970
D:\SEM 7\CVProject\datasets\bottles_closeups\image_26.jpg,674,939,1640,2143
D:\SEM 7\CVProject\datasets\bottles_closeups\image_26.jpg,2320,3610,3299,4726
D:\SEM 7\CVProject\datasets\bottles_closeups\image_26.jpg,1852,1338,2803,2303
D:\SEM 7\CVProject\datasets\bottles_closeups\image_26.jpg,988,930,1905,1927
D:\SEM 7\CVProject\datasets\bottles_closeups\image_26.jpg,2687,4671,3501,5711
D:\SEM 7\CVProject\datasets\bottles_closeups\image_26.jpg,2859,3689,3652,4617
D:\SEM 7\CVProject\datasets\bottles_closeups\image_26.jpg,0,610,801,1486
D:\SEM 7\CVProject\datasets\bottles_closeups\image_26.jpg,3315,4879,4083,5711
D:\SEM 7\CVProject\datasets\bottles_closeups\image_26.jpg,498,4232,1100,5171
D:\SEM 7\CVProject\datasets\bottles_closeups\image_26.jpg,1011,4405,1817,5103
D:\SEM 7\CVProject\datasets\bottles_closeups\image_26.jpg,1529,3094,2566,3620
D:\SEM 7\CVProject\datasets\bottles_closeups\image_26.jpg,1265,2279,1710,3452
D:\SEM 7\CVProject\datasets\bottles_closeups\image_26.jpg,2112,3858,2689,4667
D:\SEM 7\CVProject\datasets\bottles_closeups\image_26.jpg,497,5027,1094,5711
D:\SEM 7\CVProject\datasets\bottles_closeups\image_26.jpg,398,4150,1105,4721
D:\SEM 7\CVProject\datasets\bottles_closeups\image_26.jpg,3164,5025,3732,5711
D:\SEM 7\CVProject\datasets\bottles_closeups\image_26.jpg,1261,1262,1802,1946
D:\SEM 7\CVProject\datasets\bottles_closeups\image_26.jpg,0,1033,534,1718
D:\SEM 7\CVProject\datasets\bottles_closeups\image_26.jpg,1031,2138,1489,2748
D:\SEM 7\CVProject\datasets\bottles_closeups\image_26.jpg,3838,4002,4283,4601
D:\SEM 7\CVProject\datasets\bottles_closeups\image_26.jpg,1223,5327,1870,5711
D:\SEM 7\CVProject\datasets\bottles_closeups\image_26.jpg,230,423,653,931
D:\SEM 7\CVProject\datasets\bottles_closeups\image_26.jpg,1725,5192,2136,5711
D:\SEM 7\CVProject\datasets\bottles_closeups\image_26.jpg,3314,4800,3761,5276
D:\SEM 7\CVProject\datasets\bottles_closeups\image_26.jpg,0,842,403,1336
D:\SEM 7\CVProject\datasets\bottles_closeups\image_26.jpg,738,1654,1103,2170
D:\SEM 7\CVProject\datasets\bottles_closeups\image_26.jpg,3015,4359,3399,4848
D:\SEM 7\CVProject\datasets\bottles_closeups\image_26.jpg,1182,2515,1525,3059
D:\SEM 7\CVProject\datasets\bottles_closeups\image_26.jpg,1103,1961,1419,2519
D:\SEM 7\CVProject\datasets\bottles_closeups\image_26.jpg,2938,2931,3328,3374
D:\SEM 7\CVProject\datasets\bottles_closeups\image_26.jpg,2710,3984,3092,4409
D:\SEM 7\CVProject\datasets\bottles_closeups\image_26.jpg,2928,3861,3303,4285
D:\SEM 7\CVProject\datasets\bottles_closeups\image_26.jpg,582,1732,892,2202
D:\SEM 7\CVProject\datasets\bottles_closeups\image_26.jpg,2436,3606,2783,4004
D:\SEM 7\CVProject\datasets\bottles_closeups\image_26.jpg,2579,3176,2932,3542
D:\SEM 7\CVProject\datasets\bottles_closeups\image_26.jpg,3051,4744,3387,5118
D:\SEM 7\CVProject\datasets\bottles_closeups\image_26.jpg,193,961,621,1239
D:\SEM 7\CVProject\datasets\bottles_closeups\image_26.jpg,3781,4960,4109,5311
D:\SEM 7\CVProject\datasets\bottles_closeups\image_26.jpg,1741,2010,1978,2489
D:\SEM 7\CVProject\datasets\bottles_closeups\image_26.jpg,889,4640,1224,4975
D:\SEM 7\CVProject\datasets\bottles_closeups\image_26.jpg,896,1647,1231,1979
D:\SEM 7\CVProject\datasets\bottles_closeups\image_26.jpg,3389,3594,3741,3902
D:\SEM 7\CVProject\datasets\bottles_closeups\image_26.jpg,4011,4032,4283,4424
D:\SEM 7\CVProject\datasets\bottles_closeups\image_26.jpg,1664,3522,2011,3811
D:\SEM 7\CVProject\datasets\bottles_closeups\image_26.jpg,1723,3265,2202,3472
D:\SEM 7\CVProject\datasets\bottles_closeups\image_26.jpg,930,4811,1240,5121
D:\SEM 7\CVProject\datasets\bottles_closeups\image_26.jpg,2921,3775,3206,4108
D:\SEM 7\CVProject\datasets\bottles_closeups\image_26.jpg,1704,3363,2074,3619
D:\SEM 7\CVProject\datasets\bottles_closeups\image_26.jpg,3519,5365,3786,5711
D:\SEM 7\CVProject\datasets\bottles_closeups\image_26.jpg,2541,4204,2782,4577
D:\SEM 7\CVProject\datasets\bottles_closeups\image_26.jpg,700,933,966,1270
D:\SEM 7\CVProject\datasets\bottles_closeups\image_26.jpg,3297,4318,3566,4650
D:\SEM 7\CVProject\datasets\bottles_closeups\image_26.jpg,1256,2082,1572,2357
D:\SEM 7\CVProject\datasets\bottles_closeups\image_26.jpg,3410,5402,3690,5711
D:\SEM 7\CVProject\datasets\bottles_closeups\image_26.jpg,1931,5336,2161,5711
D:\SEM 7\CVProject\datasets\bottles_closeups\image_26.jpg,627,628,941,890
D:\SEM 7\CVProject\datasets\bottles_closeups\image_26.jpg,846,1265,1139,1534
D:\SEM 7\CVProject\datasets\bottles_closeups\image_26.jpg,1296,3288,1529,3616
D:\SEM 7\CVProject\datasets\bottles_closeups\image_26.jpg,4037,5404,4283,5711
D:\SEM 7\CVProject\datasets\bottles_closeups\image_26.jpg,3791,5296,4023,5615
D:\SEM 7\CVProject\datasets\bottles_closeups\image_26.jpg,2493,3221,2777,3472
D:\SEM 7\CVProject\datasets\bottles_closeups\image_26.jpg,1135,5529,1513,5711
D:\SEM 7\CVProject\datasets\bottles_closeups\image_26.jpg,2337,5159,2509,5542
D:\SEM 7\CVProject\datasets\bottles_closeups\image_26.jpg,2496,3405,2740,3674
D:\SEM 7\CVProject\datasets\bottles_closeups\image_26.jpg,966,2187,1179,2488
D:\SEM 7\CVProject\datasets\bottles_closeups\image_26.jpg,318,5065,463,5506
D:\SEM 7\CVProject\datasets\bottles_closeups\image_26.jpg,4106,5133,4283,5486
D:\SEM 7\CVProject\datasets\bottles_closeups\image_26.jpg,3866,4885,4122,5126
D:\SEM 7\CVProject\datasets\bottles_closeups\image_26.jpg,584,1664,739,2056
D:\SEM 7\CVProject\datasets\bottles_closeups\image_26.jpg,3601,3669,3876,3889
D:\SEM 7\CVProject\datasets\bottles_closeups\image_26.jpg,926,910,1145,1184
D:\SEM 7\CVProject\datasets\bottles_closeups\image_26.jpg,3057,3006,3273,3278
D:\SEM 7\CVProject\datasets\bottles_closeups\image_26.jpg,2978,3016,3181,3294
D:\SEM 7\CVProject\datasets\bottles_closeups\image_26.jpg,0,866,210,1134
D:\SEM 7\CVProject\datasets\bottles_closeups\image_26.jpg,358,1070,648,1262
D:\SEM 7\CVProject\datasets\bottles_closeups\image_26.jpg,3518,3625,3786,3832
D:\SEM 7\CVProject\datasets\bottles_closeups\image_26.jpg,3652,4627,3874,4876
D:\SEM 7\CVProject\datasets\bottles_closeups\image_26.jpg,1305,2336,1522,2586
D:\SEM 7\CVProject\datasets\bottles_closeups\image_26.jpg,188,886,477,1069
D:\SEM 7\CVProject\datasets\bottles_closeups\image_26.jpg,4094,5318,4283,5588
D:\SEM 7\CVProject\datasets\bottles_closeups\image_26.jpg,3718,5557,4045,5711
D:\SEM 7\CVProject\datasets\bottles_closeups\image_26.jpg,1620,2124,1742,2519
D:\SEM 7\CVProject\datasets\bottles_closeups\image_26.jpg,3085,4540,3303,4758
D:\SEM 7\CVProject\datasets\bottles_closeups\image_26.jpg,945,4919,1129,5167
D:\SEM 7\CVProject\datasets\bottles_closeups\image_26.jpg,2266,2805,2492,3005
D:\SEM 7\CVProject\datasets\bottles_closeups\image_26.jpg,2151,5427,2308,5711
D:\SEM 7\CVProject\datasets\bottles_closeups\image_26.jpg,727,1508,1017,1659
D:\SEM 7\CVProject\datasets\bottles_closeups\image_26.jpg,1202,1462,1342,1774
D:\SEM 7\CVProject\datasets\bottles_closeups\image_26.jpg,1244,4849,1325,5379
D:\SEM 7\CVProject\datasets\bottles_closeups\image_26.jpg,70,181,208,491
D:\SEM 7\CVProject\datasets\bottles_closeups\image_26.jpg,2620,3418,2789,3666
D:\SEM 7\CVProject\datasets\bottles_closeups\image_26.jpg,1566,4470,1727,4727
D:\SEM 7\CVProject\datasets\bottles_closeups\image_26.jpg,1461,4965,1660,5171
D:\SEM 7\CVProject\datasets\bottles_closeups\image_26.jpg,1002,1266,1152,1538
D:\SEM 7\CVProject\datasets\bottles_closeups\image_26.jpg,3448,3608,3624,3838
D:\SEM 7\CVProject\datasets\bottles_closeups\image_26.jpg,360,359,587,536
D:\SEM 7\CVProject\datasets\bottles_closeups\image_26.jpg,406,5383,525,5711
D:\SEM 7\CVProject\datasets\bottles_closeups\image_26.jpg,1594,4570,1796,4763
D:\SEM 7\CVProject\datasets\bottles_closeups\image_26.jpg,381,1462,562,1677
D:\SEM 7\CVProject\datasets\bottles_closeups\image_26.jpg,1161,2075,1280,2401
D:\SEM 7\CVProject\datasets\bottles_closeups\image_26.jpg,523,1460,671,1722
D:\SEM 7\CVProject\datasets\bottles_closeups\image_26.jpg,3310,4389,3433,4701
D:\SEM 7\CVProject\datasets\bottles_closeups\image_26.jpg,448,1480,636,1681
D:\SEM 7\CVProject\datasets\bottles_closeups\image_26.jpg,1116,4968,1268,5213
D:\SEM 7\CVProject\datasets\bottles_closeups\image_26.jpg,397,1244,595,1430
D:\SEM 7\CVProject\datasets\bottles_closeups\image_26.jpg,946,3969,1092,4220
D:\SEM 7\CVProject\datasets\bottles_closeups\image_26.jpg,2494,3673,2665,3886
D:\SEM 7\CVProject\datasets\bottles_closeups\image_26.jpg,2221,4461,2367,4704
D:\SEM 7\CVProject\datasets\bottles_closeups\image_26.jpg,1271,3968,1433,4184
D:\SEM 7\CVProject\datasets\bottles_closeups\image_26.jpg,2043,5463,2184,5711
D:\SEM 7\CVProject\datasets\bottles_closeups\image_26.jpg,2284,3860,2444,4078
D:\SEM 7\CVProject\datasets\bottles_closeups\image_26.jpg,3129,4845,3291,5060
D:\SEM 7\CVProject\datasets\bottles_closeups\image_26.jpg,2385,3414,2527,3655
D:\SEM 7\CVProject\datasets\bottles_closeups\image_26.jpg,1377,2025,1563,2208
D:\SEM 7\CVProject\datasets\bottles_closeups\image_26.jpg,1340,2154,1502,2362
D:\SEM 7\CVProject\datasets\bottles_closeups\image_26.jpg,1508,5241,1745,5382
D:\SEM 7\CVProject\datasets\bottles_closeups\image_26.jpg,1,246,113,541
D:\SEM 7\CVProject\datasets\bottles_closeups\image_26.jpg,1045,4896,1206,5099
D:\SEM 7\CVProject\datasets\bottles_closeups\image_26.jpg,1455,4356,1544,4721
D:\SEM 7\CVProject\datasets\bottles_closeups\image_26.jpg,3415,4617,3581,4813
D:\SEM 7\CVProject\datasets\bottles_closeups\image_26.jpg,127,1034,248,1302
D:\SEM 7\CVProject\datasets\bottles_closeups\image_26.jpg,1199,4999,1315,5278
D:\SEM 7\CVProject\datasets\bottles_closeups\image_26.jpg,988,4638,1216,4779
D:\SEM 7\CVProject\datasets\bottles_closeups\image_26.jpg,2081,4974,2219,5206
D:\SEM 7\CVProject\datasets\bottles_closeups\image_26.jpg,631,5201,816,5374
D:\SEM 7\CVProject\datasets\bottles_closeups\image_26.jpg,3857,5010,4017,5209
D:\SEM 7\CVProject\datasets\bottles_closeups\image_26.jpg,3477,5322,3672,5481
D:\SEM 7\CVProject\datasets\bottles_closeups\image_26.jpg,3387,4759,3635,4882
D:\SEM 7\CVProject\datasets\bottles_closeups\image_26.jpg,1496,1962,1597,2262
D:\SEM 7\CVProject\datasets\bottles_closeups\image_26.jpg,1163,4007,1311,4212
D:\SEM 7\CVProject\datasets\bottles_closeups\image_26.jpg,394,4656,524,4888
D:\SEM 7\CVProject\datasets\bottles_closeups\image_26.jpg,1399,4983,1522,5228
D:\SEM 7\CVProject\datasets\bottles_closeups\image_26.jpg,4087,3995,4173,4343
D:\SEM 7\CVProject\datasets\bottles_closeups\image_26.jpg,2253,4641,2354,4937
D:\SEM 7\CVProject\datasets\bottles_closeups\image_26.jpg,1010,2131,1117,2409
D:\SEM 7\CVProject\datasets\bottles_closeups\image_26.jpg,1523,4922,1749,5053
D:\SEM 7\CVProject\datasets\bottles_closeups\image_26.jpg,4150,5471,4283,5692
D:\SEM 7\CVProject\datasets\bottles_closeups\image_26.jpg,1351,2444,1455,2722
D:\SEM 7\CVProject\datasets\bottles_closeups\image_26.jpg,1507,4453,1644,4663
D:\SEM 7\CVProject\datasets\bottles_closeups\image_26.jpg,645,4542,778,4758
D:\SEM 7\CVProject\datasets\bottles_closeups\image_26.jpg,1130,1523,1242,1779
D:\SEM 7\CVProject\datasets\bottles_closeups\image_26.jpg,404,1303,522,1546
D:\SEM 7\CVProject\datasets\bottles_closeups\image_26.jpg,1180,5013,1260,5368
D:\SEM 7\CVProject\datasets\bottles_closeups\image_26.jpg,157,102,381,229
D:\SEM 7\CVProject\datasets\bottles_closeups\image_26.jpg,422,4551,590,4719
D:\SEM 7\CVProject\datasets\bottles_closeups\image_26.jpg,2792,3477,2930,3681
D:\SEM 7\CVProject\datasets\bottles_closeups\image_26.jpg,1920,4656,2057,4861
D:\SEM 7\CVProject\datasets\bottles_closeups\image_26.jpg,506,4382,694,4531
D:\SEM 7\CVProject\datasets\bottles_closeups\image_26.jpg,1530,1373,1702,1534
D:\SEM 7\CVProject\datasets\bottles_closeups\image_26.jpg,899,5303,1024,5521
D:\SEM 7\CVProject\datasets\bottles_closeups\image_26.jpg,2606,3309,2773,3472
D:\SEM 7\CVProject\datasets\bottles_closeups\image_26.jpg,1088,1910,1197,2157
D:\SEM 7\CVProject\datasets\bottles_closeups\image_26.jpg,1116,5394,1298,5541
D:\SEM 7\CVProject\datasets\bottles_closeups\image_26.jpg,1866,4983,2029,5145
D:\SEM 7\CVProject\datasets\bottles_closeups\image_26.jpg,1309,2312,1415,2559
D:\SEM 7\CVProject\datasets\bottles_closeups\image_26.jpg,2393,5533,2539,5711
D:\SEM 7\CVProject\datasets\bottles_closeups\image_26.jpg,651,946,802,1118
D:\SEM 7\CVProject\datasets\bottles_closeups\image_26.jpg,1421,4351,1496,4694
D:\SEM 7\CVProject\datasets\bottles_closeups\image_26.jpg,243,746,375,939
D:\SEM 7\CVProject\datasets\bottles_closeups\image_26.jpg,2502,3328,2623,3538
D:\SEM 7\CVProject\datasets\bottles_closeups\image_26.jpg,1,173,121,382
D:\SEM 7\CVProject\datasets\bottles_closeups\image_26.jpg,2430,3002,2635,3124
D:\SEM 7\CVProject\datasets\bottles_closeups\image_26.jpg,1313,2631,1445,2819
D:\SEM 7\CVProject\datasets\bottles_closeups\image_26.jpg,576,5015,723,5183
D:\SEM 7\CVProject\datasets\bottles_closeups\image_26.jpg,442,5152,509,5517
D:\SEM 7\CVProject\datasets\bottles_closeups\image_26.jpg,3845,5427,4004,5580
D:\SEM 7\CVProject\datasets\bottles_closeups\image_26.jpg,2813,3830,2953,4003
D:\SEM 7\CVProject\datasets\bottles_closeups\image_27.jpg,5,1118,4283,5711
D:\SEM 7\CVProject\datasets\bottles_closeups\image_27.jpg,0,4061,2161,5711
D:\SEM 7\CVProject\datasets\bottles_closeups\image_27.jpg,1471,2884,2678,4090
D:\SEM 7\CVProject\datasets\bottles_closeups\image_27.jpg,2235,3663,3275,4797
D:\SEM 7\CVProject\datasets\bottles_closeups\image_27.jpg,0,4650,885,5711
D:\SEM 7\CVProject\datasets\bottles_closeups\image_27.jpg,1417,2643,2285,3635
D:\SEM 7\CVProject\datasets\bottles_closeups\image_27.jpg,2153,3496,2874,4295
D:\SEM 7\CVProject\datasets\bottles_closeups\image_27.jpg,458,1764,1207,2462
D:\SEM 7\CVProject\datasets\bottles_closeups\image_27.jpg,637,4876,1474,5449
D:\SEM 7\CVProject\datasets\bottles_closeups\image_27.jpg,1,20,352,719
D:\SEM 7\CVProject\datasets\bottles_closeups\image_27.jpg,3967,0,4283,658
D:\SEM 7\CVProject\datasets\bottles_closeups\image_27.jpg,1521,3677,1992,4050
D:\SEM 7\CVProject\datasets\bottles_closeups\image_27.jpg,0,4164,322,4675
D:\SEM 7\CVProject\datasets\bottles_closeups\image_27.jpg,2608,3875,2998,4285
D:\SEM 7\CVProject\datasets\bottles_closeups\image_27.jpg,326,5410,781,5711
D:\SEM 7\CVProject\datasets\bottles_closeups\image_27.jpg,876,1994,1162,2416
D:\SEM 7\CVProject\datasets\bottles_closeups\image_27.jpg,2402,4173,2735,4532
D:\SEM 7\CVProject\datasets\bottles_closeups\image_27.jpg,1904,3524,2272,3846
D:\SEM 7\CVProject\datasets\bottles_closeups\image_27.jpg,1,78,221,537
D:\SEM 7\CVProject\datasets\bottles_closeups\image_27.jpg,165,111,387,546
D:\SEM 7\CVProject\datasets\bottles_closeups\image_27.jpg,1555,2506,1866,2811
D:\SEM 7\CVProject\datasets\bottles_closeups\image_27.jpg,2196,3192,2404,3619
D:\SEM 7\CVProject\datasets\bottles_closeups\image_27.jpg,1755,3271,2079,3545
D:\SEM 7\CVProject\datasets\bottles_closeups\image_27.jpg,67,4,277,426
D:\SEM 7\CVProject\datasets\bottles_closeups\image_27.jpg,211,0,423,349
D:\SEM 7\CVProject\datasets\bottles_closeups\image_27.jpg,130,0,341,326
D:\SEM 7\CVProject\datasets\bottles_closeups\image_27.jpg,1191,3064,1393,3341
D:\SEM 7\CVProject\datasets\bottles_closeups\image_27.jpg,1218,2971,1462,3195
D:\SEM 7\CVProject\datasets\bottles_closeups\image_27.jpg,2358,3050,2486,3409
D:\SEM 7\CVProject\datasets\bottles_closeups\image_27.jpg,1782,3801,1959,4052
D:\SEM 7\CVProject\datasets\bottles_closeups\image_27.jpg,1173,2588,1379,2798
D:\SEM 7\CVProject\datasets\bottles_closeups\image_27.jpg,1746,2505,1883,2797
D:\SEM 7\CVProject\datasets\bottles_closeups\image_27.jpg,1145,2950,1383,3117
D:\SEM 7\CVProject\datasets\bottles_closeups\image_27.jpg,2181,3410,2346,3642
D:\SEM 7\CVProject\datasets\bottles_closeups\image_27.jpg,13,0,165,246
D:\SEM 7\CVProject\datasets\bottles_closeups\image_27.jpg,2074,4114,2317,4265
D:\SEM 7\CVProject\datasets\bottles_closeups\image_27.jpg,1152,2750,1294,2982
D:\SEM 7\CVProject\datasets\bottles_closeups\image_27.jpg,1606,2248,1844,2383
D:\SEM 7\CVProject\datasets\bottles_closeups\image_27.jpg,0,157,160,356
D:\SEM 7\CVProject\datasets\bottles_closeups\image_27.jpg,2312,3225,2455,3438
D:\SEM 7\CVProject\datasets\bottles_closeups\image_27.jpg,1633,2748,1844,2892
D:\SEM 7\CVProject\datasets\bottles_closeups\image_27.jpg,879,2456,1082,2605
D:\SEM 7\CVProject\datasets\bottles_closeups\image_27.jpg,1036,2283,1183,2483
D:\SEM 7\CVProject\datasets\bottles_closeups\image_27.jpg,1576,2393,1754,2557
D:\SEM 7\CVProject\datasets\bottles_closeups\image_27.jpg,1339,3253,1493,3442
D:\SEM 7\CVProject\datasets\bottles_closeups\image_27.jpg,1,211,118,448
D:\SEM 7\CVProject\datasets\bottles_closeups\image_27.jpg,1830,2529,1963,2735
D:\SEM 7\CVProject\datasets\bottles_closeups\image_27.jpg,2204,3278,2338,3482
D:\SEM 7\CVProject\datasets\bottles_closeups\image_27.jpg,2665,4254,2809,4441
D:\SEM 7\CVProject\datasets\bottles_closeups\image_27.jpg,1621,3708,1803,3855
D:\SEM 7\CVProject\datasets\bottles_closeups\image_27.jpg,1445,2402,1624,2549
D:\SEM 7\CVProject\datasets\bottles_closeups\image_27.jpg,1363,2168,1596,2278
D:\SEM 7\CVProject\datasets\bottles_closeups\image_27.jpg,838,4211,1008,4361
D:\SEM 7\CVProject\datasets\bottles_closeups\image_27.jpg,289,0,431,176
D:\SEM 7\CVProject\datasets\bottles_closeups\image_28.jpg,0,0,4283,4014
D:\SEM 7\CVProject\datasets\bottles_closeups\image_28.jpg,0,2869,4283,5711
D:\SEM 7\CVProject\datasets\bottles_closeups\image_28.jpg,1258,1265,2436,2730
D:\SEM 7\CVProject\datasets\bottles_closeups\image_28.jpg,1344,3558,2464,4499
D:\SEM 7\CVProject\datasets\bottles_closeups\image_28.jpg,1321,2653,2411,3463
D:\SEM 7\CVProject\datasets\bottles_closeups\image_28.jpg,1449,899,2121,1300
D:\SEM 7\CVProject\datasets\bottles_closeups\image_28.jpg,15,3434,393,3971
D:\SEM 7\CVProject\datasets\bottles_closeups\image_28.jpg,1873,1822,2320,2158
D:\SEM 7\CVProject\datasets\bottles_closeups\image_28.jpg,2046,3722,2411,4108
D:\SEM 7\CVProject\datasets\bottles_closeups\image_28.jpg,1438,4238,1903,4490
D:\SEM 7\CVProject\datasets\bottles_closeups\image_28.jpg,0,2377,204,2912
D:\SEM 7\CVProject\datasets\bottles_closeups\image_28.jpg,1987,3848,2332,4062
D:\SEM 7\CVProject\datasets\bottles_closeups\image_28.jpg,1323,2789,1425,3325
D:\SEM 7\CVProject\datasets\bottles_closeups\image_28.jpg,2192,2792,2331,3183
D:\SEM 7\CVProject\datasets\bottles_closeups\image_28.jpg,1560,2948,1761,3214
D:\SEM 7\CVProject\datasets\bottles_closeups\image_28.jpg,0,1750,67,2372
D:\SEM 7\CVProject\datasets\bottles_closeups\image_28.jpg,1968,2787,2055,3263
D:\SEM 7\CVProject\datasets\bottles_closeups\image_28.jpg,2110,1505,2300,1694
D:\SEM 7\CVProject\datasets\bottles_closeups\image_28.jpg,2049,2939,2207,3143
D:\SEM 7\CVProject\datasets\bottles_closeups\image_28.jpg,240,336,298,875
D:\SEM 7\CVProject\datasets\bottles_closeups\image_28.jpg,1829,2995,1982,3197
D:\SEM 7\CVProject\datasets\bottles_closeups\image_28.jpg,1790,2026,2020,2156
D:\SEM 7\CVProject\datasets\bottles_closeups\image_28.jpg,0,2435,161,2618
D:\SEM 7\CVProject\datasets\bottles_closeups\image_28.jpg,2217,1726,2349,1932
D:\SEM 7\CVProject\datasets\bottles_closeups\image_28.jpg,1750,2951,1834,3263
D:\SEM 7\CVProject\datasets\bottles_closeups\image_28.jpg,1378,3396,1494,3620
D:\SEM 7\CVProject\datasets\bottles_closeups\image_28.jpg,1931,1744,2157,1856
D:\SEM 7\CVProject\datasets\bottles_closeups\image_29.jpg,0,0,2537,3437
D:\SEM 7\CVProject\datasets\bottles_closeups\image_29.jpg,123,3903,2114,5711
D:\SEM 7\CVProject\datasets\bottles_closeups\image_29.jpg,2808,1602,3481,5711
D:\SEM 7\CVProject\datasets\bottles_closeups\image_29.jpg,0,2106,1312,4086
D:\SEM 7\CVProject\datasets\bottles_closeups\image_29.jpg,3637,1864,4283,5711
D:\SEM 7\CVProject\datasets\bottles_closeups\image_29.jpg,2557,1578,3007,5711
D:\SEM 7\CVProject\datasets\bottles_closeups\image_29.jpg,151,3153,1337,4284
D:\SEM 7\CVProject\datasets\bottles_closeups\image_29.jpg,2997,3808,3632,5711
D:\SEM 7\CVProject\datasets\bottles_closeups\image_29.jpg,3535,0,4283,1557
D:\SEM 7\CVProject\datasets\bottles_closeups\image_29.jpg,1281,1200,2321,2267
D:\SEM 7\CVProject\datasets\bottles_closeups\image_29.jpg,2953,0,3546,1727
D:\SEM 7\CVProject\datasets\bottles_closeups\image_29.jpg,1177,2988,2401,3735
D:\SEM 7\CVProject\datasets\bottles_closeups\image_29.jpg,2199,2727,2745,4048
D:\SEM 7\CVProject\datasets\bottles_closeups\image_29.jpg,3111,2379,3567,3761
D:\SEM 7\CVProject\datasets\bottles_closeups\image_29.jpg,2543,155,3037,1429
D:\SEM 7\CVProject\datasets\bottles_closeups\image_29.jpg,972,3635,1927,4208
D:\SEM 7\CVProject\datasets\bottles_closeups\image_29.jpg,3121,4628,3641,5627
D:\SEM 7\CVProject\datasets\bottles_closeups\image_29.jpg,0,3801,378,5158
D:\SEM 7\CVProject\datasets\bottles_closeups\image_29.jpg,0,4692,393,5711
D:\SEM 7\CVProject\datasets\bottles_closeups\image_29.jpg,3200,3874,3641,4683
D:\SEM 7\CVProject\datasets\bottles_closeups\image_29.jpg,1896,3813,2160,5045
D:\SEM 7\CVProject\datasets\bottles_closeups\image_29.jpg,2033,3716,2254,5163
D:\SEM 7\CVProject\datasets\bottles_closeups\image_29.jpg,2054,4958,2550,5575
D:\SEM 7\CVProject\datasets\bottles_closeups\image_29.jpg,3331,4792,3683,5574
D:\SEM 7\CVProject\datasets\bottles_closeups\image_29.jpg,458,2623,1020,3106
D:\SEM 7\CVProject\datasets\bottles_closeups\image_29.jpg,2163,4124,2618,4669
D:\SEM 7\CVProject\datasets\bottles_closeups\image_29.jpg,814,2163,1249,2727
D:\SEM 7\CVProject\datasets\bottles_closeups\image_29.jpg,3082,1712,3523,2261
D:\SEM 7\CVProject\datasets\bottles_closeups\image_29.jpg,2186,3831,2612,4299
D:\SEM 7\CVProject\datasets\bottles_closeups\image_29.jpg,307,3821,672,4345
D:\SEM 7\CVProject\datasets\bottles_closeups\image_29.jpg,3202,3125,3587,3617
D:\SEM 7\CVProject\datasets\bottles_closeups\image_29.jpg,2646,4542,2807,5711
D:\SEM 7\CVProject\datasets\bottles_closeups\image_29.jpg,0,4952,230,5711
D:\SEM 7\CVProject\datasets\bottles_closeups\image_29.jpg,2274,3359,2649,3820
D:\SEM 7\CVProject\datasets\bottles_closeups\image_29.jpg,0,2698,252,3372
D:\SEM 7\CVProject\datasets\bottles_closeups\image_29.jpg,889,3273,1257,3732
D:\SEM 7\CVProject\datasets\bottles_closeups\image_29.jpg,3396,3971,3686,4546
D:\SEM 7\CVProject\datasets\bottles_closeups\image_29.jpg,3251,2510,3591,2987
D:\SEM 7\CVProject\datasets\bottles_closeups\image_29.jpg,1395,2850,1824,3225
D:\SEM 7\CVProject\datasets\bottles_closeups\image_29.jpg,3114,550,3467,991
D:\SEM 7\CVProject\datasets\bottles_closeups\image_29.jpg,2721,2882,2892,3784
D:\SEM 7\CVProject\datasets\bottles_closeups\image_29.jpg,3502,3290,3716,3985
D:\SEM 7\CVProject\datasets\bottles_closeups\image_29.jpg,2521,504,2859,933
D:\SEM 7\CVProject\datasets\bottles_closeups\image_29.jpg,3092,1154,3491,1516
D:\SEM 7\CVProject\datasets\bottles_closeups\image_29.jpg,3162,4050,3491,4467
D:\SEM 7\CVProject\datasets\bottles_closeups\image_29.jpg,2022,3183,2393,3551
D:\SEM 7\CVProject\datasets\bottles_closeups\image_29.jpg,3543,4845,3750,5447
D:\SEM 7\CVProject\datasets\bottles_closeups\image_29.jpg,2098,4433,2331,4956
D:\SEM 7\CVProject\datasets\bottles_closeups\image_29.jpg,1925,3788,2072,4609
D:\SEM 7\CVProject\datasets\bottles_closeups\image_29.jpg,2096,5402,2478,5711
D:\SEM 7\CVProject\datasets\bottles_closeups\image_29.jpg,2408,2931,2686,3341
D:\SEM 7\CVProject\datasets\bottles_closeups\image_29.jpg,3869,510,4283,781
D:\SEM 7\CVProject\datasets\bottles_closeups\image_29.jpg,3145,213,3483,542
D:\SEM 7\CVProject\datasets\bottles_closeups\image_29.jpg,2550,4816,2674,5694
D:\SEM 7\CVProject\datasets\bottles_closeups\image_29.jpg,3259,3945,3526,4352
D:\SEM 7\CVProject\datasets\bottles_closeups\image_29.jpg,2455,1907,2782,2226
D:\SEM 7\CVProject\datasets\bottles_closeups\image_29.jpg,2032,3814,2159,4633
D:\SEM 7\CVProject\datasets\bottles_closeups\image_29.jpg,3469,4887,3684,5370
D:\SEM 7\CVProject\datasets\bottles_closeups\image_29.jpg,0,4696,233,5135
D:\SEM 7\CVProject\datasets\bottles_closeups\image_29.jpg,2404,3227,2688,3563
D:\SEM 7\CVProject\datasets\bottles_closeups\image_29.jpg,3288,3173,3620,3456
D:\SEM 7\CVProject\datasets\bottles_closeups\image_29.jpg,3554,4061,3737,4545
D:\SEM 7\CVProject\datasets\bottles_closeups\image_29.jpg,2486,2558,2728,2924
D:\SEM 7\CVProject\datasets\bottles_closeups\image_29.jpg,2199,3639,2462,3968
D:\SEM 7\CVProject\datasets\bottles_closeups\image_29.jpg,1528,3509,1902,3730
D:\SEM 7\CVProject\datasets\bottles_closeups\image_29.jpg,1525,3598,1916,3806
D:\SEM 7\CVProject\datasets\bottles_closeups\image_29.jpg,3491,4028,3707,4394
D:\SEM 7\CVProject\datasets\bottles_closeups\image_29.jpg,3405,3271,3622,3634
D:\SEM 7\CVProject\datasets\bottles_closeups\image_29.jpg,2452,1767,2803,1986
D:\SEM 7\CVProject\datasets\bottles_closeups\image_29.jpg,34,4449,299,4729
D:\SEM 7\CVProject\datasets\bottles_closeups\image_29.jpg,0,0,165,449
D:\SEM 7\CVProject\datasets\bottles_closeups\image_29.jpg,2477,2829,2727,3125
D:\SEM 7\CVProject\datasets\bottles_closeups\image_29.jpg,3207,3124,3589,3317
D:\SEM 7\CVProject\datasets\bottles_closeups\image_29.jpg,2510,2130,2780,2401
D:\SEM 7\CVProject\datasets\bottles_closeups\image_29.jpg,51,3818,201,4295
D:\SEM 7\CVProject\datasets\bottles_closeups\image_29.jpg,1340,3154,1562,3475
D:\SEM 7\CVProject\datasets\bottles_closeups\image_29.jpg,3238,3318,3473,3606
D:\SEM 7\CVProject\datasets\bottles_closeups\image_29.jpg,1108,3498,1325,3808
D:\SEM 7\CVProject\datasets\bottles_closeups\image_29.jpg,1488,2854,1814,3054
D:\SEM 7\CVProject\datasets\bottles_closeups\image_29.jpg,3407,2622,3636,2904
D:\SEM 7\CVProject\datasets\bottles_closeups\image_29.jpg,2597,212,2857,455
D:\SEM 7\CVProject\datasets\bottles_closeups\image_29.jpg,2412,1388,2511,2021
D:\SEM 7\CVProject\datasets\bottles_closeups\image_29.jpg,1096,3985,1356,4226
D:\SEM 7\CVProject\datasets\bottles_closeups\image_29.jpg,2538,2242,2741,2546
D:\SEM 7\CVProject\datasets\bottles_closeups\image_29.jpg,2467,4196,2617,4595
D:\SEM 7\CVProject\datasets\bottles_closeups\image_29.jpg,2375,5332,2531,5711
D:\SEM 7\CVProject\datasets\bottles_closeups\image_29.jpg,1878,3817,1990,4338
D:\SEM 7\CVProject\datasets\bottles_closeups\image_29.jpg,2000,3774,2153,4139
D:\SEM 7\CVProject\datasets\bottles_closeups\image_29.jpg,3415,2037,3642,2277
D:\SEM 7\CVProject\datasets\bottles_closeups\image_29.jpg,1916,2585,2107,2867
D:\SEM 7\CVProject\datasets\bottles_closeups\image_29.jpg,3323,3255,3504,3552
D:\SEM 7\CVProject\datasets\bottles_closeups\image_29.jpg,3091,177,3430,334
D:\SEM 7\CVProject\datasets\bottles_closeups\image_29.jpg,2324,3429,2489,3747
D:\SEM 7\CVProject\datasets\bottles_closeups\image_29.jpg,3405,1121,3596,1395
D:\SEM 7\CVProject\datasets\bottles_closeups\image_29.jpg,1928,4170,2039,4603
D:\SEM 7\CVProject\datasets\bottles_closeups\image_29.jpg,2423,4821,2572,5141
D:\SEM 7\CVProject\datasets\bottles_closeups\image_29.jpg,3211,2496,3549,2637
D:\SEM 7\CVProject\datasets\bottles_closeups\image_29.jpg,2163,3059,2407,3254
D:\SEM 7\CVProject\datasets\bottles_closeups\image_29.jpg,3291,313,3546,497
D:\SEM 7\CVProject\datasets\bottles_closeups\image_29.jpg,2372,1070,2492,1459
D:\SEM 7\CVProject\datasets\bottles_closeups\image_29.jpg,2724,3154,2861,3490
D:\SEM 7\CVProject\datasets\bottles_closeups\image_29.jpg,2527,1400,2782,1578
D:\SEM 7\CVProject\datasets\bottles_closeups\image_29.jpg,3267,1939,3518,2116
D:\SEM 7\CVProject\datasets\bottles_closeups\image_29.jpg,269,4446,391,4809
D:\SEM 7\CVProject\datasets\bottles_closeups\image_29.jpg,825,2396,1077,2566
D:\SEM 7\CVProject\datasets\bottles_closeups\image_29.jpg,2107,5396,2388,5548
D:\SEM 7\CVProject\datasets\bottles_closeups\image_29.jpg,859,3762,1069,3964
D:\SEM 7\CVProject\datasets\bottles_closeups\image_29.jpg,2032,4201,2129,4633
D:\SEM 7\CVProject\datasets\bottles_closeups\image_29.jpg,2292,1325,2373,1835
D:\SEM 7\CVProject\datasets\bottles_closeups\image_29.jpg,3494,2647,3717,2832
D:\SEM 7\CVProject\datasets\bottles_closeups\image_29.jpg,139,4766,387,4930
D:\SEM 7\CVProject\datasets\bottles_closeups\image_29.jpg,3344,1991,3551,2185
D:\SEM 7\CVProject\datasets\bottles_closeups\image_29.jpg,2166,4212,2354,4423
D:\SEM 7\CVProject\datasets\bottles_closeups\image_29.jpg,3518,878,3637,1207
D:\SEM 7\CVProject\datasets\bottles_closeups\image_29.jpg,3380,3212,3650,3357
D:\SEM 7\CVProject\datasets\bottles_closeups\image_29.jpg,3083,966,3368,1101
D:\SEM 7\CVProject\datasets\bottles_closeups\image_29.jpg,1935,3826,2017,4286
D:\SEM 7\CVProject\datasets\bottles_closeups\image_29.jpg,2755,2936,2862,3283
D:\SEM 7\CVProject\datasets\bottles_closeups\image_29.jpg,1689,3364,1890,3549
D:\SEM 7\CVProject\datasets\bottles_closeups\image_29.jpg,1903,3790,2069,4013
D:\SEM 7\CVProject\datasets\bottles_closeups\image_29.jpg,3510,387,3620,723
D:\SEM 7\CVProject\datasets\bottles_closeups\image_29.jpg,1321,3074,1475,3304
D:\SEM 7\CVProject\datasets\bottles_closeups\image_29.jpg,332,4482,420,4882
D:\SEM 7\CVProject\datasets\bottles_closeups\image_29.jpg,2810,2294,2903,2671
D:\SEM 7\CVProject\datasets\bottles_closeups\image_29.jpg,2550,5337,2648,5692
D:\SEM 7\CVProject\datasets\bottles_closeups\image_29.jpg,3550,5030,3677,5304
D:\SEM 7\CVProject\datasets\bottles_closeups\image_29.jpg,2650,5370,2749,5711
D:\SEM 7\CVProject\datasets\bottles_closeups\image_29.jpg,0,3614,141,3853
D:\SEM 7\CVProject\datasets\bottles_closeups\image_29.jpg,32,4897,175,5127
D:\SEM 7\CVProject\datasets\bottles_closeups\image_29.jpg,2472,3826,2623,4041
D:\SEM 7\CVProject\datasets\bottles_closeups\image_29.jpg,2075,5114,2214,5347
D:\SEM 7\CVProject\datasets\bottles_closeups\image_29.jpg,2776,5228,2841,5711
D:\SEM 7\CVProject\datasets\bottles_closeups\image_29.jpg,507,3289,704,3449
D:\SEM 7\CVProject\datasets\bottles_closeups\image_29.jpg,2104,5508,2286,5679
D:\SEM 7\CVProject\datasets\bottles_closeups\image_29.jpg,2188,3181,2343,3381
D:\SEM 7\CVProject\datasets\bottles_closeups\image_29.jpg,223,4208,353,4440
D:\SEM 7\CVProject\datasets\bottles_closeups\image_29.jpg,2696,3488,2773,3874
D:\SEM 7\CVProject\datasets\bottles_closeups\image_29.jpg,0,3733,87,4068
D:\SEM 7\CVProject\datasets\bottles_closeups\image_29.jpg,2321,825,2390,1238
D:\SEM 7\CVProject\datasets\bottles_closeups\image_29.jpg,2974,1104,3057,1447
D:\SEM 7\CVProject\datasets\bottles_closeups\image_29.jpg,3521,1890,3697,2052
D:\SEM 7\CVProject\datasets\bottles_closeups\image_29.jpg,140,5040,280,5243
D:\SEM 7\CVProject\datasets\bottles_closeups\image_29.jpg,2469,2673,2623,2857
D:\SEM 7\CVProject\datasets\bottles_closeups\image_29.jpg,3635,81,3764,297
D:\SEM 7\CVProject\datasets\bottles_closeups\image_29.jpg,1918,3255,2161,3367
D:\SEM 7\CVProject\datasets\bottles_closeups\image_29.jpg,870,4044,1027,4217
D:\SEM 7\CVProject\datasets\bottles_closeups\image_29.jpg,2596,2921,2706,3167
D:\SEM 7\CVProject\datasets\bottles_closeups\image_29.jpg,3473,4360,3607,4562
D:\SEM 7\CVProject\datasets\bottles_closeups\image_29.jpg,1019,3460,1141,3681
D:\SEM 7\CVProject\datasets\bottles_closeups\image_29.jpg,2055,5264,2190,5463
D:\SEM 7\CVProject\datasets\bottles_closeups\image_29.jpg,2628,2492,2746,2716
D:\SEM 7\CVProject\datasets\bottles_closeups\image_29.jpg,2590,115,2712,330
D:\SEM 7\CVProject\datasets\bottles_closeups\image_29.jpg,2436,3013,2561,3221
D:\SEM 7\CVProject\datasets\bottles_closeups\image_29.jpg,2388,4319,2481,4597
D:\SEM 7\CVProject\datasets\bottles_closeups\image_29.jpg,2452,4750,2556,4993
D:\SEM 7\CVProject\datasets\bottles_closeups\image_29.jpg,2880,3339,2930,3840
D:\SEM 7\CVProject\datasets\bottles_closeups\image_29.jpg,2213,3695,2338,3897
D:\SEM 7\CVProject\datasets\bottles_closeups\image_29.jpg,3359,4009,3540,4148
D:\SEM 7\CVProject\datasets\bottles_closeups\image_29.jpg,2489,952,2562,1294
D:\SEM 7\CVProject\datasets\bottles_closeups\image_29.jpg,2815,4616,2882,4986
D:\SEM 7\CVProject\datasets\bottles_closeups\image_29.jpg,2498,2036,2683,2170
D:\SEM 7\CVProject\datasets\bottles_closeups\image_29.jpg,632,2760,786,2921
D:\SEM 7\CVProject\datasets\bottles_closeups\image_29.jpg,3527,4715,3656,4907
D:\SEM 7\CVProject\datasets\bottles_closeups\image_29.jpg,2686,5036,2762,5358
D:\SEM 7\CVProject\datasets\bottles_closeups\image_29.jpg,2573,901,2796,1010
D:\SEM 7\CVProject\datasets\bottles_closeups\image_29.jpg,2066,5571,2239,5711
D:\SEM 7\CVProject\datasets\bottles_closeups\image_29.jpg,87,5040,208,5240
D:\SEM 7\CVProject\datasets\bottles_closeups\image_29.jpg,2522,3761,2636,3973
D:\SEM 7\CVProject\datasets\bottles_closeups\image_3.jpg,121,0,2999,1916
D:\SEM 7\CVProject\datasets\bottles_closeups\image_3.jpg,504,1074,2362,3229
D:\SEM 7\CVProject\datasets\bottles_closeups\image_3.jpg,1766,1072,2999,3112
D:\SEM 7\CVProject\datasets\bottles_closeups\image_3.jpg,1543,2461,2999,3999
D:\SEM 7\CVProject\datasets\bottles_closeups\image_3.jpg,0,0,1671,1339
D:\SEM 7\CVProject\datasets\bottles_closeups\image_3.jpg,0,1788,986,3116
D:\SEM 7\CVProject\datasets\bottles_closeups\image_3.jpg,1248,1361,2138,2826
D:\SEM 7\CVProject\datasets\bottles_closeups\image_3.jpg,0,574,803,1867
D:\SEM 7\CVProject\datasets\bottles_closeups\image_3.jpg,998,1728,1936,2672
D:\SEM 7\CVProject\datasets\bottles_closeups\image_3.jpg,0,2651,742,3648
D:\SEM 7\CVProject\datasets\bottles_closeups\image_3.jpg,576,0,1755,539
D:\SEM 7\CVProject\datasets\bottles_closeups\image_3.jpg,1128,2732,1811,3629
D:\SEM 7\CVProject\datasets\bottles_closeups\image_3.jpg,450,3191,1207,3999
D:\SEM 7\CVProject\datasets\bottles_closeups\image_3.jpg,1852,0,2736,667
D:\SEM 7\CVProject\datasets\bottles_closeups\image_3.jpg,2020,602,2999,1119
D:\SEM 7\CVProject\datasets\bottles_closeups\image_3.jpg,2055,3271,2740,3999
D:\SEM 7\CVProject\datasets\bottles_closeups\image_3.jpg,747,469,1517,1094
D:\SEM 7\CVProject\datasets\bottles_closeups\image_3.jpg,2231,3117,2999,3691
D:\SEM 7\CVProject\datasets\bottles_closeups\image_3.jpg,731,2858,1177,3751
D:\SEM 7\CVProject\datasets\bottles_closeups\image_3.jpg,360,1556,1012,2137
D:\SEM 7\CVProject\datasets\bottles_closeups\image_3.jpg,679,1358,1311,1922
D:\SEM 7\CVProject\datasets\bottles_closeups\image_3.jpg,1028,958,1580,1561
D:\SEM 7\CVProject\datasets\bottles_closeups\image_3.jpg,1483,2503,2104,2999
D:\SEM 7\CVProject\datasets\bottles_closeups\image_3.jpg,39,3405,541,3999
D:\SEM 7\CVProject\datasets\bottles_closeups\image_3.jpg,1927,2331,2453,2780
D:\SEM 7\CVProject\datasets\bottles_closeups\image_3.jpg,2542,111,2999,617
D:\SEM 7\CVProject\datasets\bottles_closeups\image_3.jpg,2427,1846,2999,2231
D:\SEM 7\CVProject\datasets\bottles_closeups\image_3.jpg,715,3292,1121,3820
D:\SEM 7\CVProject\datasets\bottles_closeups\image_3.jpg,954,3458,1349,3999
D:\SEM 7\CVProject\datasets\bottles_closeups\image_3.jpg,1357,1693,1729,2240
D:\SEM 7\CVProject\datasets\bottles_closeups\image_3.jpg,2598,1485,2999,1988
D:\SEM 7\CVProject\datasets\bottles_closeups\image_3.jpg,1059,265,1748,554
D:\SEM 7\CVProject\datasets\bottles_closeups\image_3.jpg,1145,2701,1556,3182
D:\SEM 7\CVProject\datasets\bottles_closeups\image_3.jpg,1347,360,1903,715
D:\SEM 7\CVProject\datasets\bottles_closeups\image_3.jpg,1466,531,2043,866
D:\SEM 7\CVProject\datasets\bottles_closeups\image_3.jpg,1575,2443,2039,2813
D:\SEM 7\CVProject\datasets\bottles_closeups\image_3.jpg,759,0,1337,292
D:\SEM 7\CVProject\datasets\bottles_closeups\image_3.jpg,320,2740,714,3162
D:\SEM 7\CVProject\datasets\bottles_closeups\image_3.jpg,48,1660,535,2000
D:\SEM 7\CVProject\datasets\bottles_closeups\image_3.jpg,1260,1955,1530,2566
D:\SEM 7\CVProject\datasets\bottles_closeups\image_3.jpg,1742,1915,2048,2445
D:\SEM 7\CVProject\datasets\bottles_closeups\image_3.jpg,0,3520,334,3999
D:\SEM 7\CVProject\datasets\bottles_closeups\image_3.jpg,517,1944,914,2330
D:\SEM 7\CVProject\datasets\bottles_closeups\image_3.jpg,419,1337,882,1666
D:\SEM 7\CVProject\datasets\bottles_closeups\image_3.jpg,1685,2712,2185,3011
D:\SEM 7\CVProject\datasets\bottles_closeups\image_3.jpg,710,2023,1070,2429
D:\SEM 7\CVProject\datasets\bottles_closeups\image_3.jpg,1720,1025,2153,1347
D:\SEM 7\CVProject\datasets\bottles_closeups\image_3.jpg,1343,810,1755,1146
D:\SEM 7\CVProject\datasets\bottles_closeups\image_3.jpg,2112,2245,2572,2544
D:\SEM 7\CVProject\datasets\bottles_closeups\image_3.jpg,2622,2173,2949,2557
D:\SEM 7\CVProject\datasets\bottles_closeups\image_3.jpg,343,0,690,356
D:\SEM 7\CVProject\datasets\bottles_closeups\image_3.jpg,920,973,1208,1386
D:\SEM 7\CVProject\datasets\bottles_closeups\image_3.jpg,655,2851,949,3240
D:\SEM 7\CVProject\datasets\bottles_closeups\image_3.jpg,2058,1836,2394,2175
D:\SEM 7\CVProject\datasets\bottles_closeups\image_3.jpg,1053,1643,1331,2048
D:\SEM 7\CVProject\datasets\bottles_closeups\image_3.jpg,939,1580,1267,1917
D:\SEM 7\CVProject\datasets\bottles_closeups\image_3.jpg,255,3252,536,3642
D:\SEM 7\CVProject\datasets\bottles_closeups\image_3.jpg,1165,1149,1404,1597
D:\SEM 7\CVProject\datasets\bottles_closeups\image_3.jpg,1343,3574,1594,3999
D:\SEM 7\CVProject\datasets\bottles_closeups\image_3.jpg,147,2033,479,2338
D:\SEM 7\CVProject\datasets\bottles_closeups\image_3.jpg,2569,620,2841,988
D:\SEM 7\CVProject\datasets\bottles_closeups\image_3.jpg,2692,2438,2999,2764
D:\SEM 7\CVProject\datasets\bottles_closeups\image_3.jpg,987,3342,1314,3648
D:\SEM 7\CVProject\datasets\bottles_closeups\image_3.jpg,918,1335,1350,1555
D:\SEM 7\CVProject\datasets\bottles_closeups\image_3.jpg,2062,2382,2275,2827
D:\SEM 7\CVProject\datasets\bottles_closeups\image_3.jpg,2417,1486,2720,1797
D:\SEM 7\CVProject\datasets\bottles_closeups\image_3.jpg,1951,1207,2265,1505
D:\SEM 7\CVProject\datasets\bottles_closeups\image_3.jpg,2245,580,2589,846
D:\SEM 7\CVProject\datasets\bottles_closeups\image_3.jpg,374,2532,617,2903
D:\SEM 7\CVProject\datasets\bottles_closeups\image_3.jpg,0,1592,197,2023
D:\SEM 7\CVProject\datasets\bottles_closeups\image_3.jpg,904,2238,1186,2535
D:\SEM 7\CVProject\datasets\bottles_closeups\image_3.jpg,2168,453,2434,763
D:\SEM 7\CVProject\datasets\bottles_closeups\image_3.jpg,1789,3407,2028,3750
D:\SEM 7\CVProject\datasets\bottles_closeups\image_3.jpg,2145,1508,2482,1749
D:\SEM 7\CVProject\datasets\bottles_closeups\image_3.jpg,2200,1908,2498,2179
D:\SEM 7\CVProject\datasets\bottles_closeups\image_3.jpg,1333,3422,1508,3882
D:\SEM 7\CVProject\datasets\bottles_closeups\image_3.jpg,2439,3077,2797,3292
D:\SEM 7\CVProject\datasets\bottles_closeups\image_3.jpg,1242,3382,1384,3921
D:\SEM 7\CVProject\datasets\bottles_closeups\image_3.jpg,209,0,604,191
D:\SEM 7\CVProject\datasets\bottles_closeups\image_3.jpg,220,1614,507,1873
D:\SEM 7\CVProject\datasets\bottles_closeups\image_3.jpg,2280,932,2564,1188
D:\SEM 7\CVProject\datasets\bottles_closeups\image_3.jpg,1227,2865,1487,3141
D:\SEM 7\CVProject\datasets\bottles_closeups\image_3.jpg,2738,2668,2999,2942
D:\SEM 7\CVProject\datasets\bottles_closeups\image_3.jpg,259,2485,562,2720
D:\SEM 7\CVProject\datasets\bottles_closeups\image_3.jpg,1624,1261,1952,1475
D:\SEM 7\CVProject\datasets\bottles_closeups\image_3.jpg,1793,1599,2173,1783
D:\SEM 7\CVProject\datasets\bottles_closeups\image_3.jpg,1052,1185,1313,1453
D:\SEM 7\CVProject\datasets\bottles_closeups\image_3.jpg,514,3472,804,3709
D:\SEM 7\CVProject\datasets\bottles_closeups\image_3.jpg,2609,1574,2999,1749
D:\SEM 7\CVProject\datasets\bottles_closeups\image_3.jpg,2217,2088,2520,2313
D:\SEM 7\CVProject\datasets\bottles_closeups\image_3.jpg,1818,3042,2006,3401
D:\SEM 7\CVProject\datasets\bottles_closeups\image_3.jpg,2744,1178,2999,1438
D:\SEM 7\CVProject\datasets\bottles_closeups\image_3.jpg,1538,2639,1914,2814
D:\SEM 7\CVProject\datasets\bottles_closeups\image_3.jpg,1510,3477,1738,3761
D:\SEM 7\CVProject\datasets\bottles_closeups\image_3.jpg,368,1235,671,1448
D:\SEM 7\CVProject\datasets\bottles_closeups\image_3.jpg,2534,2194,2775,2461
D:\SEM 7\CVProject\datasets\bottles_closeups\image_3.jpg,964,3159,1206,3421
D:\SEM 7\CVProject\datasets\bottles_closeups\image_3.jpg,362,51,738,218
D:\SEM 7\CVProject\datasets\bottles_closeups\image_3.jpg,1664,1531,1930,1767
D:\SEM 7\CVProject\datasets\bottles_closeups\image_3.jpg,2253,442,2507,688
D:\SEM 7\CVProject\datasets\bottles_closeups\image_3.jpg,445,3205,734,3417
D:\SEM 7\CVProject\datasets\bottles_closeups\image_3.jpg,194,3525,367,3879
D:\SEM 7\CVProject\datasets\bottles_closeups\image_3.jpg,1,1376,210,1666
D:\SEM 7\CVProject\datasets\bottles_closeups\image_3.jpg,807,568,1107,770
D:\SEM 7\CVProject\datasets\bottles_closeups\image_3.jpg,850,1071,1101,1312
D:\SEM 7\CVProject\datasets\bottles_closeups\image_3.jpg,938,1742,1183,1988
D:\SEM 7\CVProject\datasets\bottles_closeups\image_3.jpg,1049,1557,1307,1783
D:\SEM 7\CVProject\datasets\bottles_closeups\image_3.jpg,1212,450,1487,662
D:\SEM 7\CVProject\datasets\bottles_closeups\image_3.jpg,1846,3572,2042,3869
D:\SEM 7\CVProject\datasets\bottles_closeups\image_3.jpg,1794,2919,2135,3088
D:\SEM 7\CVProject\datasets\bottles_closeups\image_3.jpg,1908,658,2117,933
D:\SEM 7\CVProject\datasets\bottles_closeups\image_3.jpg,2713,721,2994,924
D:\SEM 7\CVProject\datasets\bottles_closeups\image_3.jpg,2276,2279,2564,2477
D:\SEM 7\CVProject\datasets\bottles_closeups\image_3.jpg,720,924,1003,1123
D:\SEM 7\CVProject\datasets\bottles_closeups\image_3.jpg,1909,3218,2100,3510
D:\SEM 7\CVProject\datasets\bottles_closeups\image_3.jpg,2742,3734,2951,3999
D:\SEM 7\CVProject\datasets\bottles_closeups\image_3.jpg,1573,993,1847,1194
D:\SEM 7\CVProject\datasets\bottles_closeups\image_3.jpg,1415,1877,1703,2066
D:\SEM 7\CVProject\datasets\bottles_closeups\image_3.jpg,1996,3126,2186,3411
D:\SEM 7\CVProject\datasets\bottles_closeups\image_3.jpg,0,3084,199,3355
D:\SEM 7\CVProject\datasets\bottles_closeups\image_3.jpg,1636,2486,1967,2648
D:\SEM 7\CVProject\datasets\bottles_closeups\image_3.jpg,1642,262,1989,415
D:\SEM 7\CVProject\datasets\bottles_closeups\image_3.jpg,2449,280,2651,542
D:\SEM 7\CVProject\datasets\bottles_closeups\image_3.jpg,1504,3195,1716,3443
D:\SEM 7\CVProject\datasets\bottles_closeups\image_3.jpg,759,3681,955,3949
D:\SEM 7\CVProject\datasets\bottles_closeups\image_3.jpg,1330,2602,1516,2879
D:\SEM 7\CVProject\datasets\bottles_closeups\image_3.jpg,309,3555,470,3874
D:\SEM 7\CVProject\datasets\bottles_closeups\image_3.jpg,497,3290,732,3507
D:\SEM 7\CVProject\datasets\bottles_closeups\image_3.jpg,1582,10,1896,171
D:\SEM 7\CVProject\datasets\bottles_closeups\image_3.jpg,320,2092,616,2262
D:\SEM 7\CVProject\datasets\bottles_closeups\image_3.jpg,1813,353,2060,555
D:\SEM 7\CVProject\datasets\bottles_closeups\image_3.jpg,2092,1724,2268,2005
D:\SEM 7\CVProject\datasets\bottles_closeups\image_3.jpg,1393,1299,1571,1570
D:\SEM 7\CVProject\datasets\bottles_closeups\image_3.jpg,1599,686,1847,875
D:\SEM 7\CVProject\datasets\bottles_closeups\image_3.jpg,286,0,479,242
D:\SEM 7\CVProject\datasets\bottles_closeups\image_3.jpg,937,2482,1151,2696
D:\SEM 7\CVProject\datasets\bottles_closeups\image_3.jpg,308,3228,494,3474
D:\SEM 7\CVProject\datasets\bottles_closeups\image_3.jpg,246,2671,371,3035
D:\SEM 7\CVProject\datasets\bottles_closeups\image_3.jpg,485,3652,637,3948
D:\SEM 7\CVProject\datasets\bottles_closeups\image_3.jpg,2398,2599,2600,2820
D:\SEM 7\CVProject\datasets\bottles_closeups\image_3.jpg,2337,226,2553,432
D:\SEM 7\CVProject\datasets\bottles_closeups\image_3.jpg,92,528,228,848
D:\SEM 7\CVProject\datasets\bottles_closeups\image_3.jpg,1865,774,2040,1022
D:\SEM 7\CVProject\datasets\bottles_closeups\image_3.jpg,376,2946,583,3152
D:\SEM 7\CVProject\datasets\bottles_closeups\image_3.jpg,1451,3258,1621,3508
D:\SEM 7\CVProject\datasets\bottles_closeups\image_3.jpg,988,1691,1195,1896
D:\SEM 7\CVProject\datasets\bottles_closeups\image_3.jpg,39,2676,241,2886
D:\SEM 7\CVProject\datasets\bottles_closeups\image_3.jpg,98,1849,351,2015
D:\SEM 7\CVProject\datasets\bottles_closeups\image_3.jpg,2485,1835,2686,2039
D:\SEM 7\CVProject\datasets\bottles_closeups\image_3.jpg,1662,826,1850,1044
D:\SEM 7\CVProject\datasets\bottles_closeups\image_3.jpg,1051,2945,1252,3144
D:\SEM 7\CVProject\datasets\bottles_closeups\image_3.jpg,498,2474,726,2649
D:\SEM 7\CVProject\datasets\bottles_closeups\image_3.jpg,538,1786,671,2082
D:\SEM 7\CVProject\datasets\bottles_closeups\image_3.jpg,2205,2875,2389,3089
D:\SEM 7\CVProject\datasets\bottles_closeups\image_3.jpg,0,3462,172,3688
D:\SEM 7\CVProject\datasets\bottles_closeups\image_3.jpg,2059,1004,2342,1140
D:\SEM 7\CVProject\datasets\bottles_closeups\image_3.jpg,608,2035,801,2234
D:\SEM 7\CVProject\datasets\bottles_closeups\image_3.jpg,1080,3203,1240,3441
D:\SEM 7\CVProject\datasets\bottles_closeups\image_3.jpg,832,970,990,1209
D:\SEM 7\CVProject\datasets\bottles_closeups\image_3.jpg,855,2618,1024,2841
D:\SEM 7\CVProject\datasets\bottles_closeups\image_3.jpg,2789,1398,2999,1577
D:\SEM 7\CVProject\datasets\bottles_closeups\image_3.jpg,1571,3442,1783,3619
D:\SEM 7\CVProject\datasets\bottles_closeups\image_3.jpg,2488,3704,2614,3999
D:\SEM 7\CVProject\datasets\bottles_closeups\image_3.jpg,0,2873,161,3104
D:\SEM 7\CVProject\datasets\bottles_closeups\image_3.jpg,773,3175,852,3642
D:\SEM 7\CVProject\datasets\bottles_closeups\image_3.jpg,354,3345,519,3569
D:\SEM 7\CVProject\datasets\bottles_closeups\image_3.jpg,2326,540,2598,675
D:\SEM 7\CVProject\datasets\bottles_closeups\image_3.jpg,2715,292,2999,421
D:\SEM 7\CVProject\datasets\bottles_closeups\image_3.jpg,2272,2950,2452,3153
D:\SEM 7\CVProject\datasets\bottles_closeups\image_3.jpg,46,2926,239,3113
D:\SEM 7\CVProject\datasets\bottles_closeups\image_3.jpg,1808,3811,1999,3999
D:\SEM 7\CVProject\datasets\bottles_closeups\image_3.jpg,2494,3403,2688,3587
D:\SEM 7\CVProject\datasets\bottles_closeups\image_3.jpg,1349,3214,1500,3450
D:\SEM 7\CVProject\datasets\bottles_closeups\image_3.jpg,1271,3022,1449,3222
D:\SEM 7\CVProject\datasets\bottles_closeups\image_3.jpg,939,2139,1091,2373
D:\SEM 7\CVProject\datasets\bottles_closeups\image_3.jpg,1764,80,1975,248
D:\SEM 7\CVProject\datasets\bottles_closeups\image_3.jpg,1542,168,1803,302
D:\SEM 7\CVProject\datasets\bottles_closeups\image_3.jpg,902,364,1130,516
D:\SEM 7\CVProject\datasets\bottles_closeups\image_3.jpg,307,3374,457,3605
D:\SEM 7\CVProject\datasets\bottles_closeups\image_3.jpg,177,1497,315,1748
D:\SEM 7\CVProject\datasets\bottles_closeups\image_3.jpg,899,3482,1044,3718
D:\SEM 7\CVProject\datasets\bottles_closeups\image_3.jpg,22,2471,182,2682
D:\SEM 7\CVProject\datasets\bottles_closeups\image_3.jpg,2881,2041,2999,2326
D:\SEM 7\CVProject\datasets\bottles_closeups\image_3.jpg,155,2500,370,2656
D:\SEM 7\CVProject\datasets\bottles_closeups\image_3.jpg,2799,2744,2900,3075
D:\SEM 7\CVProject\datasets\bottles_closeups\image_3.jpg,2094,167,2261,366
D:\SEM 7\CVProject\datasets\bottles_closeups\image_3.jpg,549,2225,762,2381
D:\SEM 7\CVProject\datasets\bottles_closeups\image_3.jpg,2668,3562,2743,3999
D:\SEM 7\CVProject\datasets\bottles_closeups\image_3.jpg,2733,1289,2920,1465
D:\SEM 7\CVProject\datasets\bottles_closeups\image_3.jpg,2669,1396,2798,1649
D:\SEM 7\CVProject\datasets\bottles_closeups\image_3.jpg,2736,1099,2886,1316
D:\SEM 7\CVProject\datasets\bottles_closeups\image_3.jpg,1668,1229,1850,1404
D:\SEM 7\CVProject\datasets\bottles_closeups\image_3.jpg,2356,2665,2517,2862
D:\SEM 7\CVProject\datasets\bottles_closeups\image_3.jpg,300,3088,495,3249
D:\SEM 7\CVProject\datasets\bottles_closeups\image_3.jpg,96,2119,215,2382
D:\SEM 7\CVProject\datasets\bottles_closeups\image_3.jpg,556,2695,724,2879
D:\SEM 7\CVProject\datasets\bottles_closeups\image_3.jpg,2838,2717,2993,2916
D:\SEM 7\CVProject\datasets\bottles_closeups\image_3.jpg,2826,2285,2999,2463
D:\SEM 7\CVProject\datasets\bottles_closeups\image_3.jpg,766,2480,951,2646
D:\SEM 7\CVProject\datasets\bottles_closeups\image_3.jpg,1895,3363,2028,3592
D:\SEM 7\CVProject\datasets\bottles_closeups\image_3.jpg,2217,1657,2382,1841
D:\SEM 7\CVProject\datasets\bottles_closeups\image_3.jpg,487,2795,653,2976
D:\SEM 7\CVProject\datasets\bottles_closeups\image_3.jpg,1883,900,2056,1073
D:\SEM 7\CVProject\datasets\bottles_closeups\image_3.jpg,1793,3544,1938,3748
D:\SEM 7\CVProject\datasets\bottles_closeups\image_3.jpg,2855,504,2999,708
D:\SEM 7\CVProject\datasets\bottles_closeups\image_3.jpg,2710,2882,2816,3157
D:\SEM 7\CVProject\datasets\bottles_closeups\image_3.jpg,1132,2003,1307,2169
D:\SEM 7\CVProject\datasets\bottles_closeups\image_3.jpg,1740,906,1925,1063
D:\SEM 7\CVProject\datasets\bottles_closeups\image_3.jpg,511,2383,722,2517
D:\SEM 7\CVProject\datasets\bottles_closeups\image_3.jpg,2129,1335,2266,1540
D:\SEM 7\CVProject\datasets\bottles_closeups\image_3.jpg,1429,3433,1552,3660
D:\SEM 7\CVProject\datasets\bottles_closeups\image_3.jpg,1039,2886,1224,3037
D:\SEM 7\CVProject\datasets\bottles_closeups\image_3.jpg,2204,286,2406,424
D:\SEM 7\CVProject\datasets\bottles_closeups\image_3.jpg,2578,1011,2805,1131
D:\SEM 7\CVProject\datasets\bottles_closeups\image_3.jpg,317,2253,429,2496
D:\SEM 7\CVProject\datasets\bottles_closeups\image_3.jpg,2270,757,2498,876
D:\SEM 7\CVProject\datasets\bottles_closeups\image_3.jpg,708,2012,856,2195
D:\SEM 7\CVProject\datasets\bottles_closeups\image_3.jpg,2520,1594,2642,1815
D:\SEM 7\CVProject\datasets\bottles_closeups\image_3.jpg,2720,2348,2861,2538
D:\SEM 7\CVProject\datasets\bottles_closeups\image_3.jpg,2704,1807,2871,1967
D:\SEM 7\CVProject\datasets\bottles_closeups\image_3.jpg,1263,987,1408,1169
D:\SEM 7\CVProject\datasets\bottles_closeups\image_3.jpg,2297,2628,2453,2797
D:\SEM 7\CVProject\datasets\bottles_closeups\image_3.jpg,605,1612,748,1796
D:\SEM 7\CVProject\datasets\bottles_closeups\image_3.jpg,2237,3628,2359,3843
D:\SEM 7\CVProject\datasets\bottles_closeups\image_3.jpg,256,3211,373,3435
D:\SEM 7\CVProject\datasets\bottles_closeups\image_3.jpg,0,1332,126,1540
D:\SEM 7\CVProject\datasets\bottles_closeups\image_3.jpg,1004,3127,1126,3341
D:\SEM 7\CVProject\datasets\bottles_closeups\image_3.jpg,907,985,1110,1113
D:\SEM 7\CVProject\datasets\bottles_closeups\image_3.jpg,391,2860,546,3027
D:\SEM 7\CVProject\datasets\bottles_closeups\image_3.jpg,666,1284,800,1477
D:\SEM 7\CVProject\datasets\bottles_closeups\image_3.jpg,2714,2487,2867,2656
D:\SEM 7\CVProject\datasets\bottles_closeups\image_3.jpg,804,2555,981,2700
D:\SEM 7\CVProject\datasets\bottles_closeups\image_3.jpg,1626,651,1737,882
D:\SEM 7\CVProject\datasets\bottles_closeups\image_3.jpg,1599,1433,1798,1561
D:\SEM 7\CVProject\datasets\bottles_closeups\image_3.jpg,1121,3690,1233,3917
D:\SEM 7\CVProject\datasets\bottles_closeups\image_3.jpg,1335,1477,1435,1730
D:\SEM 7\CVProject\datasets\bottles_closeups\image_3.jpg,1240,3657,1363,3861
D:\SEM 7\CVProject\datasets\bottles_closeups\image_3.jpg,2373,3794,2495,3999
D:\SEM 7\CVProject\datasets\bottles_closeups\image_3.jpg,2198,2312,2401,2435
D:\SEM 7\CVProject\datasets\bottles_closeups\image_3.jpg,1200,3351,1326,3549
D:\SEM 7\CVProject\datasets\bottles_closeups\image_3.jpg,267,3027,407,3204
D:\SEM 7\CVProject\datasets\bottles_closeups\image_3.jpg,1455,3817,1591,3999
D:\SEM 7\CVProject\datasets\bottles_closeups\image_3.jpg,1,2584,127,2779
D:\SEM 7\CVProject\datasets\bottles_closeups\image_3.jpg,1365,3346,1511,3514
D:\SEM 7\CVProject\datasets\bottles_closeups\image_3.jpg,2401,3390,2497,3644
D:\SEM 7\CVProject\datasets\bottles_closeups\image_3.jpg,0,2405,120,2608
D:\SEM 7\CVProject\datasets\bottles_closeups\image_3.jpg,94,3708,185,3975
D:\SEM 7\CVProject\datasets\bottles_closeups\image_3.jpg,1285,1375,1396,1594
D:\SEM 7\CVProject\datasets\bottles_closeups\image_3.jpg,1402,1030,1552,1192
D:\SEM 7\CVProject\datasets\bottles_closeups\image_3.jpg,130,3411,304,3550
D:\SEM 7\CVProject\datasets\bottles_closeups\image_3.jpg,2296,1301,2404,1522
D:\SEM 7\CVProject\datasets\bottles_closeups\image_3.jpg,1629,3815,1758,3999
D:\SEM 7\CVProject\datasets\bottles_closeups\image_3.jpg,1139,567,1258,766
D:\SEM 7\CVProject\datasets\bottles_closeups\image_3.jpg,0,311,174,445
D:\SEM 7\CVProject\datasets\bottles_closeups\image_3.jpg,1558,3735,1675,3934
D:\SEM 7\CVProject\datasets\bottles_closeups\image_3.jpg,1030,2206,1150,2399
D:\SEM 7\CVProject\datasets\bottles_closeups\image_3.jpg,321,2376,474,2527
D:\SEM 7\CVProject\datasets\bottles_closeups\image_3.jpg,648,2464,886,2560
D:\SEM 7\CVProject\datasets\bottles_closeups\image_3.jpg,477,1994,598,2183
D:\SEM 7\CVProject\datasets\bottles_closeups\image_3.jpg,1027,456,1211,580
D:\SEM 7\CVProject\datasets\bottles_closeups\image_3.jpg,2360,3600,2488,3778
D:\SEM 7\CVProject\datasets\bottles_closeups\image_3.jpg,183,1902,346,2041
D:\SEM 7\CVProject\datasets\bottles_closeups\image_3.jpg,723,0,848,180
D:\SEM 7\CVProject\datasets\bottles_closeups\image_3.jpg,1050,1996,1202,2144
D:\SEM 7\CVProject\datasets\bottles_closeups\image_3.jpg,1,2011,162,2150
D:\SEM 7\CVProject\datasets\bottles_closeups\image_3.jpg,800,1576,902,1795
D:\SEM 7\CVProject\datasets\bottles_closeups\image_3.jpg,369,3828,499,3999
D:\SEM 7\CVProject\datasets\bottles_closeups\image_3.jpg,1789,599,1911,781
D:\SEM 7\CVProject\datasets\bottles_closeups\image_3.jpg,1037,2122,1139,2337
D:\SEM 7\CVProject\datasets\bottles_closeups\image_3.jpg,2319,2786,2456,2946
D:\SEM 7\CVProject\datasets\bottles_closeups\image_3.jpg,1432,3381,1584,3525
D:\SEM 7\CVProject\datasets\bottles_closeups\image_3.jpg,917,1535,1009,1772
D:\SEM 7\CVProject\datasets\bottles_closeups\image_3.jpg,202,3732,326,3908
D:\SEM 7\CVProject\datasets\bottles_closeups\image_3.jpg,1421,1611,1572,1755
D:\SEM 7\CVProject\datasets\bottles_closeups\image_3.jpg,1897,2471,2023,2643
D:\SEM 7\CVProject\datasets\bottles_closeups\image_3.jpg,748,496,880,659
D:\SEM 7\CVProject\datasets\bottles_closeups\image_3.jpg,2523,2952,2648,3123
D:\SEM 7\CVProject\datasets\bottles_closeups\image_3.jpg,687,3008,810,3179
D:\SEM 7\CVProject\datasets\bottles_closeups\image_3.jpg,2381,3333,2449,3639
D:\SEM 7\CVProject\datasets\bottles_closeups\image_3.jpg,1798,3113,1852,3497
D:\SEM 7\CVProject\datasets\bottles_closeups\image_3.jpg,761,2685,890,2846
D:\SEM 7\CVProject\datasets\bottles_closeups\image_3.jpg,1846,2596,1953,2790
D:\SEM 7\CVProject\datasets\bottles_closeups\image_3.jpg,2334,1795,2445,1982
D:\SEM 7\CVProject\datasets\bottles_closeups\image_3.jpg,2068,1080,2248,1195
D:\SEM 7\CVProject\datasets\bottles_closeups\image_3.jpg,2603,1828,2722,2001
D:\SEM 7\CVProject\datasets\bottles_closeups\image_3.jpg,987,2922,1125,3071
D:\SEM 7\CVProject\datasets\bottles_closeups\image_3.jpg,558,2077,693,2227
D:\SEM 7\CVProject\datasets\bottles_closeups\image_3.jpg,1483,1171,1604,1338
D:\SEM 7\CVProject\datasets\bottles_closeups\image_3.jpg,1196,2714,1302,2904
D:\SEM 7\CVProject\datasets\bottles_closeups\image_3.jpg,363,0,479,173
D:\SEM 7\CVProject\datasets\bottles_closeups\image_3.jpg,2338,196,2461,359
D:\SEM 7\CVProject\datasets\bottles_closeups\image_3.jpg,12,1462,161,1596
D:\SEM 7\CVProject\datasets\bottles_closeups\image_3.jpg,1150,3527,1283,3677
D:\SEM 7\CVProject\datasets\bottles_closeups\image_3.jpg,2373,1533,2498,1692
D:\SEM 7\CVProject\datasets\bottles_closeups\image_3.jpg,30,2053,191,2176
D:\SEM 7\CVProject\datasets\bottles_closeups\image_3.jpg,571,2444,702,2595
D:\SEM 7\CVProject\datasets\bottles_closeups\image_3.jpg,17,1879,132,2050
D:\SEM 7\CVProject\datasets\bottles_closeups\image_3.jpg,639,474,800,596
D:\SEM 7\CVProject\datasets\bottles_closeups\image_3.jpg,755,1294,913,1417
D:\SEM 7\CVProject\datasets\bottles_closeups\image_3.jpg,2047,2303,2186,2442
D:\SEM 7\CVProject\datasets\bottles_closeups\image_3.jpg,507,3543,642,3686
D:\SEM 7\CVProject\datasets\bottles_closeups\image_3.jpg,582,3660,676,3865
D:\SEM 7\CVProject\datasets\bottles_closeups\image_3.jpg,2881,1113,2999,1276
D:\SEM 7\CVProject\datasets\bottles_closeups\image_3.jpg,2361,1255,2566,1348
D:\SEM 7\CVProject\datasets\bottles_closeups\image_3.jpg,1146,996,1274,1145
D:\SEM 7\CVProject\datasets\bottles_closeups\image_3.jpg,1306,1262,1388,1494
D:\SEM 7\CVProject\datasets\bottles_closeups\image_3.jpg,2872,759,2971,951
D:\SEM 7\CVProject\datasets\bottles_closeups\image_3.jpg,1988,2906,2124,3045
D:\SEM 7\CVProject\datasets\bottles_closeups\image_3.jpg,148,2003,265,2164
D:\SEM 7\CVProject\datasets\bottles_closeups\image_3.jpg,1507,831,1605,1023
D:\SEM 7\CVProject\datasets\bottles_closeups\image_3.jpg,1521,3001,1621,3188
D:\SEM 7\CVProject\datasets\bottles_closeups\image_3.jpg,958,1304,1087,1449
D:\SEM 7\CVProject\datasets\bottles_closeups\image_3.jpg,1250,3190,1349,3377
D:\SEM 7\CVProject\datasets\bottles_closeups\image_3.jpg,2902,2387,2999,2577
D:\SEM 7\CVProject\datasets\bottles_closeups\image_3.jpg,2202,2580,2264,2876
D:\SEM 7\CVProject\datasets\bottles_closeups\image_3.jpg,101,2879,223,3030
D:\SEM 7\CVProject\datasets\bottles_closeups\image_3.jpg,1,2231,98,2420
D:\SEM 7\CVProject\datasets\bottles_closeups\image_3.jpg,442,3101,571,3243
D:\SEM 7\CVProject\datasets\bottles_closeups\image_3.jpg,2743,1234,2860,1390
D:\SEM 7\CVProject\datasets\bottles_closeups\image_3.jpg,759,1186,926,1295
D:\SEM 7\CVProject\datasets\bottles_closeups\image_3.jpg,2681,3418,2793,3580
D:\SEM 7\CVProject\datasets\bottles_closeups\image_3.jpg,2569,2657,2731,2769
D:\SEM 7\CVProject\datasets\bottles_closeups\image_3.jpg,2033,1505,2178,1630
D:\SEM 7\CVProject\datasets\bottles_closeups\image_3.jpg,2578,586,2722,711
D:\SEM 7\CVProject\datasets\bottles_closeups\image_3.jpg,2014,3025,2109,3214
D:\SEM 7\CVProject\datasets\bottles_closeups\image_3.jpg,2644,2595,2787,2720
D:\SEM 7\CVProject\datasets\bottles_closeups\image_3.jpg,1256,936,1378,1082
D:\SEM 7\CVProject\datasets\bottles_closeups\image_3.jpg,94,3581,188,3770
D:\SEM 7\CVProject\datasets\bottles_closeups\image_3.jpg,2395,3062,2511,3215
D:\SEM 7\CVProject\datasets\bottles_closeups\image_3.jpg,2585,1061,2708,1205
D:\SEM 7\CVProject\datasets\bottles_closeups\image_3.jpg,1619,2816,1746,2955
D:\SEM 7\CVProject\datasets\bottles_closeups\image_3.jpg,1288,2682,1377,2880
D:\SEM 7\CVProject\datasets\bottles_closeups\image_3.jpg,177,1786,302,1927
D:\SEM 7\CVProject\datasets\bottles_closeups\image_3.jpg,1965,7,2082,157
D:\SEM 7\CVProject\datasets\bottles_closeups\image_3.jpg,1,2995,56,3310
D:\SEM 7\CVProject\datasets\bottles_closeups\image_3.jpg,1221,3833,1340,3979
D:\SEM 7\CVProject\datasets\bottles_closeups\image_3.jpg,2810,1382,2925,1533
D:\SEM 7\CVProject\datasets\bottles_closeups\image_3.jpg,1955,934,2070,1085
D:\SEM 7\CVProject\datasets\bottles_closeups\image_3.jpg,623,1704,741,1851
D:\SEM 7\CVProject\datasets\bottles_closeups\image_3.jpg,404,1622,508,1788
D:\SEM 7\CVProject\datasets\bottles_closeups\image_3.jpg,649,2423,779,2555
D:\SEM 7\CVProject\datasets\bottles_closeups\image_3.jpg,1882,1500,1991,1657
D:\SEM 7\CVProject\datasets\bottles_closeups\image_3.jpg,2758,2963,2897,3086
D:\SEM 7\CVProject\datasets\bottles_closeups\image_3.jpg,712,3845,823,3999
D:\SEM 7\CVProject\datasets\bottles_closeups\image_3.jpg,1252,3473,1327,3700
D:\SEM 7\CVProject\datasets\bottles_closeups\image_3.jpg,1798,3884,1946,3999
D:\SEM 7\CVProject\datasets\bottles_closeups\image_3.jpg,1747,1906,1874,2040
D:\SEM 7\CVProject\datasets\bottles_closeups\image_3.jpg,2001,1866,2105,2028
D:\SEM 7\CVProject\datasets\bottles_closeups\image_3.jpg,635,0,731,175
D:\SEM 7\CVProject\datasets\bottles_closeups\image_3.jpg,2399,1598,2514,1744
D:\SEM 7\CVProject\datasets\bottles_closeups\image_3.jpg,1562,1325,1643,1530
D:\SEM 7\CVProject\datasets\bottles_closeups\image_3.jpg,1521,2937,1631,3088
D:\SEM 7\CVProject\datasets\bottles_closeups\image_3.jpg,1133,1491,1223,1675
D:\SEM 7\CVProject\datasets\bottles_closeups\image_3.jpg,205,1630,299,1806
D:\SEM 7\CVProject\datasets\bottles_closeups\image_3.jpg,2870,3084,2925,3383
D:\SEM 7\CVProject\datasets\bottles_closeups\image_3.jpg,69,1385,182,1531
D:\SEM 7\CVProject\datasets\bottles_closeups\image_3.jpg,447,1668,553,1823
D:\SEM 7\CVProject\datasets\bottles_closeups\image_3.jpg,2018,302,2122,459
D:\SEM 7\CVProject\datasets\bottles_closeups\image_3.jpg,2576,705,2696,841
D:\SEM 7\CVProject\datasets\bottles_closeups\image_3.jpg,2792,2064,2871,2269
D:\SEM 7\CVProject\datasets\bottles_closeups\image_3.jpg,2528,2173,2608,2375
D:\SEM 7\CVProject\datasets\bottles_closeups\image_3.jpg,889,2816,999,2963
D:\SEM 7\CVProject\datasets\bottles_closeups\image_3.jpg,176,1951,306,2075
D:\SEM 7\CVProject\datasets\bottles_closeups\image_3.jpg,2508,1703,2593,1891
D:\SEM 7\CVProject\datasets\bottles_closeups\image_3.jpg,1906,877,2025,1011
D:\SEM 7\CVProject\datasets\bottles_closeups\image_3.jpg,769,2874,835,3114
D:\SEM 7\CVProject\datasets\bottles_closeups\image_3.jpg,1202,1864,1301,2024
D:\SEM 7\CVProject\datasets\bottles_closeups\image_3.jpg,471,3367,557,3551
D:\SEM 7\CVProject\datasets\bottles_closeups\image_3.jpg,841,1518,945,1670
D:\SEM 7\CVProject\datasets\bottles_closeups\image_3.jpg,1355,404,1456,560
D:\SEM 7\CVProject\datasets\bottles_closeups\image_3.jpg,1324,1552,1405,1746
D:\SEM 7\CVProject\datasets\bottles_closeups\image_3.jpg,785,3653,924,3766
D:\SEM 7\CVProject\datasets\bottles_closeups\image_3.jpg,2896,2662,2999,2814
D:\SEM 7\CVProject\datasets\bottles_closeups\image_3.jpg,828,440,908,635
D:\SEM 7\CVProject\datasets\bottles_closeups\image_3.jpg,2504,1890,2665,1987
D:\SEM 7\CVProject\datasets\bottles_closeups\image_3.jpg,2449,305,2549,461
D:\SEM 7\CVProject\datasets\bottles_closeups\image_3.jpg,1083,2084,1189,2231
D:\SEM 7\CVProject\datasets\bottles_closeups\image_3.jpg,123,1416,231,1560
D:\SEM 7\CVProject\datasets\bottles_closeups\image_3.jpg,2804,2135,2944,2246
D:\SEM 7\CVProject\datasets\bottles_closeups\image_3.jpg,561,3853,667,3999
D:\SEM 7\CVProject\datasets\bottles_closeups\image_3.jpg,843,1335,961,1466
D:\SEM 7\CVProject\datasets\bottles_closeups\image_3.jpg,1576,523,1723,628
D:\SEM 7\CVProject\datasets\bottles_closeups\image_3.jpg,951,2843,1063,2980
D:\SEM 7\CVProject\datasets\bottles_closeups\image_3.jpg,1143,2120,1269,2241
D:\SEM 7\CVProject\datasets\bottles_closeups\image_3.jpg,1876,850,2007,966
D:\SEM 7\CVProject\datasets\bottles_closeups\image_3.jpg,2159,2854,2302,2960
D:\SEM 7\CVProject\datasets\bottles_closeups\image_3.jpg,2730,1968,2910,2052
D:\SEM 7\CVProject\datasets\bottles_closeups\image_3.jpg,255,2028,338,2210
D:\SEM 7\CVProject\datasets\bottles_closeups\image_3.jpg,1124,1623,1250,1743
D:\SEM 7\CVProject\datasets\bottles_closeups\image_3.jpg,1713,2989,1817,3134
D:\SEM 7\CVProject\datasets\bottles_closeups\image_3.jpg,2015,2020,2131,2150
D:\SEM 7\CVProject\datasets\bottles_closeups\image_3.jpg,2117,2496,2232,2627
D:\SEM 7\CVProject\datasets\bottles_closeups\image_3.jpg,2001,1310,2099,1462
D:\SEM 7\CVProject\datasets\bottles_closeups\image_3.jpg,2222,920,2299,1113
D:\SEM 7\CVProject\datasets\bottles_closeups\image_3.jpg,1135,2549,1219,2726
D:\SEM 7\CVProject\datasets\bottles_closeups\image_3.jpg,2385,475,2495,610
D:\SEM 7\CVProject\datasets\bottles_closeups\image_3.jpg,932,784,1048,912
D:\SEM 7\CVProject\datasets\bottles_closeups\image_3.jpg,1496,2196,1624,2312
D:\SEM 7\CVProject\datasets\bottles_closeups\image_3.jpg,1818,2652,1923,2793
D:\SEM 7\CVProject\datasets\bottles_closeups\image_3.jpg,63,3066,139,3259
D:\SEM 7\CVProject\datasets\bottles_closeups\image_3.jpg,1301,3172,1404,3314
D:\SEM 7\CVProject\datasets\bottles_closeups\image_3.jpg,57,1836,174,1961
D:\SEM 7\CVProject\datasets\bottles_closeups\image_3.jpg,995,2799,1078,2975
D:\SEM 7\CVProject\datasets\bottles_closeups\image_3.jpg,749,2159,878,2272
D:\SEM 7\CVProject\datasets\bottles_closeups\image_3.jpg,1219,2924,1331,3054
D:\SEM 7\CVProject\datasets\bottles_closeups\image_3.jpg,1611,3052,1714,3193
D:\SEM 7\CVProject\datasets\bottles_closeups\image_3.jpg,447,1580,560,1708
D:\SEM 7\CVProject\datasets\bottles_closeups\image_3.jpg,258,2766,352,2919
D:\SEM 7\CVProject\datasets\bottles_closeups\image_3.jpg,161,3492,241,3671
D:\SEM 7\CVProject\datasets\bottles_closeups\image_3.jpg,1165,384,1272,518
D:\SEM 7\CVProject\datasets\bottles_closeups\image_3.jpg,583,2368,675,2523
D:\SEM 7\CVProject\datasets\bottles_closeups\image_3.jpg,2106,2097,2243,2201
D:\SEM 7\CVProject\datasets\bottles_closeups\image_3.jpg,305,2298,389,2467
D:\SEM 7\CVProject\datasets\bottles_closeups\image_3.jpg,2375,3728,2477,3867
D:\SEM 7\CVProject\datasets\bottles_closeups\image_3.jpg,1992,1432,2131,1534
D:\SEM 7\CVProject\datasets\bottles_closeups\image_3.jpg,1340,3415,1379,3773
D:\SEM 7\CVProject\datasets\bottles_closeups\image_3.jpg,752,823,850,967
D:\SEM 7\CVProject\datasets\bottles_closeups\image_3.jpg,2739,2698,2865,2810
D:\SEM 7\CVProject\datasets\bottles_closeups\image_3.jpg,2692,2006,2854,2093
D:\SEM 7\CVProject\datasets\bottles_closeups\image_3.jpg,196,632,261,848
D:\SEM 7\CVProject\datasets\bottles_closeups\image_3.jpg,1518,2142,1626,2272
D:\SEM 7\CVProject\datasets\bottles_closeups\image_3.jpg,1477,562,1559,733
D:\SEM 7\CVProject\datasets\bottles_closeups\image_3.jpg,560,3442,681,3558
D:\SEM 7\CVProject\datasets\bottles_closeups\image_3.jpg,1553,51,1660,182
D:\SEM 7\CVProject\datasets\bottles_closeups\image_3.jpg,739,3852,870,3959
D:\SEM 7\CVProject\datasets\bottles_closeups\image_3.jpg,394,2532,480,2694
D:\SEM 7\CVProject\datasets\bottles_closeups\image_3.jpg,2425,1004,2560,1107
D:\SEM 7\CVProject\datasets\bottles_closeups\image_3.jpg,1959,2876,2061,3012
D:\SEM 7\CVProject\datasets\bottles_closeups\image_3.jpg,2502,2102,2601,2242
D:\SEM 7\CVProject\datasets\bottles_closeups\image_3.jpg,2052,1969,2172,2084
D:\SEM 7\CVProject\datasets\bottles_closeups\image_3.jpg,1748,524,1863,644
D:\SEM 7\CVProject\datasets\bottles_closeups\image_3.jpg,2714,3248,2805,3398
D:\SEM 7\CVProject\datasets\bottles_closeups\image_3.jpg,2911,628,2999,783
D:\SEM 7\CVProject\datasets\bottles_closeups\image_3.jpg,1793,3468,1885,3616
D:\SEM 7\CVProject\datasets\bottles_closeups\image_3.jpg,2528,1951,2598,2145
D:\SEM 7\CVProject\datasets\bottles_closeups\image_3.jpg,1235,1546,1314,1718
D:\SEM 7\CVProject\datasets\bottles_closeups\image_3.jpg,2773,3375,2875,3508
D:\SEM 7\CVProject\datasets\bottles_closeups\image_3.jpg,812,1332,906,1476
D:\SEM 7\CVProject\datasets\bottles_closeups\image_3.jpg,2272,1440,2441,1520
D:\SEM 7\CVProject\datasets\bottles_closeups\image_3.jpg,2205,3390,2315,3513
D:\SEM 7\CVProject\datasets\bottles_closeups\image_3.jpg,480,1532,589,1656
D:\SEM 7\CVProject\datasets\bottles_closeups\image_3.jpg,1960,2761,2044,2921
D:\SEM 7\CVProject\datasets\bottles_closeups\image_3.jpg,2210,1183,2294,1343
D:\SEM 7\CVProject\datasets\bottles_closeups\image_3.jpg,424,0,545,111
D:\SEM 7\CVProject\datasets\bottles_closeups\image_3.jpg,2923,899,2999,1075
D:\SEM 7\CVProject\datasets\bottles_closeups\image_3.jpg,1136,3474,1266,3577
D:\SEM 7\CVProject\datasets\bottles_closeups\image_3.jpg,1195,1569,1281,1724
D:\SEM 7\CVProject\datasets\bottles_closeups\image_3.jpg,947,1257,1079,1358
D:\SEM 7\CVProject\datasets\bottles_closeups\image_3.jpg,977,395,1085,518
D:\SEM 7\CVProject\datasets\bottles_closeups\image_3.jpg,0,1695,84,1853
D:\SEM 7\CVProject\datasets\bottles_closeups\image_3.jpg,2468,1364,2582,1480
D:\SEM 7\CVProject\datasets\bottles_closeups\image_3.jpg,1316,3885,1431,3999
D:\SEM 7\CVProject\datasets\bottles_closeups\image_3.jpg,664,2752,775,2870
D:\SEM 7\CVProject\datasets\bottles_closeups\image_3.jpg,179,2597,285,2720
D:\SEM 7\CVProject\datasets\bottles_closeups\image_3.jpg,2632,679,2737,803
D:\SEM 7\CVProject\datasets\bottles_closeups\image_3.jpg,1975,2556,2037,2765
D:\SEM 7\CVProject\datasets\bottles_closeups\image_3.jpg,2094,693,2184,837
D:\SEM 7\CVProject\datasets\bottles_closeups\image_3.jpg,2846,2812,2899,3055
D:\SEM 7\CVProject\datasets\bottles_closeups\image_3.jpg,855,0,934,163
D:\SEM 7\CVProject\datasets\bottles_closeups\image_3.jpg,2830,164,2999,240
D:\SEM 7\CVProject\datasets\bottles_closeups\image_3.jpg,2216,2941,2318,3067
D:\SEM 7\CVProject\datasets\bottles_closeups\image_3.jpg,1271,2412,1356,2563
D:\SEM 7\CVProject\datasets\bottles_closeups\image_3.jpg,1146,1672,1249,1796
D:\SEM 7\CVProject\datasets\bottles_closeups\image_3.jpg,161,2140,217,2367
D:\SEM 7\CVProject\datasets\bottles_closeups\image_3.jpg,767,2527,879,2641
D:\SEM 7\CVProject\datasets\bottles_closeups\image_3.jpg,2543,2402,2677,2497
D:\SEM 7\CVProject\datasets\bottles_closeups\image_3.jpg,770,466,857,612
D:\SEM 7\CVProject\datasets\bottles_closeups\image_3.jpg,1779,3301,1839,3511
D:\SEM 7\CVProject\datasets\bottles_closeups\image_3.jpg,1242,1288,1325,1440
D:\SEM 7\CVProject\datasets\bottles_closeups\image_3.jpg,832,2741,922,2881
D:\SEM 7\CVProject\datasets\bottles_closeups\image_3.jpg,872,577,965,712
D:\SEM 7\CVProject\datasets\bottles_closeups\image_3.jpg,2443,3430,2490,3694
D:\SEM 7\CVProject\datasets\bottles_closeups\image_3.jpg,1845,488,1949,608
D:\SEM 7\CVProject\datasets\bottles_closeups\image_3.jpg,732,3090,846,3199
D:\SEM 7\CVProject\datasets\bottles_closeups\image_3.jpg,1746,941,1843,1069
D:\SEM 7\CVProject\datasets\bottles_closeups\image_3.jpg,980,1196,1085,1314
D:\SEM 7\CVProject\datasets\bottles_closeups\image_3.jpg,2939,3525,2999,3730
D:\SEM 7\CVProject\datasets\bottles_closeups\image_3.jpg,62,1988,197,2079
D:\SEM 7\CVProject\datasets\bottles_closeups\image_3.jpg,2915,1918,2999,2064
D:\SEM 7\CVProject\datasets\bottles_closeups\image_3.jpg,181,3332,299,3436
D:\SEM 7\CVProject\datasets\bottles_closeups\image_3.jpg,851,1987,981,2081
D:\SEM 7\CVProject\datasets\bottles_closeups\image_3.jpg,2872,2628,2999,2724
D:\SEM 7\CVProject\datasets\bottles_closeups\image_3.jpg,914,1533,1020,1648
D:\SEM 7\CVProject\datasets\bottles_closeups\image_3.jpg,2580,1198,2673,1329
D:\SEM 7\CVProject\datasets\bottles_closeups\image_3.jpg,2680,2516,2832,2596
D:\SEM 7\CVProject\datasets\bottles_closeups\image_3.jpg,2447,900,2545,1024
D:\SEM 7\CVProject\datasets\bottles_closeups\image_3.jpg,2887,303,2999,411
D:\SEM 7\CVProject\datasets\bottles_closeups\image_3.jpg,1079,3038,1184,3153
D:\SEM 7\CVProject\datasets\bottles_closeups\image_3.jpg,823,2410,941,2512
D:\SEM 7\CVProject\datasets\bottles_closeups\image_3.jpg,2025,2362,2102,2517
D:\SEM 7\CVProject\datasets\bottles_closeups\image_3.jpg,961,1419,1023,1611
D:\SEM 7\CVProject\datasets\bottles_closeups\image_3.jpg,1857,756,1929,921
D:\SEM 7\CVProject\datasets\bottles_closeups\image_3.jpg,1627,2683,1733,2795
D:\SEM 7\CVProject\datasets\bottles_closeups\image_3.jpg,0,2847,121,2945
D:\SEM 7\CVProject\datasets\bottles_closeups\image_3.jpg,2930,3828,2999,3999
D:\SEM 7\CVProject\datasets\bottles_closeups\image_3.jpg,824,3258,893,3429
D:\SEM 7\CVProject\datasets\bottles_closeups\image_3.jpg,2097,411,2173,566
D:\SEM 7\CVProject\datasets\bottles_closeups\image_30.jpg,0,0,4283,4557
D:\SEM 7\CVProject\datasets\bottles_closeups\image_30.jpg,0,2860,4283,5711
D:\SEM 7\CVProject\datasets\bottles_closeups\image_30.jpg,0,2730,1175,4587
D:\SEM 7\CVProject\datasets\bottles_closeups\image_30.jpg,716,4251,2510,5440
D:\SEM 7\CVProject\datasets\bottles_closeups\image_30.jpg,1068,2654,2688,3899
D:\SEM 7\CVProject\datasets\bottles_closeups\image_30.jpg,2583,0,3791,805
D:\SEM 7\CVProject\datasets\bottles_closeups\image_30.jpg,3070,3044,4283,3654
D:\SEM 7\CVProject\datasets\bottles_closeups\image_30.jpg,2610,985,3616,1688
D:\SEM 7\CVProject\datasets\bottles_closeups\image_30.jpg,1582,71,2553,761
D:\SEM 7\CVProject\datasets\bottles_closeups\image_30.jpg,1217,2904,1570,3751
D:\SEM 7\CVProject\datasets\bottles_closeups\image_30.jpg,1892,3112,2339,3532
D:\SEM 7\CVProject\datasets\bottles_closeups\image_30.jpg,3956,0,4283,439
D:\SEM 7\CVProject\datasets\bottles_closeups\image_30.jpg,1373,1956,1819,2220
D:\SEM 7\CVProject\datasets\bottles_closeups\image_30.jpg,2009,1913,2312,2243
D:\SEM 7\CVProject\datasets\bottles_closeups\image_30.jpg,3027,215,3324,529
D:\SEM 7\CVProject\datasets\bottles_closeups\image_30.jpg,1881,1547,2280,1759
D:\SEM 7\CVProject\datasets\bottles_closeups\image_30.jpg,2454,2989,2648,3413
D:\SEM 7\CVProject\datasets\bottles_closeups\image_30.jpg,1462,2967,1566,3745
D:\SEM 7\CVProject\datasets\bottles_closeups\image_30.jpg,3069,1076,3219,1465
D:\SEM 7\CVProject\datasets\bottles_closeups\image_30.jpg,2306,3156,2494,3465
D:\SEM 7\CVProject\datasets\bottles_closeups\image_30.jpg,1915,982,2176,1199
D:\SEM 7\CVProject\datasets\bottles_closeups\image_30.jpg,2330,1364,2631,1533
D:\SEM 7\CVProject\datasets\bottles_closeups\image_30.jpg,3260,1039,3451,1246
D:\SEM 7\CVProject\datasets\bottles_closeups\image_30.jpg,2488,2245,2685,2441
D:\SEM 7\CVProject\datasets\bottles_closeups\image_30.jpg,1639,1005,1908,1145
D:\SEM 7\CVProject\datasets\bottles_closeups\image_30.jpg,2471,2997,2562,3395
D:\SEM 7\CVProject\datasets\bottles_closeups\image_30.jpg,1021,3864,1141,4154
D:\SEM 7\CVProject\datasets\bottles_closeups\image_30.jpg,2168,896,2444,1014
D:\SEM 7\CVProject\datasets\bottles_closeups\image_30.jpg,2482,998,2603,1244
D:\SEM 7\CVProject\datasets\bottles_closeups\image_30.jpg,2693,1250,2906,1387
D:\SEM 7\CVProject\datasets\bottles_closeups\image_30.jpg,2218,3199,2322,3473
D:\SEM 7\CVProject\datasets\bottles_closeups\image_30.jpg,1568,1535,1706,1719
D:\SEM 7\CVProject\datasets\bottles_closeups\image_30.jpg,2539,3078,2631,3343
D:\SEM 7\CVProject\datasets\bottles_closeups\image_31.jpg,0,0,3575,4493
D:\SEM 7\CVProject\datasets\bottles_closeups\image_31.jpg,3024,0,4283,5711
D:\SEM 7\CVProject\datasets\bottles_closeups\image_31.jpg,2975,4477,3810,5711
D:\SEM 7\CVProject\datasets\bottles_closeups\image_31.jpg,1004,2799,1909,3560
D:\SEM 7\CVProject\datasets\bottles_closeups\image_31.jpg,406,3854,1090,4451
D:\SEM 7\CVProject\datasets\bottles_closeups\image_31.jpg,853,2123,1446,2746
D:\SEM 7\CVProject\datasets\bottles_closeups\image_31.jpg,1502,2688,1925,3532
D:\SEM 7\CVProject\datasets\bottles_closeups\image_31.jpg,1042,1116,1704,1611
D:\SEM 7\CVProject\datasets\bottles_closeups\image_31.jpg,0,3889,548,4465
D:\SEM 7\CVProject\datasets\bottles_closeups\image_31.jpg,3270,4327,3514,5235
D:\SEM 7\CVProject\datasets\bottles_closeups\image_31.jpg,909,2858,1181,3546
D:\SEM 7\CVProject\datasets\bottles_closeups\image_31.jpg,3531,5098,3817,5711
D:\SEM 7\CVProject\datasets\bottles_closeups\image_31.jpg,571,3202,896,3570
D:\SEM 7\CVProject\datasets\bottles_closeups\image_31.jpg,2084,4270,2539,4502
D:\SEM 7\CVProject\datasets\bottles_closeups\image_31.jpg,1623,2951,1821,3468
D:\SEM 7\CVProject\datasets\bottles_closeups\image_31.jpg,887,2848,1034,3523
D:\SEM 7\CVProject\datasets\bottles_closeups\image_31.jpg,2876,4223,3242,4479
D:\SEM 7\CVProject\datasets\bottles_closeups\image_31.jpg,1472,5461,1901,5679
D:\SEM 7\CVProject\datasets\bottles_closeups\image_31.jpg,2485,4821,2845,5065
D:\SEM 7\CVProject\datasets\bottles_closeups\image_31.jpg,934,3150,1178,3489
D:\SEM 7\CVProject\datasets\bottles_closeups\image_31.jpg,2732,4723,3085,4905
D:\SEM 7\CVProject\datasets\bottles_closeups\image_31.jpg,2331,3973,2713,4129
D:\SEM 7\CVProject\datasets\bottles_closeups\image_31.jpg,602,5515,974,5670
D:\SEM 7\CVProject\datasets\bottles_closeups\image_31.jpg,50,4449,355,4628
D:\SEM 7\CVProject\datasets\bottles_closeups\image_31.jpg,1759,4318,2088,4476
D:\SEM 7\CVProject\datasets\bottles_closeups\image_31.jpg,1264,5402,1590,5555
D:\SEM 7\CVProject\datasets\bottles_closeups\image_31.jpg,3271,0,3355,591
D:\SEM 7\CVProject\datasets\bottles_closeups\image_31.jpg,1522,5166,1804,5339
D:\SEM 7\CVProject\datasets\bottles_closeups\image_31.jpg,2365,4126,2664,4277
D:\SEM 7\CVProject\datasets\bottles_closeups\image_31.jpg,1854,5470,2122,5638
D:\SEM 7\CVProject\datasets\bottles_closeups\image_31.jpg,919,3831,1078,4106
D:\SEM 7\CVProject\datasets\bottles_closeups\image_31.jpg,354,5518,592,5694
D:\SEM 7\CVProject\datasets\bottles_closeups\image_31.jpg,2859,4979,3164,5111
D:\SEM 7\CVProject\datasets\bottles_closeups\image_31.jpg,1300,4769,1577,4886
D:\SEM 7\CVProject\datasets\bottles_closeups\image_31.jpg,966,5538,1215,5667
D:\SEM 7\CVProject\datasets\bottles_closeups\image_31.jpg,1092,3597,1352,3717
D:\SEM 7\CVProject\datasets\bottles_closeups\image_31.jpg,0,4256,219,4397
D:\SEM 7\CVProject\datasets\bottles_closeups\image_31.jpg,325,4467,551,4599
D:\SEM 7\CVProject\datasets\bottles_closeups\image_31.jpg,887,3438,970,3768
D:\SEM 7\CVProject\datasets\bottles_closeups\image_31.jpg,1766,2949,1822,3426
D:\SEM 7\CVProject\datasets\bottles_closeups\image_31.jpg,2687,4602,2892,4729
D:\SEM 7\CVProject\datasets\bottles_closeups\image_31.jpg,909,2867,1030,3080
D:\SEM 7\CVProject\datasets\bottles_closeups\image_31.jpg,2907,4443,3136,4552
D:\SEM 7\CVProject\datasets\bottles_closeups\image_31.jpg,328,4716,558,4822
D:\SEM 7\CVProject\datasets\bottles_closeups\image_32.jpg,0,979,1449,3809
D:\SEM 7\CVProject\datasets\bottles_closeups\image_32.jpg,0,2474,840,4031
D:\SEM 7\CVProject\datasets\bottles_closeups\image_32.jpg,965,1281,1995,2268
D:\SEM 7\CVProject\datasets\bottles_closeups\image_32.jpg,2010,1212,2546,2991
D:\SEM 7\CVProject\datasets\bottles_closeups\image_32.jpg,2078,3032,3023,4031
D:\SEM 7\CVProject\datasets\bottles_closeups\image_32.jpg,1292,2414,2037,3637
D:\SEM 7\CVProject\datasets\bottles_closeups\image_32.jpg,2059,0,3023,805
D:\SEM 7\CVProject\datasets\bottles_closeups\image_32.jpg,0,1051,711,2029
D:\SEM 7\CVProject\datasets\bottles_closeups\image_32.jpg,945,2254,1667,3047
D:\SEM 7\CVProject\datasets\bottles_closeups\image_32.jpg,413,2913,890,4031
D:\SEM 7\CVProject\datasets\bottles_closeups\image_32.jpg,972,619,1688,1315
D:\SEM 7\CVProject\datasets\bottles_closeups\image_32.jpg,1846,2272,2202,3281
D:\SEM 7\CVProject\datasets\bottles_closeups\image_32.jpg,2390,1935,3023,2428
D:\SEM 7\CVProject\datasets\bottles_closeups\image_32.jpg,0,2320,812,2661
D:\SEM 7\CVProject\datasets\bottles_closeups\image_32.jpg,1558,943,1968,1474
D:\SEM 7\CVProject\datasets\bottles_closeups\image_32.jpg,1663,0,2179,372
D:\SEM 7\CVProject\datasets\bottles_closeups\image_32.jpg,2507,2819,2737,3623
D:\SEM 7\CVProject\datasets\bottles_closeups\image_32.jpg,2303,1481,2729,1856
D:\SEM 7\CVProject\datasets\bottles_closeups\image_32.jpg,1631,3380,1861,3980
D:\SEM 7\CVProject\datasets\bottles_closeups\image_32.jpg,1497,1389,1682,2029
D:\SEM 7\CVProject\datasets\bottles_closeups\image_32.jpg,133,1146,547,1430
D:\SEM 7\CVProject\datasets\bottles_closeups\image_32.jpg,1378,102,1706,451
D:\SEM 7\CVProject\datasets\bottles_closeups\image_32.jpg,1550,541,1878,870
D:\SEM 7\CVProject\datasets\bottles_closeups\image_32.jpg,0,1586,341,1882
D:\SEM 7\CVProject\datasets\bottles_closeups\image_32.jpg,507,1133,778,1462
D:\SEM 7\CVProject\datasets\bottles_closeups\image_32.jpg,989,921,1165,1419
D:\SEM 7\CVProject\datasets\bottles_closeups\image_32.jpg,1050,3304,1316,3615
D:\SEM 7\CVProject\datasets\bottles_closeups\image_32.jpg,2294,1751,2689,1960
D:\SEM 7\CVProject\datasets\bottles_closeups\image_32.jpg,1639,3296,1876,3631
D:\SEM 7\CVProject\datasets\bottles_closeups\image_32.jpg,1166,2801,1505,3028
D:\SEM 7\CVProject\datasets\bottles_closeups\image_32.jpg,1123,567,1489,775
D:\SEM 7\CVProject\datasets\bottles_closeups\image_32.jpg,180,715,438,1005
D:\SEM 7\CVProject\datasets\bottles_closeups\image_32.jpg,647,0,874,293
D:\SEM 7\CVProject\datasets\bottles_closeups\image_32.jpg,424,1575,637,1879
D:\SEM 7\CVProject\datasets\bottles_closeups\image_32.jpg,2753,2868,2921,3239
D:\SEM 7\CVProject\datasets\bottles_closeups\image_32.jpg,288,3657,475,3988
D:\SEM 7\CVProject\datasets\bottles_closeups\image_32.jpg,0,1865,329,2028
D:\SEM 7\CVProject\datasets\bottles_closeups\image_32.jpg,2661,2433,2865,2672
D:\SEM 7\CVProject\datasets\bottles_closeups\image_32.jpg,1266,419,1529,600
D:\SEM 7\CVProject\datasets\bottles_closeups\image_32.jpg,2698,70,3023,216
D:\SEM 7\CVProject\datasets\bottles_closeups\image_32.jpg,388,104,564,373
D:\SEM 7\CVProject\datasets\bottles_closeups\image_32.jpg,2569,1466,2760,1699
D:\SEM 7\CVProject\datasets\bottles_closeups\image_32.jpg,2101,3248,2233,3550
D:\SEM 7\CVProject\datasets\bottles_closeups\image_32.jpg,1874,3532,2088,3718
D:\SEM 7\CVProject\datasets\bottles_closeups\image_32.jpg,2921,2534,3023,2919
D:\SEM 7\CVProject\datasets\bottles_closeups\image_32.jpg,0,368,265,515
D:\SEM 7\CVProject\datasets\bottles_closeups\image_32.jpg,1680,1599,1823,1852
D:\SEM 7\CVProject\datasets\bottles_closeups\image_32.jpg,2123,2678,2324,2858
D:\SEM 7\CVProject\datasets\bottles_closeups\image_32.jpg,2563,986,2789,1137
D:\SEM 7\CVProject\datasets\bottles_closeups\image_32.jpg,1248,67,1413,264
D:\SEM 7\CVProject\datasets\bottles_closeups\image_32.jpg,364,1421,535,1607
D:\SEM 7\CVProject\datasets\bottles_closeups\image_32.jpg,1123,2696,1196,3120
D:\SEM 7\CVProject\datasets\bottles_closeups\image_32.jpg,306,708,513,854
D:\SEM 7\CVProject\datasets\bottles_closeups\image_32.jpg,1276,3866,1446,4031
D:\SEM 7\CVProject\datasets\bottles_closeups\image_32.jpg,1012,2278,1115,2545
D:\SEM 7\CVProject\datasets\bottles_closeups\image_32.jpg,2042,3550,2236,3688
D:\SEM 7\CVProject\datasets\bottles_closeups\image_32.jpg,1168,2676,1321,2849
D:\SEM 7\CVProject\datasets\bottles_closeups\image_32.jpg,1056,1482,1115,1920
D:\SEM 7\CVProject\datasets\bottles_closeups\image_32.jpg,1334,2507,1515,2645
D:\SEM 7\CVProject\datasets\bottles_closeups\image_32.jpg,1776,3723,1856,4031
D:\SEM 7\CVProject\datasets\bottles_closeups\image_32.jpg,2218,2868,2378,3020
D:\SEM 7\CVProject\datasets\bottles_closeups\image_32.jpg,1458,3445,1632,3583
D:\SEM 7\CVProject\datasets\bottles_closeups\image_32.jpg,2575,806,2755,939
D:\SEM 7\CVProject\datasets\bottles_closeups\image_32.jpg,892,1235,964,1562
D:\SEM 7\CVProject\datasets\bottles_closeups\image_32.jpg,1736,3268,1847,3479
D:\SEM 7\CVProject\datasets\bottles_closeups\image_32.jpg,1111,1589,1239,1770
D:\SEM 7\CVProject\datasets\bottles_closeups\image_32.jpg,250,2840,361,3048
D:\SEM 7\CVProject\datasets\bottles_closeups\image_32.jpg,986,1627,1055,1959
D:\SEM 7\CVProject\datasets\bottles_closeups\image_32.jpg,1717,972,1866,1123
D:\SEM 7\CVProject\datasets\bottles_closeups\image_32.jpg,2871,2379,2956,2641
D:\SEM 7\CVProject\datasets\bottles_closeups\image_32.jpg,986,3031,1118,3196
D:\SEM 7\CVProject\datasets\bottles_closeups\image_32.jpg,1852,1979,1983,2142
D:\SEM 7\CVProject\datasets\bottles_closeups\image_32.jpg,490,1967,703,2066
D:\SEM 7\CVProject\datasets\bottles_closeups\image_32.jpg,1625,3381,1711,3625
D:\SEM 7\CVProject\datasets\bottles_closeups\image_32.jpg,1874,2174,1996,2346
D:\SEM 7\CVProject\datasets\bottles_closeups\image_32.jpg,1810,1618,1903,1840
D:\SEM 7\CVProject\datasets\bottles_closeups\image_32.jpg,1898,912,2089,1020
D:\SEM 7\CVProject\datasets\bottles_closeups\image_32.jpg,1735,759,1885,895
D:\SEM 7\CVProject\datasets\bottles_closeups\image_32.jpg,1256,3512,1385,3670
D:\SEM 7\CVProject\datasets\bottles_closeups\image_32.jpg,2727,1303,2839,1480
D:\SEM 7\CVProject\datasets\bottles_closeups\image_32.jpg,1921,3342,1987,3641
D:\SEM 7\CVProject\datasets\bottles_closeups\image_32.jpg,1253,1538,1356,1721
D:\SEM 7\CVProject\datasets\bottles_closeups\image_32.jpg,1057,478,1202,608
D:\SEM 7\CVProject\datasets\bottles_closeups\image_32.jpg,0,1248,127,1396
D:\SEM 7\CVProject\datasets\bottles_closeups\image_32.jpg,1140,2967,1188,3351
D:\SEM 7\CVProject\datasets\bottles_closeups\image_32.jpg,0,3148,168,3257
D:\SEM 7\CVProject\datasets\bottles_closeups\image_32.jpg,1755,1644,1842,1847
D:\SEM 7\CVProject\datasets\bottles_closeups\image_32.jpg,115,3859,235,4004
D:\SEM 7\CVProject\datasets\bottles_closeups\image_32.jpg,2829,1619,2949,1763
D:\SEM 7\CVProject\datasets\bottles_closeups\image_32.jpg,1738,2152,1886,2266
D:\SEM 7\CVProject\datasets\bottles_closeups\image_32.jpg,451,1562,593,1680
D:\SEM 7\CVProject\datasets\bottles_closeups\image_32.jpg,1502,3325,1602,3492
D:\SEM 7\CVProject\datasets\bottles_closeups\image_32.jpg,1116,1102,1224,1254
D:\SEM 7\CVProject\datasets\bottles_closeups\image_32.jpg,1186,3045,1323,3161
D:\SEM 7\CVProject\datasets\bottles_closeups\image_32.jpg,563,1305,648,1489
D:\SEM 7\CVProject\datasets\bottles_closeups\image_32.jpg,1056,1156,1137,1349
D:\SEM 7\CVProject\datasets\bottles_closeups\image_32.jpg,952,29,1089,143
D:\SEM 7\CVProject\datasets\bottles_closeups\image_32.jpg,1204,2519,1379,2608
D:\SEM 7\CVProject\datasets\bottles_closeups\image_32.jpg,941,389,1091,491
D:\SEM 7\CVProject\datasets\bottles_closeups\image_32.jpg,1574,925,1707,1039
D:\SEM 7\CVProject\datasets\bottles_closeups\image_32.jpg,957,905,1054,1058
D:\SEM 7\CVProject\datasets\bottles_closeups\image_32.jpg,746,19,880,126
D:\SEM 7\CVProject\datasets\bottles_closeups\image_32.jpg,1127,1868,1237,1998
D:\SEM 7\CVProject\datasets\bottles_closeups\image_32.jpg,1055,3288,1163,3419
D:\SEM 7\CVProject\datasets\bottles_closeups\image_32.jpg,1755,1585,1855,1725
D:\SEM 7\CVProject\datasets\bottles_closeups\image_32.jpg,1593,367,1679,528
D:\SEM 7\CVProject\datasets\bottles_closeups\image_32.jpg,1342,3484,1403,3699
D:\SEM 7\CVProject\datasets\bottles_closeups\image_32.jpg,1477,2494,1593,2606
D:\SEM 7\CVProject\datasets\bottles_closeups\image_32.jpg,1347,87,1449,213
D:\SEM 7\CVProject\datasets\bottles_closeups\image_32.jpg,2196,826,2292,958
D:\SEM 7\CVProject\datasets\bottles_closeups\image_32.jpg,1448,3775,1528,3931
D:\SEM 7\CVProject\datasets\bottles_closeups\image_32.jpg,1830,1249,1925,1377
D:\SEM 7\CVProject\datasets\bottles_closeups\image_33.jpg,0,405,2318,4031
D:\SEM 7\CVProject\datasets\bottles_closeups\image_33.jpg,857,1425,1784,2468
D:\SEM 7\CVProject\datasets\bottles_closeups\image_33.jpg,729,2442,1498,3440
D:\SEM 7\CVProject\datasets\bottles_closeups\image_33.jpg,977,3175,1538,3785
D:\SEM 7\CVProject\datasets\bottles_closeups\image_33.jpg,1574,2456,1836,3552
D:\SEM 7\CVProject\datasets\bottles_closeups\image_33.jpg,1435,741,1761,1570
D:\SEM 7\CVProject\datasets\bottles_closeups\image_33.jpg,760,805,1121,1533
D:\SEM 7\CVProject\datasets\bottles_closeups\image_33.jpg,1844,1153,2125,1626
D:\SEM 7\CVProject\datasets\bottles_closeups\image_33.jpg,771,728,1027,1170
D:\SEM 7\CVProject\datasets\bottles_closeups\image_33.jpg,1844,3271,2156,3602
D:\SEM 7\CVProject\datasets\bottles_closeups\image_33.jpg,1075,359,1462,599
D:\SEM 7\CVProject\datasets\bottles_closeups\image_33.jpg,0,1599,320,1878
D:\SEM 7\CVProject\datasets\bottles_closeups\image_33.jpg,88,1158,369,1473
D:\SEM 7\CVProject\datasets\bottles_closeups\image_33.jpg,1195,1726,1496,2013
D:\SEM 7\CVProject\datasets\bottles_closeups\image_33.jpg,785,1082,989,1499
D:\SEM 7\CVProject\datasets\bottles_closeups\image_33.jpg,1146,787,1445,1066
D:\SEM 7\CVProject\datasets\bottles_closeups\image_33.jpg,256,1713,507,2025
D:\SEM 7\CVProject\datasets\bottles_closeups\image_33.jpg,726,3058,905,3482
D:\SEM 7\CVProject\datasets\bottles_closeups\image_33.jpg,1859,2696,2106,2970
D:\SEM 7\CVProject\datasets\bottles_closeups\image_33.jpg,1394,3095,1673,3325
D:\SEM 7\CVProject\datasets\bottles_closeups\image_33.jpg,1733,825,1908,1170
D:\SEM 7\CVProject\datasets\bottles_closeups\image_33.jpg,2225,3399,2497,3614
D:\SEM 7\CVProject\datasets\bottles_closeups\image_33.jpg,843,2472,993,2846
D:\SEM 7\CVProject\datasets\bottles_closeups\image_33.jpg,728,2729,959,2971
D:\SEM 7\CVProject\datasets\bottles_closeups\image_33.jpg,1747,1388,1888,1751
D:\SEM 7\CVProject\datasets\bottles_closeups\image_33.jpg,818,1574,930,1987
D:\SEM 7\CVProject\datasets\bottles_closeups\image_33.jpg,752,3618,965,3835
D:\SEM 7\CVProject\datasets\bottles_closeups\image_33.jpg,0,787,222,984
D:\SEM 7\CVProject\datasets\bottles_closeups\image_33.jpg,1443,27,1631,234
D:\SEM 7\CVProject\datasets\bottles_closeups\image_33.jpg,2676,572,2829,823
D:\SEM 7\CVProject\datasets\bottles_closeups\image_33.jpg,1653,1756,1771,2068
D:\SEM 7\CVProject\datasets\bottles_closeups\image_33.jpg,1808,428,1977,644
D:\SEM 7\CVProject\datasets\bottles_closeups\image_33.jpg,1362,3485,1557,3664
D:\SEM 7\CVProject\datasets\bottles_closeups\image_33.jpg,2240,2858,2358,3150
D:\SEM 7\CVProject\datasets\bottles_closeups\image_33.jpg,2019,3589,2163,3823
D:\SEM 7\CVProject\datasets\bottles_closeups\image_33.jpg,1342,3022,1495,3231
D:\SEM 7\CVProject\datasets\bottles_closeups\image_33.jpg,265,243,443,419
D:\SEM 7\CVProject\datasets\bottles_closeups\image_33.jpg,1350,3320,1511,3512
D:\SEM 7\CVProject\datasets\bottles_closeups\image_33.jpg,2875,738,3017,940
D:\SEM 7\CVProject\datasets\bottles_closeups\image_33.jpg,1068,558,1326,669
D:\SEM 7\CVProject\datasets\bottles_closeups\image_33.jpg,1233,209,1382,401
D:\SEM 7\CVProject\datasets\bottles_closeups\image_33.jpg,2762,2500,3001,2619
D:\SEM 7\CVProject\datasets\bottles_closeups\image_33.jpg,754,3148,970,3278
D:\SEM 7\CVProject\datasets\bottles_closeups\image_33.jpg,1597,1633,1659,2078
D:\SEM 7\CVProject\datasets\bottles_closeups\image_33.jpg,734,2524,853,2757
D:\SEM 7\CVProject\datasets\bottles_closeups\image_33.jpg,2582,2145,2707,2366
D:\SEM 7\CVProject\datasets\bottles_closeups\image_33.jpg,1046,3433,1117,3820
D:\SEM 7\CVProject\datasets\bottles_closeups\image_33.jpg,770,2596,932,2756
D:\SEM 7\CVProject\datasets\bottles_closeups\image_33.jpg,991,2834,1156,2986
D:\SEM 7\CVProject\datasets\bottles_closeups\image_33.jpg,2600,690,2730,880
D:\SEM 7\CVProject\datasets\bottles_closeups\image_33.jpg,735,2826,879,2997
D:\SEM 7\CVProject\datasets\bottles_closeups\image_33.jpg,1027,531,1192,680
D:\SEM 7\CVProject\datasets\bottles_closeups\image_33.jpg,2036,1503,2200,1652
D:\SEM 7\CVProject\datasets\bottles_closeups\image_33.jpg,0,122,140,296
D:\SEM 7\CVProject\datasets\bottles_closeups\image_33.jpg,1488,1798,1611,1995
D:\SEM 7\CVProject\datasets\bottles_closeups\image_33.jpg,2439,612,2557,810
D:\SEM 7\CVProject\datasets\bottles_closeups\image_33.jpg,1360,1115,1572,1225
D:\SEM 7\CVProject\datasets\bottles_closeups\image_33.jpg,758,1365,872,1567
D:\SEM 7\CVProject\datasets\bottles_closeups\image_33.jpg,802,0,898,235
D:\SEM 7\CVProject\datasets\bottles_closeups\image_33.jpg,1129,714,1343,818
D:\SEM 7\CVProject\datasets\bottles_closeups\image_33.jpg,1560,2072,1731,2201
D:\SEM 7\CVProject\datasets\bottles_closeups\image_33.jpg,2279,842,2374,1073
D:\SEM 7\CVProject\datasets\bottles_closeups\image_33.jpg,1881,2505,2023,2659
D:\SEM 7\CVProject\datasets\bottles_closeups\image_33.jpg,2228,3150,2372,3301
D:\SEM 7\CVProject\datasets\bottles_closeups\image_33.jpg,1996,3163,2101,3366
D:\SEM 7\CVProject\datasets\bottles_closeups\image_33.jpg,2420,1206,2569,1348
D:\SEM 7\CVProject\datasets\bottles_closeups\image_33.jpg,1592,3539,1708,3718
D:\SEM 7\CVProject\datasets\bottles_closeups\image_33.jpg,399,2546,565,2671
D:\SEM 7\CVProject\datasets\bottles_closeups\image_33.jpg,696,532,861,656
D:\SEM 7\CVProject\datasets\bottles_closeups\image_33.jpg,963,3442,1025,3761
D:\SEM 7\CVProject\datasets\bottles_closeups\image_33.jpg,2187,2393,2285,2595
D:\SEM 7\CVProject\datasets\bottles_closeups\image_33.jpg,1,519,116,691
D:\SEM 7\CVProject\datasets\bottles_closeups\image_33.jpg,2493,2080,2582,2300
D:\SEM 7\CVProject\datasets\bottles_closeups\image_33.jpg,147,564,253,747
D:\SEM 7\CVProject\datasets\bottles_closeups\image_33.jpg,272,2340,367,2544
D:\SEM 7\CVProject\datasets\bottles_closeups\image_33.jpg,224,565,329,749
D:\SEM 7\CVProject\datasets\bottles_closeups\image_33.jpg,1448,2028,1562,2195
D:\SEM 7\CVProject\datasets\bottles_closeups\image_33.jpg,1152,3100,1303,3223
D:\SEM 7\CVProject\datasets\bottles_closeups\image_33.jpg,2191,3303,2296,3479
D:\SEM 7\CVProject\datasets\bottles_closeups\image_33.jpg,2617,3654,2731,3816
D:\SEM 7\CVProject\datasets\bottles_closeups\image_33.jpg,2232,3764,2368,3897
D:\SEM 7\CVProject\datasets\bottles_closeups\image_33.jpg,141,2259,283,2384
D:\SEM 7\CVProject\datasets\bottles_closeups\image_33.jpg,1268,1828,1367,2007
D:\SEM 7\CVProject\datasets\bottles_closeups\image_33.jpg,1837,2885,1973,3015
D:\SEM 7\CVProject\datasets\bottles_closeups\image_33.jpg,986,2572,1094,2735
D:\SEM 7\CVProject\datasets\bottles_closeups\image_33.jpg,1048,1254,1143,1433
D:\SEM 7\CVProject\datasets\bottles_closeups\image_33.jpg,514,18,667,129
D:\SEM 7\CVProject\datasets\bottles_closeups\image_33.jpg,1784,2254,1919,2378
D:\SEM 7\CVProject\datasets\bottles_closeups\image_33.jpg,1172,1051,1303,1178
D:\SEM 7\CVProject\datasets\bottles_closeups\image_33.jpg,282,2007,435,2114
D:\SEM 7\CVProject\datasets\bottles_closeups\image_33.jpg,900,1574,942,1959
D:\SEM 7\CVProject\datasets\bottles_closeups\image_33.jpg,883,948,986,1105
D:\SEM 7\CVProject\datasets\bottles_closeups\image_33.jpg,1353,2821,1483,2945
D:\SEM 7\CVProject\datasets\bottles_closeups\image_33.jpg,2387,768,2519,889
D:\SEM 7\CVProject\datasets\bottles_closeups\image_33.jpg,774,1005,850,1214
D:\SEM 7\CVProject\datasets\bottles_closeups\image_33.jpg,984,3089,1131,3197
D:\SEM 7\CVProject\datasets\bottles_closeups\image_33.jpg,9,18,160,123
D:\SEM 7\CVProject\datasets\bottles_closeups\image_33.jpg,1268,3140,1394,3265
D:\SEM 7\CVProject\datasets\bottles_closeups\image_33.jpg,1435,722,1543,867
D:\SEM 7\CVProject\datasets\bottles_closeups\image_33.jpg,2009,2070,2094,2254
D:\SEM 7\CVProject\datasets\bottles_closeups\image_33.jpg,1635,566,1735,721
D:\SEM 7\CVProject\datasets\bottles_closeups\image_33.jpg,2626,425,2739,562
D:\SEM 7\CVProject\datasets\bottles_closeups\image_33.jpg,792,3361,958,3454
D:\SEM 7\CVProject\datasets\bottles_closeups\image_33.jpg,1,1342,96,1504
D:\SEM 7\CVProject\datasets\bottles_closeups\image_33.jpg,1917,860,2047,977
D:\SEM 7\CVProject\datasets\bottles_closeups\image_33.jpg,796,165,903,305
D:\SEM 7\CVProject\datasets\bottles_closeups\image_33.jpg,108,1562,228,1686
D:\SEM 7\CVProject\datasets\bottles_closeups\image_33.jpg,1206,218,1303,371
D:\SEM 7\CVProject\datasets\bottles_closeups\image_33.jpg,728,2682,783,2950
D:\SEM 7\CVProject\datasets\bottles_closeups\image_33.jpg,149,2510,322,2595
D:\SEM 7\CVProject\datasets\bottles_closeups\image_33.jpg,994,185,1112,309
D:\SEM 7\CVProject\datasets\bottles_closeups\image_33.jpg,1197,639,1363,727
D:\SEM 7\CVProject\datasets\bottles_closeups\image_33.jpg,1409,2695,1522,2824
D:\SEM 7\CVProject\datasets\bottles_closeups\image_33.jpg,2058,2561,2157,2708
D:\SEM 7\CVProject\datasets\bottles_closeups\image_33.jpg,2041,2234,2145,2372
D:\SEM 7\CVProject\datasets\bottles_closeups\image_33.jpg,414,563,523,694
D:\SEM 7\CVProject\datasets\bottles_closeups\image_33.jpg,1003,98,1087,266
D:\SEM 7\CVProject\datasets\bottles_closeups\image_33.jpg,1828,1962,1933,2092
D:\SEM 7\CVProject\datasets\bottles_closeups\image_33.jpg,1125,2547,1221,2689
D:\SEM 7\CVProject\datasets\bottles_closeups\image_33.jpg,781,3666,859,3839
D:\SEM 7\CVProject\datasets\bottles_closeups\image_33.jpg,2462,3058,2549,3213
D:\SEM 7\CVProject\datasets\bottles_closeups\image_33.jpg,1703,3650,1821,3763
D:\SEM 7\CVProject\datasets\bottles_closeups\image_33.jpg,1,1851,89,2002
D:\SEM 7\CVProject\datasets\bottles_closeups\image_33.jpg,1324,1331,1462,1427
D:\SEM 7\CVProject\datasets\bottles_closeups\image_33.jpg,1417,2518,1553,2615
D:\SEM 7\CVProject\datasets\bottles_closeups\image_33.jpg,1184,2934,1308,3039
D:\SEM 7\CVProject\datasets\bottles_closeups\image_33.jpg,1655,1819,1730,1990
D:\SEM 7\CVProject\datasets\bottles_closeups\image_33.jpg,1274,1727,1363,1871
D:\SEM 7\CVProject\datasets\bottles_closeups\image_33.jpg,831,1090,955,1193
D:\SEM 7\CVProject\datasets\bottles_closeups\image_33.jpg,2019,3039,2112,3176
D:\SEM 7\CVProject\datasets\bottles_closeups\image_33.jpg,2539,3445,2626,3590
D:\SEM 7\CVProject\datasets\bottles_closeups\image_33.jpg,2037,560,2112,728
D:\SEM 7\CVProject\datasets\bottles_closeups\image_33.jpg,51,1370,156,1490
D:\SEM 7\CVProject\datasets\bottles_closeups\image_33.jpg,1350,2585,1478,2683
D:\SEM 7\CVProject\datasets\bottles_closeups\image_33.jpg,1898,1654,1990,1790
D:\SEM 7\CVProject\datasets\bottles_closeups\image_33.jpg,336,1222,421,1367
D:\SEM 7\CVProject\datasets\bottles_closeups\image_33.jpg,2031,2488,2140,2601
D:\SEM 7\CVProject\datasets\bottles_closeups\image_33.jpg,1,2168,80,2323
D:\SEM 7\CVProject\datasets\bottles_closeups\image_33.jpg,970,3557,1017,3816
D:\SEM 7\CVProject\datasets\bottles_closeups\image_33.jpg,135,2899,262,2995
D:\SEM 7\CVProject\datasets\bottles_closeups\image_33.jpg,370,852,477,965
D:\SEM 7\CVProject\datasets\bottles_closeups\image_33.jpg,1826,2615,1934,2726
D:\SEM 7\CVProject\datasets\bottles_closeups\image_34.jpg,0,2345,2554,4031
D:\SEM 7\CVProject\datasets\bottles_closeups\image_34.jpg,1470,2884,2736,4025
D:\SEM 7\CVProject\datasets\bottles_closeups\image_34.jpg,974,276,2293,1177
D:\SEM 7\CVProject\datasets\bottles_closeups\image_34.jpg,0,992,808,2360
D:\SEM 7\CVProject\datasets\bottles_closeups\image_34.jpg,0,2650,1334,3339
D:\SEM 7\CVProject\datasets\bottles_closeups\image_34.jpg,1028,2374,2227,2962
D:\SEM 7\CVProject\datasets\bottles_closeups\image_34.jpg,1184,1490,2216,2120
D:\SEM 7\CVProject\datasets\bottles_closeups\image_34.jpg,327,2695,1165,3162
D:\SEM 7\CVProject\datasets\bottles_closeups\image_34.jpg,972,482,1598,1070
D:\SEM 7\CVProject\datasets\bottles_closeups\image_34.jpg,1860,79,2512,560
D:\SEM 7\CVProject\datasets\bottles_closeups\image_34.jpg,2502,1374,2816,2183
D:\SEM 7\CVProject\datasets\bottles_closeups\image_34.jpg,0,1173,558,1518
D:\SEM 7\CVProject\datasets\bottles_closeups\image_34.jpg,0,1393,409,1794
D:\SEM 7\CVProject\datasets\bottles_closeups\image_34.jpg,1987,1610,2418,1962
D:\SEM 7\CVProject\datasets\bottles_closeups\image_34.jpg,2618,2833,3023,3202
D:\SEM 7\CVProject\datasets\bottles_closeups\image_34.jpg,2691,1061,3023,1441
D:\SEM 7\CVProject\datasets\bottles_closeups\image_34.jpg,566,123,1050,333
D:\SEM 7\CVProject\datasets\bottles_closeups\image_34.jpg,1005,2599,1282,2950
D:\SEM 7\CVProject\datasets\bottles_closeups\image_34.jpg,824,1524,1004,2042
D:\SEM 7\CVProject\datasets\bottles_closeups\image_34.jpg,2005,823,2350,1085
D:\SEM 7\CVProject\datasets\bottles_closeups\image_34.jpg,236,1865,520,2161
D:\SEM 7\CVProject\datasets\bottles_closeups\image_34.jpg,840,0,1273,189
D:\SEM 7\CVProject\datasets\bottles_closeups\image_34.jpg,1599,2037,1948,2268
D:\SEM 7\CVProject\datasets\bottles_closeups\image_34.jpg,1604,470,2016,659
D:\SEM 7\CVProject\datasets\bottles_closeups\image_34.jpg,2252,1860,2474,2201
D:\SEM 7\CVProject\datasets\bottles_closeups\image_34.jpg,927,1931,1182,2217
D:\SEM 7\CVProject\datasets\bottles_closeups\image_34.jpg,2682,902,3015,1116
D:\SEM 7\CVProject\datasets\bottles_closeups\image_34.jpg,1272,2041,1560,2268
D:\SEM 7\CVProject\datasets\bottles_closeups\image_34.jpg,2640,284,3023,454
D:\SEM 7\CVProject\datasets\bottles_closeups\image_34.jpg,113,1653,368,1850
D:\SEM 7\CVProject\datasets\bottles_closeups\image_34.jpg,1170,1802,1399,1983
D:\SEM 7\CVProject\datasets\bottles_closeups\image_34.jpg,1012,663,1124,1018
D:\SEM 7\CVProject\datasets\bottles_closeups\image_34.jpg,2843,3286,3023,3494
D:\SEM 7\CVProject\datasets\bottles_closeups\image_34.jpg,1180,561,1318,828
D:\SEM 7\CVProject\datasets\bottles_closeups\image_34.jpg,0,858,241,1005
D:\SEM 7\CVProject\datasets\bottles_closeups\image_34.jpg,1968,556,2158,731
D:\SEM 7\CVProject\datasets\bottles_closeups\image_34.jpg,1307,487,1411,803
D:\SEM 7\CVProject\datasets\bottles_closeups\image_34.jpg,2288,2126,2489,2288
D:\SEM 7\CVProject\datasets\bottles_closeups\image_34.jpg,2445,1273,2571,1528
D:\SEM 7\CVProject\datasets\bottles_closeups\image_34.jpg,1402,448,1561,642
D:\SEM 7\CVProject\datasets\bottles_closeups\image_34.jpg,2364,2366,2616,2488
D:\SEM 7\CVProject\datasets\bottles_closeups\image_34.jpg,385,357,574,519
D:\SEM 7\CVProject\datasets\bottles_closeups\image_34.jpg,387,2990,562,3161
D:\SEM 7\CVProject\datasets\bottles_closeups\image_34.jpg,2400,1053,2559,1238
D:\SEM 7\CVProject\datasets\bottles_closeups\image_34.jpg,1841,167,2001,350
D:\SEM 7\CVProject\datasets\bottles_closeups\image_34.jpg,1300,1907,1518,2037
D:\SEM 7\CVProject\datasets\bottles_closeups\image_34.jpg,2541,3866,2711,4031
D:\SEM 7\CVProject\datasets\bottles_closeups\image_34.jpg,0,345,164,514
D:\SEM 7\CVProject\datasets\bottles_closeups\image_34.jpg,2496,2670,2624,2881
D:\SEM 7\CVProject\datasets\bottles_closeups\image_34.jpg,2286,1099,2435,1279
D:\SEM 7\CVProject\datasets\bottles_closeups\image_34.jpg,247,1796,445,1930
D:\SEM 7\CVProject\datasets\bottles_closeups\image_34.jpg,192,1119,434,1227
D:\SEM 7\CVProject\datasets\bottles_closeups\image_34.jpg,2647,3263,2900,3366
D:\SEM 7\CVProject\datasets\bottles_closeups\image_34.jpg,1168,468,1308,650
D:\SEM 7\CVProject\datasets\bottles_closeups\image_34.jpg,2728,3459,2891,3615
D:\SEM 7\CVProject\datasets\bottles_closeups\image_34.jpg,2749,1771,2878,1966
D:\SEM 7\CVProject\datasets\bottles_closeups\image_34.jpg,1063,1997,1178,2208
D:\SEM 7\CVProject\datasets\bottles_closeups\image_34.jpg,617,792,791,913
D:\SEM 7\CVProject\datasets\bottles_closeups\image_34.jpg,2753,3552,2913,3682
D:\SEM 7\CVProject\datasets\bottles_closeups\image_34.jpg,1606,441,1706,612
D:\SEM 7\CVProject\datasets\bottles_closeups\image_34.jpg,2795,659,2962,761
D:\SEM 7\CVProject\datasets\bottles_closeups\image_34.jpg,1115,655,1246,783
D:\SEM 7\CVProject\datasets\bottles_closeups\image_34.jpg,658,1353,838,1446
D:\SEM 7\CVProject\datasets\bottles_closeups\image_34.jpg,2871,3666,3023,3776
D:\SEM 7\CVProject\datasets\bottles_closeups\image_34.jpg,1485,377,1655,471
D:\SEM 7\CVProject\datasets\bottles_closeups\image_34.jpg,1165,275,1299,393
D:\SEM 7\CVProject\datasets\bottles_closeups\image_34.jpg,1056,492,1150,653
D:\SEM 7\CVProject\datasets\bottles_closeups\image_34.jpg,1013,1900,1130,2028
D:\SEM 7\CVProject\datasets\bottles_closeups\image_34.jpg,1316,424,1473,515
D:\SEM 7\CVProject\datasets\bottles_closeups\image_34.jpg,1330,543,1403,736
D:\SEM 7\CVProject\datasets\bottles_closeups\image_34.jpg,2431,1389,2504,1577
D:\SEM 7\CVProject\datasets\bottles_closeups\image_34.jpg,1792,481,1918,590
D:\SEM 7\CVProject\datasets\bottles_closeups\image_34.jpg,2015,878,2144,983
D:\SEM 7\CVProject\datasets\bottles_closeups\image_34.jpg,1037,403,1146,526
D:\SEM 7\CVProject\datasets\bottles_closeups\image_34.jpg,2677,3880,2765,4031
D:\SEM 7\CVProject\datasets\bottles_closeups\image_34.jpg,1474,466,1611,563
D:\SEM 7\CVProject\datasets\bottles_closeups\image_34.jpg,1094,201,1205,320
D:\SEM 7\CVProject\datasets\bottles_closeups\image_34.jpg,414,1564,529,1677
D:\SEM 7\CVProject\datasets\bottles_closeups\image_34.jpg,1100,130,1205,247
D:\SEM 7\CVProject\datasets\bottles_closeups\image_34.jpg,2076,3328,2178,3446
D:\SEM 7\CVProject\datasets\bottles_closeups\image_35.jpg,502,1014,2867,4031
D:\SEM 7\CVProject\datasets\bottles_closeups\image_35.jpg,0,2417,1788,4031
D:\SEM 7\CVProject\datasets\bottles_closeups\image_35.jpg,480,1612,1228,3539
D:\SEM 7\CVProject\datasets\bottles_closeups\image_35.jpg,946,341,2215,1354
D:\SEM 7\CVProject\datasets\bottles_closeups\image_35.jpg,1000,1676,2155,2416
D:\SEM 7\CVProject\datasets\bottles_closeups\image_35.jpg,0,1110,833,1879
D:\SEM 7\CVProject\datasets\bottles_closeups\image_35.jpg,2328,1685,2907,2648
D:\SEM 7\CVProject\datasets\bottles_closeups\image_35.jpg,1490,3250,2378,3854
D:\SEM 7\CVProject\datasets\bottles_closeups\image_35.jpg,0,1912,797,2444
D:\SEM 7\CVProject\datasets\bottles_closeups\image_35.jpg,2065,294,2830,791
D:\SEM 7\CVProject\datasets\bottles_closeups\image_35.jpg,2490,701,3023,1293
D:\SEM 7\CVProject\datasets\bottles_closeups\image_35.jpg,0,2352,642,2829
D:\SEM 7\CVProject\datasets\bottles_closeups\image_35.jpg,1552,2651,2110,3183
D:\SEM 7\CVProject\datasets\bottles_closeups\image_35.jpg,1065,3050,1651,3470
D:\SEM 7\CVProject\datasets\bottles_closeups\image_35.jpg,176,2932,557,3515
D:\SEM 7\CVProject\datasets\bottles_closeups\image_35.jpg,1000,2388,1529,2714
D:\SEM 7\CVProject\datasets\bottles_closeups\image_35.jpg,2055,2213,2445,2588
D:\SEM 7\CVProject\datasets\bottles_closeups\image_35.jpg,2022,0,2612,243
D:\SEM 7\CVProject\datasets\bottles_closeups\image_35.jpg,1592,1982,2110,2237
D:\SEM 7\CVProject\datasets\bottles_closeups\image_35.jpg,2013,208,2311,649
D:\SEM 7\CVProject\datasets\bottles_closeups\image_35.jpg,203,1164,653,1433
D:\SEM 7\CVProject\datasets\bottles_closeups\image_35.jpg,1587,569,2056,777
D:\SEM 7\CVProject\datasets\bottles_closeups\image_35.jpg,186,413,497,706
D:\SEM 7\CVProject\datasets\bottles_closeups\image_35.jpg,0,1511,358,1763
D:\SEM 7\CVProject\datasets\bottles_closeups\image_35.jpg,0,2611,185,3084
D:\SEM 7\CVProject\datasets\bottles_closeups\image_35.jpg,2004,1947,2300,2241
D:\SEM 7\CVProject\datasets\bottles_closeups\image_35.jpg,1314,524,1490,979
D:\SEM 7\CVProject\datasets\bottles_closeups\image_35.jpg,0,0,264,286
D:\SEM 7\CVProject\datasets\bottles_closeups\image_35.jpg,1969,1056,2306,1278
D:\SEM 7\CVProject\datasets\bottles_closeups\image_35.jpg,2716,1863,3023,2104
D:\SEM 7\CVProject\datasets\bottles_closeups\image_35.jpg,2092,3860,2486,4031
D:\SEM 7\CVProject\datasets\bottles_closeups\image_35.jpg,187,2429,407,2699
D:\SEM 7\CVProject\datasets\bottles_closeups\image_35.jpg,661,501,908,735
D:\SEM 7\CVProject\datasets\bottles_closeups\image_35.jpg,210,2901,470,3119
D:\SEM 7\CVProject\datasets\bottles_closeups\image_35.jpg,1683,2336,1974,2522
D:\SEM 7\CVProject\datasets\bottles_closeups\image_35.jpg,348,2407,522,2716
D:\SEM 7\CVProject\datasets\bottles_closeups\image_35.jpg,859,88,1211,232
D:\SEM 7\CVProject\datasets\bottles_closeups\image_35.jpg,2088,1159,2294,1398
D:\SEM 7\CVProject\datasets\bottles_closeups\image_35.jpg,1438,3606,1732,3772
D:\SEM 7\CVProject\datasets\bottles_closeups\image_35.jpg,1524,621,1801,795
D:\SEM 7\CVProject\datasets\bottles_closeups\image_35.jpg,2057,1795,2308,1970
D:\SEM 7\CVProject\datasets\bottles_closeups\image_35.jpg,0,1761,322,1897
D:\SEM 7\CVProject\datasets\bottles_closeups\image_35.jpg,0,2175,233,2358
D:\SEM 7\CVProject\datasets\bottles_closeups\image_35.jpg,660,1111,896,1282
D:\SEM 7\CVProject\datasets\bottles_closeups\image_35.jpg,2314,843,2564,1003
D:\SEM 7\CVProject\datasets\bottles_closeups\image_35.jpg,1025,673,1137,1020
D:\SEM 7\CVProject\datasets\bottles_closeups\image_35.jpg,1700,3807,1994,3939
D:\SEM 7\CVProject\datasets\bottles_closeups\image_35.jpg,538,1491,732,1689
D:\SEM 7\CVProject\datasets\bottles_closeups\image_35.jpg,2361,2522,2540,2736
D:\SEM 7\CVProject\datasets\bottles_closeups\image_35.jpg,522,2426,709,2625
D:\SEM 7\CVProject\datasets\bottles_closeups\image_35.jpg,1948,591,2112,803
D:\SEM 7\CVProject\datasets\bottles_closeups\image_35.jpg,1895,2212,2143,2344
D:\SEM 7\CVProject\datasets\bottles_closeups\image_35.jpg,1856,775,2067,930
D:\SEM 7\CVProject\datasets\bottles_closeups\image_35.jpg,2276,238,2464,410
D:\SEM 7\CVProject\datasets\bottles_closeups\image_35.jpg,1121,587,1219,914
D:\SEM 7\CVProject\datasets\bottles_closeups\image_35.jpg,928,641,1060,883
D:\SEM 7\CVProject\datasets\bottles_closeups\image_35.jpg,435,2646,533,2969
D:\SEM 7\CVProject\datasets\bottles_closeups\image_35.jpg,0,2483,181,2651
D:\SEM 7\CVProject\datasets\bottles_closeups\image_35.jpg,564,326,743,495
D:\SEM 7\CVProject\datasets\bottles_closeups\image_35.jpg,1172,3716,1319,3920
D:\SEM 7\CVProject\datasets\bottles_closeups\image_35.jpg,160,2672,308,2865
D:\SEM 7\CVProject\datasets\bottles_closeups\image_35.jpg,2514,1384,2686,1545
D:\SEM 7\CVProject\datasets\bottles_closeups\image_35.jpg,1849,276,2093,387
D:\SEM 7\CVProject\datasets\bottles_closeups\image_35.jpg,438,1172,609,1329
D:\SEM 7\CVProject\datasets\bottles_closeups\image_35.jpg,0,1261,206,1391
D:\SEM 7\CVProject\datasets\bottles_closeups\image_35.jpg,2537,2398,2712,2545
D:\SEM 7\CVProject\datasets\bottles_closeups\image_35.jpg,931,2111,1039,2348
D:\SEM 7\CVProject\datasets\bottles_closeups\image_35.jpg,1113,294,1314,420
D:\SEM 7\CVProject\datasets\bottles_closeups\image_35.jpg,231,2976,443,3091
D:\SEM 7\CVProject\datasets\bottles_closeups\image_35.jpg,2910,3074,3023,3287
D:\SEM 7\CVProject\datasets\bottles_closeups\image_35.jpg,44,2667,173,2846
D:\SEM 7\CVProject\datasets\bottles_closeups\image_35.jpg,1033,3555,1180,3709
D:\SEM 7\CVProject\datasets\bottles_closeups\image_35.jpg,800,0,918,191
D:\SEM 7\CVProject\datasets\bottles_closeups\image_35.jpg,464,1353,633,1486
D:\SEM 7\CVProject\datasets\bottles_closeups\image_35.jpg,1747,3262,1943,3375
D:\SEM 7\CVProject\datasets\bottles_closeups\image_35.jpg,562,1752,782,1851
D:\SEM 7\CVProject\datasets\bottles_closeups\image_35.jpg,1262,3589,1455,3700
D:\SEM 7\CVProject\datasets\bottles_closeups\image_35.jpg,2659,2915,2791,3077
D:\SEM 7\CVProject\datasets\bottles_closeups\image_35.jpg,2071,973,2207,1130
D:\SEM 7\CVProject\datasets\bottles_closeups\image_35.jpg,557,1927,774,2025
D:\SEM 7\CVProject\datasets\bottles_closeups\image_35.jpg,1370,0,1525,135
D:\SEM 7\CVProject\datasets\bottles_closeups\image_35.jpg,2728,706,2884,840
D:\SEM 7\CVProject\datasets\bottles_closeups\image_35.jpg,904,1598,999,1817
D:\SEM 7\CVProject\datasets\bottles_closeups\image_35.jpg,1111,1431,1261,1569
D:\SEM 7\CVProject\datasets\bottles_closeups\image_35.jpg,912,1038,987,1310
D:\SEM 7\CVProject\datasets\bottles_closeups\image_35.jpg,358,931,499,1074
D:\SEM 7\CVProject\datasets\bottles_closeups\image_35.jpg,2805,380,2936,533
D:\SEM 7\CVProject\datasets\bottles_closeups\image_35.jpg,930,910,1011,1156
D:\SEM 7\CVProject\datasets\bottles_closeups\image_35.jpg,2547,2494,2695,2628
D:\SEM 7\CVProject\datasets\bottles_closeups\image_35.jpg,1712,655,1874,777
D:\SEM 7\CVProject\datasets\bottles_closeups\image_35.jpg,0,1025,161,1146
D:\SEM 7\CVProject\datasets\bottles_closeups\image_35.jpg,2504,1266,2690,1370
D:\SEM 7\CVProject\datasets\bottles_closeups\image_35.jpg,1923,875,2034,1047
D:\SEM 7\CVProject\datasets\bottles_closeups\image_35.jpg,1228,0,1391,115
D:\SEM 7\CVProject\datasets\bottles_closeups\image_35.jpg,1760,3527,1895,3658
D:\SEM 7\CVProject\datasets\bottles_closeups\image_35.jpg,2574,3760,2650,3989
D:\SEM 7\CVProject\datasets\bottles_closeups\image_35.jpg,1822,855,1933,1006
D:\SEM 7\CVProject\datasets\bottles_closeups\image_35.jpg,2951,2511,3023,2732
D:\SEM 7\CVProject\datasets\bottles_closeups\image_35.jpg,2951,2097,3023,2317
D:\SEM 7\CVProject\datasets\bottles_closeups\image_35.jpg,359,2777,473,2913
D:\SEM 7\CVProject\datasets\bottles_closeups\image_35.jpg,2052,2605,2194,2714
D:\SEM 7\CVProject\datasets\bottles_closeups\image_35.jpg,1932,2932,2049,3064
D:\SEM 7\CVProject\datasets\bottles_closeups\image_35.jpg,1709,852,1828,981
D:\SEM 7\CVProject\datasets\bottles_closeups\image_35.jpg,2632,3477,2774,3585
D:\SEM 7\CVProject\datasets\bottles_closeups\image_35.jpg,1,3840,80,4031
D:\SEM 7\CVProject\datasets\bottles_closeups\image_35.jpg,2148,997,2229,1180
D:\SEM 7\CVProject\datasets\bottles_closeups\image_35.jpg,1762,3949,1942,4031
D:\SEM 7\CVProject\datasets\bottles_closeups\image_35.jpg,2943,517,3023,700
D:\SEM 7\CVProject\datasets\bottles_closeups\image_35.jpg,198,2588,314,2713
D:\SEM 7\CVProject\datasets\bottles_closeups\image_35.jpg,572,2214,738,2301
D:\SEM 7\CVProject\datasets\bottles_closeups\image_35.jpg,2852,2288,3023,2372
D:\SEM 7\CVProject\datasets\bottles_closeups\image_35.jpg,2364,1556,2443,1737
D:\SEM 7\CVProject\datasets\bottles_closeups\image_35.jpg,1865,2690,1976,2818
D:\SEM 7\CVProject\datasets\bottles_closeups\image_35.jpg,1138,648,1199,878
D:\SEM 7\CVProject\datasets\bottles_closeups\image_35.jpg,2724,2881,2784,3112
D:\SEM 7\CVProject\datasets\bottles_closeups\image_35.jpg,689,1217,782,1363
D:\SEM 7\CVProject\datasets\bottles_closeups\image_35.jpg,975,3263,1065,3412
D:\SEM 7\CVProject\datasets\bottles_closeups\image_35.jpg,1975,353,2075,484
D:\SEM 7\CVProject\datasets\bottles_closeups\image_35.jpg,960,0,1107,89
D:\SEM 7\CVProject\datasets\bottles_closeups\image_35.jpg,1772,2084,1847,2257
D:\SEM 7\CVProject\datasets\bottles_closeups\image_35.jpg,1981,999,2114,1095
D:\SEM 7\CVProject\datasets\bottles_closeups\image_35.jpg,772,2722,874,2845
D:\SEM 7\CVProject\datasets\bottles_closeups\image_35.jpg,2513,2974,2638,3071
D:\SEM 7\CVProject\datasets\bottles_closeups\image_36.jpg,0,864,2010,4031
D:\SEM 7\CVProject\datasets\bottles_closeups\image_36.jpg,2158,1443,3023,3197
D:\SEM 7\CVProject\datasets\bottles_closeups\image_36.jpg,879,859,2044,1801
D:\SEM 7\CVProject\datasets\bottles_closeups\image_36.jpg,1555,0,3023,727
D:\SEM 7\CVProject\datasets\bottles_closeups\image_36.jpg,1984,3110,2860,4031
D:\SEM 7\CVProject\datasets\bottles_closeups\image_36.jpg,0,1387,626,2491
D:\SEM 7\CVProject\datasets\bottles_closeups\image_36.jpg,60,2861,1016,3451
D:\SEM 7\CVProject\datasets\bottles_closeups\image_36.jpg,88,3359,885,4031
D:\SEM 7\CVProject\datasets\bottles_closeups\image_36.jpg,1212,3351,2029,4000
D:\SEM 7\CVProject\datasets\bottles_closeups\image_36.jpg,296,3582,1110,4031
D:\SEM 7\CVProject\datasets\bottles_closeups\image_36.jpg,1946,3570,2606,4031
D:\SEM 7\CVProject\datasets\bottles_closeups\image_36.jpg,943,1153,1527,1562
D:\SEM 7\CVProject\datasets\bottles_closeups\image_36.jpg,1611,205,2184,618
D:\SEM 7\CVProject\datasets\bottles_closeups\image_36.jpg,2623,3374,2976,3988
D:\SEM 7\CVProject\datasets\bottles_closeups\image_36.jpg,152,2885,698,3247
D:\SEM 7\CVProject\datasets\bottles_closeups\image_36.jpg,1958,2039,2216,2778
D:\SEM 7\CVProject\datasets\bottles_closeups\image_36.jpg,767,3513,1128,4031
D:\SEM 7\CVProject\datasets\bottles_closeups\image_36.jpg,789,1832,1025,2596
D:\SEM 7\CVProject\datasets\bottles_closeups\image_36.jpg,1697,2157,2022,2699
D:\SEM 7\CVProject\datasets\bottles_closeups\image_36.jpg,993,2879,1506,3140
D:\SEM 7\CVProject\datasets\bottles_closeups\image_36.jpg,1158,2651,1689,2865
D:\SEM 7\CVProject\datasets\bottles_closeups\image_36.jpg,2561,2784,2857,3153
D:\SEM 7\CVProject\datasets\bottles_closeups\image_36.jpg,1968,3095,2302,3419
D:\SEM 7\CVProject\datasets\bottles_closeups\image_36.jpg,2232,2788,2536,3124
D:\SEM 7\CVProject\datasets\bottles_closeups\image_36.jpg,212,2421,650,2643
D:\SEM 7\CVProject\datasets\bottles_closeups\image_36.jpg,137,1976,394,2329
D:\SEM 7\CVProject\datasets\bottles_closeups\image_36.jpg,0,1482,282,1798
D:\SEM 7\CVProject\datasets\bottles_closeups\image_36.jpg,1706,678,1897,1142
D:\SEM 7\CVProject\datasets\bottles_closeups\image_36.jpg,856,603,1045,1071
D:\SEM 7\CVProject\datasets\bottles_closeups\image_36.jpg,2378,3350,2610,3715
D:\SEM 7\CVProject\datasets\bottles_closeups\image_36.jpg,1549,1158,1851,1430
D:\SEM 7\CVProject\datasets\bottles_closeups\image_36.jpg,1740,2650,2021,2911
D:\SEM 7\CVProject\datasets\bottles_closeups\image_36.jpg,118,3586,261,4031
D:\SEM 7\CVProject\datasets\bottles_closeups\image_36.jpg,710,2922,890,3269
D:\SEM 7\CVProject\datasets\bottles_closeups\image_36.jpg,1342,486,1675,656
D:\SEM 7\CVProject\datasets\bottles_closeups\image_36.jpg,30,1784,259,2006
D:\SEM 7\CVProject\datasets\bottles_closeups\image_36.jpg,1559,2486,1789,2705
D:\SEM 7\CVProject\datasets\bottles_closeups\image_36.jpg,1646,1233,1848,1474
D:\SEM 7\CVProject\datasets\bottles_closeups\image_36.jpg,2497,2436,2676,2683
D:\SEM 7\CVProject\datasets\bottles_closeups\image_36.jpg,950,2919,1072,3266
D:\SEM 7\CVProject\datasets\bottles_closeups\image_36.jpg,287,1307,447,1565
D:\SEM 7\CVProject\datasets\bottles_closeups\image_36.jpg,2784,1102,3023,1263
D:\SEM 7\CVProject\datasets\bottles_closeups\image_36.jpg,2564,1650,2744,1846
D:\SEM 7\CVProject\datasets\bottles_closeups\image_36.jpg,30,1062,279,1199
D:\SEM 7\CVProject\datasets\bottles_closeups\image_36.jpg,1696,2874,1971,2996
D:\SEM 7\CVProject\datasets\bottles_closeups\image_36.jpg,1914,1094,2195,1212
D:\SEM 7\CVProject\datasets\bottles_closeups\image_36.jpg,0,1135,181,1313
D:\SEM 7\CVProject\datasets\bottles_closeups\image_36.jpg,1091,2412,1258,2604
D:\SEM 7\CVProject\datasets\bottles_closeups\image_36.jpg,2756,926,2980,1064
D:\SEM 7\CVProject\datasets\bottles_closeups\image_36.jpg,2014,2728,2160,2932
D:\SEM 7\CVProject\datasets\bottles_closeups\image_36.jpg,2816,1889,3023,2032
D:\SEM 7\CVProject\datasets\bottles_closeups\image_36.jpg,1128,1206,1305,1371
D:\SEM 7\CVProject\datasets\bottles_closeups\image_36.jpg,1342,2514,1551,2652
D:\SEM 7\CVProject\datasets\bottles_closeups\image_36.jpg,2240,1355,2365,1581
D:\SEM 7\CVProject\datasets\bottles_closeups\image_36.jpg,481,987,670,1130
D:\SEM 7\CVProject\datasets\bottles_closeups\image_36.jpg,1307,1112,1381,1471
D:\SEM 7\CVProject\datasets\bottles_closeups\image_36.jpg,1303,2326,1540,2438
D:\SEM 7\CVProject\datasets\bottles_closeups\image_36.jpg,865,2638,1084,2758
D:\SEM 7\CVProject\datasets\bottles_closeups\image_36.jpg,1833,2079,2008,2229
D:\SEM 7\CVProject\datasets\bottles_closeups\image_36.jpg,463,3576,617,3744
D:\SEM 7\CVProject\datasets\bottles_closeups\image_36.jpg,1028,2692,1201,2839
D:\SEM 7\CVProject\datasets\bottles_closeups\image_36.jpg,2774,177,3023,279
D:\SEM 7\CVProject\datasets\bottles_closeups\image_36.jpg,1495,761,1671,904
D:\SEM 7\CVProject\datasets\bottles_closeups\image_36.jpg,1552,2260,1710,2414
D:\SEM 7\CVProject\datasets\bottles_closeups\image_36.jpg,927,1779,1010,2070
D:\SEM 7\CVProject\datasets\bottles_closeups\image_36.jpg,2592,1523,2747,1678
D:\SEM 7\CVProject\datasets\bottles_closeups\image_36.jpg,1074,1913,1284,2027
D:\SEM 7\CVProject\datasets\bottles_closeups\image_36.jpg,246,2696,461,2805
D:\SEM 7\CVProject\datasets\bottles_closeups\image_36.jpg,856,2736,958,2965
D:\SEM 7\CVProject\datasets\bottles_closeups\image_36.jpg,1162,408,1320,555
D:\SEM 7\CVProject\datasets\bottles_closeups\image_36.jpg,1006,1257,1122,1455
D:\SEM 7\CVProject\datasets\bottles_closeups\image_36.jpg,1401,1162,1553,1305
D:\SEM 7\CVProject\datasets\bottles_closeups\image_36.jpg,1299,2832,1465,2962
D:\SEM 7\CVProject\datasets\bottles_closeups\image_36.jpg,107,3559,198,3794
D:\SEM 7\CVProject\datasets\bottles_closeups\image_36.jpg,156,1959,327,2083
D:\SEM 7\CVProject\datasets\bottles_closeups\image_36.jpg,2875,1605,3023,1746
D:\SEM 7\CVProject\datasets\bottles_closeups\image_36.jpg,479,239,684,339
D:\SEM 7\CVProject\datasets\bottles_closeups\image_36.jpg,1404,1790,1600,1894
D:\SEM 7\CVProject\datasets\bottles_closeups\image_36.jpg,2518,2300,2655,2448
D:\SEM 7\CVProject\datasets\bottles_closeups\image_36.jpg,1978,1442,2083,1634
D:\SEM 7\CVProject\datasets\bottles_closeups\image_36.jpg,674,2718,781,2894
D:\SEM 7\CVProject\datasets\bottles_closeups\image_36.jpg,2330,3221,2463,3362
D:\SEM 7\CVProject\datasets\bottles_closeups\image_36.jpg,1758,3933,1934,4031
D:\SEM 7\CVProject\datasets\bottles_closeups\image_36.jpg,835,410,993,519
D:\SEM 7\CVProject\datasets\bottles_closeups\image_36.jpg,378,47,534,151
D:\SEM 7\CVProject\datasets\bottles_closeups\image_36.jpg,1450,1019,1594,1130
D:\SEM 7\CVProject\datasets\bottles_closeups\image_36.jpg,190,156,342,259
D:\SEM 7\CVProject\datasets\bottles_closeups\image_36.jpg,2421,3710,2528,3851
D:\SEM 7\CVProject\datasets\bottles_closeups\image_36.jpg,1349,3927,1533,4007
D:\SEM 7\CVProject\datasets\bottles_closeups\image_36.jpg,1392,1236,1552,1328
D:\SEM 7\CVProject\datasets\bottles_closeups\image_36.jpg,958,1276,1010,1556
D:\SEM 7\CVProject\datasets\bottles_closeups\image_36.jpg,2067,1896,2130,2126
D:\SEM 7\CVProject\datasets\bottles_closeups\image_36.jpg,2034,2618,2107,2813
D:\SEM 7\CVProject\datasets\bottles_closeups\image_36.jpg,1448,156,1591,254
D:\SEM 7\CVProject\datasets\bottles_closeups\image_36.jpg,863,3451,972,3579
D:\SEM 7\CVProject\datasets\bottles_closeups\image_36.jpg,1053,2189,1231,2267
D:\SEM 7\CVProject\datasets\bottles_closeups\image_36.jpg,285,1708,393,1836
D:\SEM 7\CVProject\datasets\bottles_closeups\image_36.jpg,1294,2417,1405,2539
D:\SEM 7\CVProject\datasets\bottles_closeups\image_36.jpg,2926,1346,3015,1498
D:\SEM 7\CVProject\datasets\bottles_closeups\image_36.jpg,1031,952,1135,1080
D:\SEM 7\CVProject\datasets\bottles_closeups\image_36.jpg,1238,2506,1324,2658
D:\SEM 7\CVProject\datasets\bottles_closeups\image_36.jpg,1156,1058,1295,1151
D:\SEM 7\CVProject\datasets\bottles_closeups\image_36.jpg,2432,86,2539,205
D:\SEM 7\CVProject\datasets\bottles_closeups\image_36.jpg,1431,2659,1568,2751
D:\SEM 7\CVProject\datasets\bottles_closeups\image_36.jpg,1697,1190,1782,1337
D:\SEM 7\CVProject\datasets\bottles_closeups\image_36.jpg,680,662,810,756
D:\SEM 7\CVProject\datasets\bottles_closeups\image_36.jpg,1481,2043,1641,2119
D:\SEM 7\CVProject\datasets\bottles_closeups\image_36.jpg,1016,501,1152,590
D:\SEM 7\CVProject\datasets\bottles_closeups\image_36.jpg,1987,3496,2093,3610
D:\SEM 7\CVProject\datasets\bottles_closeups\image_36.jpg,1300,1028,1445,1111
D:\SEM 7\CVProject\datasets\bottles_closeups\image_36.jpg,1573,1130,1629,1344
D:\SEM 7\CVProject\datasets\bottles_closeups\image_36.jpg,218,486,338,586
D:\SEM 7\CVProject\datasets\bottles_closeups\image_37.jpg,0,247,2000,4031
D:\SEM 7\CVProject\datasets\bottles_closeups\image_37.jpg,631,1331,1977,2500
D:\SEM 7\CVProject\datasets\bottles_closeups\image_37.jpg,1979,2204,3023,3393
D:\SEM 7\CVProject\datasets\bottles_closeups\image_37.jpg,792,2415,1696,3680
D:\SEM 7\CVProject\datasets\bottles_closeups\image_37.jpg,1816,0,3023,853
D:\SEM 7\CVProject\datasets\bottles_closeups\image_37.jpg,2017,3056,3023,4031
D:\SEM 7\CVProject\datasets\bottles_closeups\image_37.jpg,874,587,1633,1485
D:\SEM 7\CVProject\datasets\bottles_closeups\image_37.jpg,1939,1285,2640,1952
D:\SEM 7\CVProject\datasets\bottles_closeups\image_37.jpg,2476,1693,3023,2233
D:\SEM 7\CVProject\datasets\bottles_closeups\image_37.jpg,0,646,278,1627
D:\SEM 7\CVProject\datasets\bottles_closeups\image_37.jpg,1109,1915,1617,2421
D:\SEM 7\CVProject\datasets\bottles_closeups\image_37.jpg,1744,3273,2071,4031
D:\SEM 7\CVProject\datasets\bottles_closeups\image_37.jpg,1909,941,2487,1341
D:\SEM 7\CVProject\datasets\bottles_closeups\image_37.jpg,1125,286,1625,746
D:\SEM 7\CVProject\datasets\bottles_closeups\image_37.jpg,1888,1479,2115,2465
D:\SEM 7\CVProject\datasets\bottles_closeups\image_37.jpg,1135,1338,1531,1865
D:\SEM 7\CVProject\datasets\bottles_closeups\image_37.jpg,1779,473,2166,895
D:\SEM 7\CVProject\datasets\bottles_closeups\image_37.jpg,2040,3031,2358,3500
D:\SEM 7\CVProject\datasets\bottles_closeups\image_37.jpg,180,2133,529,2502
D:\SEM 7\CVProject\datasets\bottles_closeups\image_37.jpg,259,2916,534,3366
D:\SEM 7\CVProject\datasets\bottles_closeups\image_37.jpg,872,0,1188,376
D:\SEM 7\CVProject\datasets\bottles_closeups\image_37.jpg,1160,2655,1489,3013
D:\SEM 7\CVProject\datasets\bottles_closeups\image_37.jpg,454,920,767,1282
D:\SEM 7\CVProject\datasets\bottles_closeups\image_37.jpg,750,276,1109,563
D:\SEM 7\CVProject\datasets\bottles_closeups\image_37.jpg,0,3659,275,4031
D:\SEM 7\CVProject\datasets\bottles_closeups\image_37.jpg,841,2861,1302,3077
D:\SEM 7\CVProject\datasets\bottles_closeups\image_37.jpg,2784,2643,3023,3044
D:\SEM 7\CVProject\datasets\bottles_closeups\image_37.jpg,313,83,679,338
D:\SEM 7\CVProject\datasets\bottles_closeups\image_37.jpg,819,2442,1037,2862
D:\SEM 7\CVProject\datasets\bottles_closeups\image_37.jpg,1965,1983,2341,2202
D:\SEM 7\CVProject\datasets\bottles_closeups\image_37.jpg,1810,1155,2127,1410
D:\SEM 7\CVProject\datasets\bottles_closeups\image_37.jpg,1679,1730,1820,2280
D:\SEM 7\CVProject\datasets\bottles_closeups\image_37.jpg,182,1911,464,2183
D:\SEM 7\CVProject\datasets\bottles_closeups\image_37.jpg,1649,261,1915,544
D:\SEM 7\CVProject\datasets\bottles_closeups\image_37.jpg,2694,2161,3023,2370
D:\SEM 7\CVProject\datasets\bottles_closeups\image_37.jpg,363,1017,575,1339
D:\SEM 7\CVProject\datasets\bottles_closeups\image_37.jpg,57,1583,326,1827
D:\SEM 7\CVProject\datasets\bottles_closeups\image_37.jpg,1847,2433,2013,2825
D:\SEM 7\CVProject\datasets\bottles_closeups\image_37.jpg,515,2953,799,3182
D:\SEM 7\CVProject\datasets\bottles_closeups\image_37.jpg,2058,3419,2217,3825
D:\SEM 7\CVProject\datasets\bottles_closeups\image_37.jpg,1,3209,149,3642
D:\SEM 7\CVProject\datasets\bottles_closeups\image_37.jpg,163,299,359,622
D:\SEM 7\CVProject\datasets\bottles_closeups\image_37.jpg,341,3631,576,3890
D:\SEM 7\CVProject\datasets\bottles_closeups\image_37.jpg,110,850,354,1087
D:\SEM 7\CVProject\datasets\bottles_closeups\image_37.jpg,100,3525,342,3761
D:\SEM 7\CVProject\datasets\bottles_closeups\image_37.jpg,496,3477,778,3670
D:\SEM 7\CVProject\datasets\bottles_closeups\image_37.jpg,1008,1654,1182,1965
D:\SEM 7\CVProject\datasets\bottles_closeups\image_37.jpg,2772,2466,3023,2679
D:\SEM 7\CVProject\datasets\bottles_closeups\image_37.jpg,361,1185,524,1512
D:\SEM 7\CVProject\datasets\bottles_closeups\image_37.jpg,1,58,145,397
D:\SEM 7\CVProject\datasets\bottles_closeups\image_37.jpg,2328,2440,2472,2762
D:\SEM 7\CVProject\datasets\bottles_closeups\image_37.jpg,2647,1007,2829,1260
D:\SEM 7\CVProject\datasets\bottles_closeups\image_37.jpg,310,323,523,538
D:\SEM 7\CVProject\datasets\bottles_closeups\image_37.jpg,1425,3227,1618,3464
D:\SEM 7\CVProject\datasets\bottles_closeups\image_37.jpg,453,1536,657,1758
D:\SEM 7\CVProject\datasets\bottles_closeups\image_37.jpg,248,2702,462,2912
D:\SEM 7\CVProject\datasets\bottles_closeups\image_37.jpg,144,1344,354,1558
D:\SEM 7\CVProject\datasets\bottles_closeups\image_37.jpg,8,2435,233,2632
D:\SEM 7\CVProject\datasets\bottles_closeups\image_37.jpg,590,1074,763,1325
D:\SEM 7\CVProject\datasets\bottles_closeups\image_37.jpg,2335,624,2537,839
D:\SEM 7\CVProject\datasets\bottles_closeups\image_37.jpg,519,1695,628,2090
D:\SEM 7\CVProject\datasets\bottles_closeups\image_37.jpg,300,1710,513,1911
D:\SEM 7\CVProject\datasets\bottles_closeups\image_37.jpg,1515,3645,1670,3920
D:\SEM 7\CVProject\datasets\bottles_closeups\image_37.jpg,445,3268,703,3433
D:\SEM 7\CVProject\datasets\bottles_closeups\image_37.jpg,0,2810,170,3060
D:\SEM 7\CVProject\datasets\bottles_closeups\image_37.jpg,1044,1254,1340,1396
D:\SEM 7\CVProject\datasets\bottles_closeups\image_37.jpg,259,2349,465,2552
D:\SEM 7\CVProject\datasets\bottles_closeups\image_37.jpg,521,525,729,726
D:\SEM 7\CVProject\datasets\bottles_closeups\image_37.jpg,264,161,478,355
D:\SEM 7\CVProject\datasets\bottles_closeups\image_37.jpg,151,3339,364,3533
D:\SEM 7\CVProject\datasets\bottles_closeups\image_37.jpg,2141,2518,2333,2733
D:\SEM 7\CVProject\datasets\bottles_closeups\image_37.jpg,1735,1060,1913,1291
D:\SEM 7\CVProject\datasets\bottles_closeups\image_37.jpg,124,3079,314,3293
D:\SEM 7\CVProject\datasets\bottles_closeups\image_37.jpg,1183,14,1392,207
D:\SEM 7\CVProject\datasets\bottles_closeups\image_37.jpg,767,74,973,269
D:\SEM 7\CVProject\datasets\bottles_closeups\image_37.jpg,2316,1807,2501,2019
D:\SEM 7\CVProject\datasets\bottles_closeups\image_37.jpg,97,454,248,707
D:\SEM 7\CVProject\datasets\bottles_closeups\image_37.jpg,127,685,332,869
D:\SEM 7\CVProject\datasets\bottles_closeups\image_37.jpg,543,1380,720,1593
D:\SEM 7\CVProject\datasets\bottles_closeups\image_37.jpg,1010,2595,1172,2822
D:\SEM 7\CVProject\datasets\bottles_closeups\image_37.jpg,354,710,551,896
D:\SEM 7\CVProject\datasets\bottles_closeups\image_37.jpg,1836,1579,1912,2058
D:\SEM 7\CVProject\datasets\bottles_closeups\image_37.jpg,2441,991,2618,1197
D:\SEM 7\CVProject\datasets\bottles_closeups\image_37.jpg,2522,3824,2696,4031
D:\SEM 7\CVProject\datasets\bottles_closeups\image_37.jpg,24,2095,212,2284
D:\SEM 7\CVProject\datasets\bottles_closeups\image_37.jpg,2275,2196,2490,2358
D:\SEM 7\CVProject\datasets\bottles_closeups\image_37.jpg,38,1805,216,1998
D:\SEM 7\CVProject\datasets\bottles_closeups\image_37.jpg,568,1210,705,1458
D:\SEM 7\CVProject\datasets\bottles_closeups\image_37.jpg,786,3552,885,3886
D:\SEM 7\CVProject\datasets\bottles_closeups\image_37.jpg,192,2884,364,3076
D:\SEM 7\CVProject\datasets\bottles_closeups\image_37.jpg,2161,545,2339,729
D:\SEM 7\CVProject\datasets\bottles_closeups\image_37.jpg,519,2650,646,2906
D:\SEM 7\CVProject\datasets\bottles_closeups\image_37.jpg,503,2601,674,2790
D:\SEM 7\CVProject\datasets\bottles_closeups\image_37.jpg,457,923,619,1122
D:\SEM 7\CVProject\datasets\bottles_closeups\image_37.jpg,1523,1674,1687,1869
D:\SEM 7\CVProject\datasets\bottles_closeups\image_37.jpg,343,1446,442,1768
D:\SEM 7\CVProject\datasets\bottles_closeups\image_37.jpg,569,0,786,144
D:\SEM 7\CVProject\datasets\bottles_closeups\image_37.jpg,0,1292,153,1496
D:\SEM 7\CVProject\datasets\bottles_closeups\image_37.jpg,1,719,132,956
D:\SEM 7\CVProject\datasets\bottles_closeups\image_37.jpg,460,2700,620,2894
D:\SEM 7\CVProject\datasets\bottles_closeups\image_37.jpg,1275,1686,1427,1890
D:\SEM 7\CVProject\datasets\bottles_closeups\image_37.jpg,113,1080,276,1270
D:\SEM 7\CVProject\datasets\bottles_closeups\image_37.jpg,2106,2155,2281,2331
D:\SEM 7\CVProject\datasets\bottles_closeups\image_37.jpg,632,2737,792,2927
D:\SEM 7\CVProject\datasets\bottles_closeups\image_37.jpg,38,534,134,850
D:\SEM 7\CVProject\datasets\bottles_closeups\image_37.jpg,2519,2080,2679,2269
D:\SEM 7\CVProject\datasets\bottles_closeups\image_37.jpg,1069,3114,1279,3255
D:\SEM 7\CVProject\datasets\bottles_closeups\image_37.jpg,12,1871,184,2043
D:\SEM 7\CVProject\datasets\bottles_closeups\image_37.jpg,568,360,741,531
D:\SEM 7\CVProject\datasets\bottles_closeups\image_37.jpg,474,3832,621,4031
D:\SEM 7\CVProject\datasets\bottles_closeups\image_37.jpg,303,833,462,1014
D:\SEM 7\CVProject\datasets\bottles_closeups\image_37.jpg,660,806,827,978
D:\SEM 7\CVProject\datasets\bottles_closeups\image_37.jpg,2693,3831,2890,3975
D:\SEM 7\CVProject\datasets\bottles_closeups\image_37.jpg,1218,1942,1363,2136
D:\SEM 7\CVProject\datasets\bottles_closeups\image_37.jpg,1400,105,1598,247
D:\SEM 7\CVProject\datasets\bottles_closeups\image_37.jpg,2337,3669,2548,3801
D:\SEM 7\CVProject\datasets\bottles_closeups\image_37.jpg,53,0,241,148
D:\SEM 7\CVProject\datasets\bottles_closeups\image_37.jpg,2866,996,2998,1206
D:\SEM 7\CVProject\datasets\bottles_closeups\image_37.jpg,129,1689,324,1831
D:\SEM 7\CVProject\datasets\bottles_closeups\image_37.jpg,112,1615,307,1756
D:\SEM 7\CVProject\datasets\bottles_closeups\image_37.jpg,364,1148,573,1277
D:\SEM 7\CVProject\datasets\bottles_closeups\image_37.jpg,1004,3270,1088,3590
D:\SEM 7\CVProject\datasets\bottles_closeups\image_37.jpg,0,2642,150,2821
D:\SEM 7\CVProject\datasets\bottles_closeups\image_37.jpg,1265,3026,1446,3174
D:\SEM 7\CVProject\datasets\bottles_closeups\image_37.jpg,1035,1419,1142,1664
D:\SEM 7\CVProject\datasets\bottles_closeups\image_37.jpg,2601,2954,2754,3125
D:\SEM 7\CVProject\datasets\bottles_closeups\image_37.jpg,820,3178,966,3357
D:\SEM 7\CVProject\datasets\bottles_closeups\image_37.jpg,793,3458,960,3614
D:\SEM 7\CVProject\datasets\bottles_closeups\image_37.jpg,376,2214,525,2387
D:\SEM 7\CVProject\datasets\bottles_closeups\image_37.jpg,726,668,893,820
D:\SEM 7\CVProject\datasets\bottles_closeups\image_37.jpg,1822,0,2060,106
D:\SEM 7\CVProject\datasets\bottles_closeups\image_37.jpg,194,1923,307,2146
D:\SEM 7\CVProject\datasets\bottles_closeups\image_37.jpg,763,327,918,489
D:\SEM 7\CVProject\datasets\bottles_closeups\image_37.jpg,462,2041,603,2219
D:\SEM 7\CVProject\datasets\bottles_closeups\image_37.jpg,340,3067,443,3308
D:\SEM 7\CVProject\datasets\bottles_closeups\image_37.jpg,1635,467,1791,626
D:\SEM 7\CVProject\datasets\bottles_closeups\image_37.jpg,2297,2781,2453,2940
D:\SEM 7\CVProject\datasets\bottles_closeups\image_37.jpg,670,3712,777,3942
D:\SEM 7\CVProject\datasets\bottles_closeups\image_37.jpg,2099,3558,2226,3751
D:\SEM 7\CVProject\datasets\bottles_closeups\image_37.jpg,2344,3836,2469,4031
D:\SEM 7\CVProject\datasets\bottles_closeups\image_37.jpg,387,3410,506,3614
D:\SEM 7\CVProject\datasets\bottles_closeups\image_37.jpg,1,2244,86,2528
D:\SEM 7\CVProject\datasets\bottles_closeups\image_37.jpg,1401,2068,1558,2221
D:\SEM 7\CVProject\datasets\bottles_closeups\image_37.jpg,2750,1951,2920,2092
D:\SEM 7\CVProject\datasets\bottles_closeups\image_37.jpg,557,2272,697,2443
D:\SEM 7\CVProject\datasets\bottles_closeups\image_37.jpg,170,2652,252,2940
D:\SEM 7\CVProject\datasets\bottles_closeups\image_37.jpg,1453,0,1659,114
D:\SEM 7\CVProject\datasets\bottles_closeups\image_37.jpg,467,258,566,495
D:\SEM 7\CVProject\datasets\bottles_closeups\image_37.jpg,457,866,532,1178
D:\SEM 7\CVProject\datasets\bottles_closeups\image_37.jpg,1007,2717,1076,3055
D:\SEM 7\CVProject\datasets\bottles_closeups\image_37.jpg,405,1856,518,2060
D:\SEM 7\CVProject\datasets\bottles_closeups\image_37.jpg,254,579,392,745
D:\SEM 7\CVProject\datasets\bottles_closeups\image_37.jpg,283,3906,464,4031
D:\SEM 7\CVProject\datasets\bottles_closeups\image_37.jpg,1556,3734,1701,3890
D:\SEM 7\CVProject\datasets\bottles_closeups\image_37.jpg,1402,2548,1601,2661
D:\SEM 7\CVProject\datasets\bottles_closeups\image_37.jpg,271,1085,341,1405
D:\SEM 7\CVProject\datasets\bottles_closeups\image_37.jpg,498,2639,602,2854
D:\SEM 7\CVProject\datasets\bottles_closeups\image_37.jpg,437,511,518,784
D:\SEM 7\CVProject\datasets\bottles_closeups\image_37.jpg,2248,452,2390,603
D:\SEM 7\CVProject\datasets\bottles_closeups\image_37.jpg,693,2519,798,2721
D:\SEM 7\CVProject\datasets\bottles_closeups\image_37.jpg,740,437,819,704
D:\SEM 7\CVProject\datasets\bottles_closeups\image_37.jpg,1663,2333,1884,2428
D:\SEM 7\CVProject\datasets\bottles_closeups\image_37.jpg,1663,32,1781,209
D:\SEM 7\CVProject\datasets\bottles_closeups\image_37.jpg,512,702,656,847
D:\SEM 7\CVProject\datasets\bottles_closeups\image_37.jpg,2123,3839,2304,3954
D:\SEM 7\CVProject\datasets\bottles_closeups\image_37.jpg,412,1237,559,1377
D:\SEM 7\CVProject\datasets\bottles_closeups\image_37.jpg,2549,966,2697,1105
D:\SEM 7\CVProject\datasets\bottles_closeups\image_37.jpg,114,2302,268,2435
D:\SEM 7\CVProject\datasets\bottles_closeups\image_37.jpg,836,2941,967,3097
D:\SEM 7\CVProject\datasets\bottles_closeups\image_37.jpg,1223,1103,1353,1260
D:\SEM 7\CVProject\datasets\bottles_closeups\image_37.jpg,546,880,690,1021
D:\SEM 7\CVProject\datasets\bottles_closeups\image_37.jpg,694,3283,792,3489
D:\SEM 7\CVProject\datasets\bottles_closeups\image_37.jpg,216,200,320,394
D:\SEM 7\CVProject\datasets\bottles_closeups\image_37.jpg,0,3102,123,3265
D:\SEM 7\CVProject\datasets\bottles_closeups\image_37.jpg,32,3893,252,3984
D:\SEM 7\CVProject\datasets\bottles_closeups\image_37.jpg,2473,1180,2602,1334
D:\SEM 7\CVProject\datasets\bottles_closeups\image_37.jpg,1258,2516,1405,2651
D:\SEM 7\CVProject\datasets\bottles_closeups\image_37.jpg,1123,3689,1257,3837
D:\SEM 7\CVProject\datasets\bottles_closeups\image_37.jpg,956,238,1104,371
D:\SEM 7\CVProject\datasets\bottles_closeups\image_37.jpg,1889,1577,1939,1962
D:\SEM 7\CVProject\datasets\bottles_closeups\image_37.jpg,1071,1774,1187,1941
D:\SEM 7\CVProject\datasets\bottles_closeups\image_37.jpg,2825,1176,2954,1326
D:\SEM 7\CVProject\datasets\bottles_closeups\image_37.jpg,617,1140,741,1296
D:\SEM 7\CVProject\datasets\bottles_closeups\image_37.jpg,2257,3198,2411,3323
D:\SEM 7\CVProject\datasets\bottles_closeups\image_37.jpg,1442,1578,1507,1872
D:\SEM 7\CVProject\datasets\bottles_closeups\image_37.jpg,2460,2973,2592,3118
D:\SEM 7\CVProject\datasets\bottles_closeups\image_37.jpg,1302,1894,1457,2017
D:\SEM 7\CVProject\datasets\bottles_closeups\image_37.jpg,1374,1980,1521,2108
D:\SEM 7\CVProject\datasets\bottles_closeups\image_37.jpg,2421,3351,2508,3565
D:\SEM 7\CVProject\datasets\bottles_closeups\image_37.jpg,96,2076,200,2255
D:\SEM 7\CVProject\datasets\bottles_closeups\image_37.jpg,1068,2568,1284,2654
D:\SEM 7\CVProject\datasets\bottles_closeups\image_37.jpg,313,2020,444,2162
D:\SEM 7\CVProject\datasets\bottles_closeups\image_37.jpg,2058,3303,2138,3532
D:\SEM 7\CVProject\datasets\bottles_closeups\image_37.jpg,1213,2051,1361,2175
D:\SEM 7\CVProject\datasets\bottles_closeups\image_37.jpg,2866,3449,2989,3598
D:\SEM 7\CVProject\datasets\bottles_closeups\image_37.jpg,2582,785,2725,913
D:\SEM 7\CVProject\datasets\bottles_closeups\image_37.jpg,886,1251,1032,1376
D:\SEM 7\CVProject\datasets\bottles_closeups\image_37.jpg,152,718,266,878
D:\SEM 7\CVProject\datasets\bottles_closeups\image_37.jpg,2508,3522,2638,3661
D:\SEM 7\CVProject\datasets\bottles_closeups\image_37.jpg,1059,3918,1251,4011
D:\SEM 7\CVProject\datasets\bottles_closeups\image_37.jpg,527,553,682,668
D:\SEM 7\CVProject\datasets\bottles_closeups\image_37.jpg,2610,1933,2746,2064
D:\SEM 7\CVProject\datasets\bottles_closeups\image_37.jpg,1698,1684,1795,1866
D:\SEM 7\CVProject\datasets\bottles_closeups\image_37.jpg,1530,1971,1668,2099
D:\SEM 7\CVProject\datasets\bottles_closeups\image_37.jpg,253,3396,362,3558
D:\SEM 7\CVProject\datasets\bottles_closeups\image_37.jpg,538,1598,650,1755
D:\SEM 7\CVProject\datasets\bottles_closeups\image_37.jpg,1620,2623,1766,2743
D:\SEM 7\CVProject\datasets\bottles_closeups\image_37.jpg,1,2928,116,3080
D:\SEM 7\CVProject\datasets\bottles_closeups\image_37.jpg,2658,2794,2781,2935
D:\SEM 7\CVProject\datasets\bottles_closeups\image_37.jpg,2157,3233,2267,3389
D:\SEM 7\CVProject\datasets\bottles_closeups\image_37.jpg,1016,111,1138,251
D:\SEM 7\CVProject\datasets\bottles_closeups\image_37.jpg,974,3360,1067,3543
D:\SEM 7\CVProject\datasets\bottles_closeups\image_37.jpg,2186,3485,2323,3608
D:\SEM 7\CVProject\datasets\bottles_closeups\image_37.jpg,2696,3686,2803,3842
D:\SEM 7\CVProject\datasets\bottles_closeups\image_37.jpg,763,1732,859,1905
D:\SEM 7\CVProject\datasets\bottles_closeups\image_37.jpg,1460,3400,1534,3624
D:\SEM 7\CVProject\datasets\bottles_closeups\image_37.jpg,2314,1132,2414,1298
D:\SEM 7\CVProject\datasets\bottles_closeups\image_37.jpg,205,701,319,846
D:\SEM 7\CVProject\datasets\bottles_closeups\image_37.jpg,136,489,244,641
D:\SEM 7\CVProject\datasets\bottles_closeups\image_37.jpg,1319,1095,1453,1217
D:\SEM 7\CVProject\datasets\bottles_closeups\image_37.jpg,1442,912,1544,1072
D:\SEM 7\CVProject\datasets\bottles_closeups\image_37.jpg,2620,3184,2728,3334
D:\SEM 7\CVProject\datasets\bottles_closeups\image_37.jpg,228,2533,348,2668
D:\SEM 7\CVProject\datasets\bottles_closeups\image_37.jpg,1751,2795,1863,2939
D:\SEM 7\CVProject\datasets\bottles_closeups\image_37.jpg,570,2774,652,2970
D:\SEM 7\CVProject\datasets\bottles_closeups\image_37.jpg,55,106,170,245
D:\SEM 7\CVProject\datasets\bottles_closeups\image_37.jpg,1376,2498,1517,2611
D:\SEM 7\CVProject\datasets\bottles_closeups\image_37.jpg,2516,2628,2610,2797
D:\SEM 7\CVProject\datasets\bottles_closeups\image_37.jpg,1765,0,1893,124
D:\SEM 7\CVProject\datasets\bottles_closeups\image_37.jpg,1991,2484,2130,2598
D:\SEM 7\CVProject\datasets\bottles_closeups\image_37.jpg,2043,3070,2122,3269
D:\SEM 7\CVProject\datasets\bottles_closeups\image_37.jpg,1064,2768,1163,2926
D:\SEM 7\CVProject\datasets\bottles_closeups\image_37.jpg,1500,3438,1643,3547
D:\SEM 7\CVProject\datasets\bottles_closeups\image_37.jpg,450,1275,562,1414
D:\SEM 7\CVProject\datasets\bottles_closeups\image_37.jpg,1370,2041,1521,2144
D:\SEM 7\CVProject\datasets\bottles_closeups\image_37.jpg,1982,2135,2106,2260
D:\SEM 7\CVProject\datasets\bottles_closeups\image_37.jpg,526,2524,657,2642
D:\SEM 7\CVProject\datasets\bottles_closeups\image_37.jpg,1467,3030,1531,3270
D:\SEM 7\CVProject\datasets\bottles_closeups\image_37.jpg,222,2958,346,3082
D:\SEM 7\CVProject\datasets\bottles_closeups\image_37.jpg,1484,2702,1557,2912
D:\SEM 7\CVProject\datasets\bottles_closeups\image_37.jpg,1018,3163,1136,3292
D:\SEM 7\CVProject\datasets\bottles_closeups\image_37.jpg,2127,3762,2248,3887
D:\SEM 7\CVProject\datasets\bottles_closeups\image_37.jpg,1242,62,1379,172
D:\SEM 7\CVProject\datasets\bottles_closeups\image_37.jpg,2069,1923,2238,2012
D:\SEM 7\CVProject\datasets\bottles_closeups\image_37.jpg,2124,1998,2256,2112
D:\SEM 7\CVProject\datasets\bottles_closeups\image_37.jpg,1538,834,1676,943
D:\SEM 7\CVProject\datasets\bottles_closeups\image_37.jpg,547,3797,611,4031
D:\SEM 7\CVProject\datasets\bottles_closeups\image_37.jpg,2858,3771,3023,3862
D:\SEM 7\CVProject\datasets\bottles_closeups\image_37.jpg,1778,439,1895,567
D:\SEM 7\CVProject\datasets\bottles_closeups\image_37.jpg,344,73,508,164
D:\SEM 7\CVProject\datasets\bottles_closeups\image_37.jpg,630,2015,730,2164
D:\SEM 7\CVProject\datasets\bottles_closeups\image_37.jpg,1952,757,2077,876
D:\SEM 7\CVProject\datasets\bottles_closeups\image_37.jpg,1458,1212,1608,1311
D:\SEM 7\CVProject\datasets\bottles_closeups\image_37.jpg,1524,2030,1668,2133
D:\SEM 7\CVProject\datasets\bottles_closeups\image_37.jpg,616,343,721,484
D:\SEM 7\CVProject\datasets\bottles_closeups\image_37.jpg,2787,3857,2889,4002
D:\SEM 7\CVProject\datasets\bottles_closeups\image_37.jpg,736,3073,812,3266
D:\SEM 7\CVProject\datasets\bottles_closeups\image_37.jpg,97,2451,220,2570
D:\SEM 7\CVProject\datasets\bottles_closeups\image_37.jpg,1257,2596,1406,2694
D:\SEM 7\CVProject\datasets\bottles_closeups\image_37.jpg,867,889,942,1082
D:\SEM 7\CVProject\datasets\bottles_closeups\image_37.jpg,1246,746,1380,854
D:\SEM 7\CVProject\datasets\bottles_closeups\image_37.jpg,820,3139,957,3244
D:\SEM 7\CVProject\datasets\bottles_closeups\image_37.jpg,2794,3589,2909,3714
D:\SEM 7\CVProject\datasets\bottles_closeups\image_37.jpg,613,3955,801,4031
D:\SEM 7\CVProject\datasets\bottles_closeups\image_37.jpg,765,2737,816,3015
D:\SEM 7\CVProject\datasets\bottles_closeups\image_37.jpg,2488,2820,2612,2935
D:\SEM 7\CVProject\datasets\bottles_closeups\image_37.jpg,2910,2033,3023,2159
D:\SEM 7\CVProject\datasets\bottles_closeups\image_37.jpg,2940,1228,3015,1417
D:\SEM 7\CVProject\datasets\bottles_closeups\image_37.jpg,1,1458,65,1679
D:\SEM 7\CVProject\datasets\bottles_closeups\image_37.jpg,2103,1839,2234,1945
D:\SEM 7\CVProject\datasets\bottles_closeups\image_37.jpg,2116,3345,2171,3596
D:\SEM 7\CVProject\datasets\bottles_closeups\image_37.jpg,2399,639,2510,764
D:\SEM 7\CVProject\datasets\bottles_closeups\image_37.jpg,585,611,693,739
D:\SEM 7\CVProject\datasets\bottles_closeups\image_37.jpg,1885,409,1942,650
D:\SEM 7\CVProject\datasets\bottles_closeups\image_37.jpg,100,1854,210,1979
D:\SEM 7\CVProject\datasets\bottles_closeups\image_37.jpg,2013,1939,2098,2100
D:\SEM 7\CVProject\datasets\bottles_closeups\image_37.jpg,1008,0,1121,121
D:\SEM 7\CVProject\datasets\bottles_closeups\image_37.jpg,2100,3957,2283,4031
D:\SEM 7\CVProject\datasets\bottles_closeups\image_37.jpg,884,0,1023,97
D:\SEM 7\CVProject\datasets\bottles_closeups\image_37.jpg,1166,168,1275,291
D:\SEM 7\CVProject\datasets\bottles_closeups\image_37.jpg,2908,2345,3023,2461
D:\SEM 7\CVProject\datasets\bottles_closeups\image_37.jpg,62,1991,175,2108
D:\SEM 7\CVProject\datasets\bottles_closeups\image_37.jpg,928,1319,1046,1431
D:\SEM 7\CVProject\datasets\bottles_closeups\image_37.jpg,2585,614,2689,741
D:\SEM 7\CVProject\datasets\bottles_closeups\image_37.jpg,2932,3860,3009,4031
D:\SEM 7\CVProject\datasets\bottles_closeups\image_37.jpg,2501,530,2595,670
D:\SEM 7\CVProject\datasets\bottles_closeups\image_37.jpg,448,3378,501,3624
D:\SEM 7\CVProject\datasets\bottles_closeups\image_37.jpg,2381,693,2478,828
D:\SEM 7\CVProject\datasets\bottles_closeups\image_37.jpg,1655,277,1791,373
D:\SEM 7\CVProject\datasets\bottles_closeups\image_37.jpg,1928,1106,2064,1202
D:\SEM 7\CVProject\datasets\bottles_closeups\image_37.jpg,2121,3541,2211,3686
D:\SEM 7\CVProject\datasets\bottles_closeups\image_37.jpg,1062,1655,1140,1822
D:\SEM 7\CVProject\datasets\bottles_closeups\image_37.jpg,369,732,524,816
D:\SEM 7\CVProject\datasets\bottles_closeups\image_37.jpg,168,1638,315,1726
D:\SEM 7\CVProject\datasets\bottles_closeups\image_37.jpg,1794,336,1889,472
D:\SEM 7\CVProject\datasets\bottles_closeups\image_37.jpg,2617,2780,2714,2913
D:\SEM 7\CVProject\datasets\bottles_closeups\image_37.jpg,2075,2825,2179,2949
D:\SEM 7\CVProject\datasets\bottles_closeups\image_37.jpg,1,317,68,509
D:\SEM 7\CVProject\datasets\bottles_closeups\image_37.jpg,2189,3030,2257,3219
D:\SEM 7\CVProject\datasets\bottles_closeups\image_37.jpg,50,2154,163,2268
D:\SEM 7\CVProject\datasets\bottles_closeups\image_37.jpg,2748,744,2864,855
D:\SEM 7\CVProject\datasets\bottles_closeups\image_37.jpg,2459,3102,2544,3253
D:\SEM 7\CVProject\datasets\bottles_closeups\image_37.jpg,2023,1177,2127,1300
D:\SEM 7\CVProject\datasets\bottles_closeups\image_37.jpg,1680,306,1787,425
D:\SEM 7\CVProject\datasets\bottles_closeups\image_37.jpg,590,2237,713,2340
D:\SEM 7\CVProject\datasets\bottles_closeups\image_37.jpg,1170,812,1301,908
D:\SEM 7\CVProject\datasets\bottles_closeups\image_37.jpg,2177,382,2244,569
D:\SEM 7\CVProject\datasets\bottles_closeups\image_37.jpg,769,3881,862,4016
D:\SEM 7\CVProject\datasets\bottles_closeups\image_37.jpg,1887,2277,1962,2444
D:\SEM 7\CVProject\datasets\bottles_closeups\image_37.jpg,2351,3800,2405,4031
D:\SEM 7\CVProject\datasets\bottles_closeups\image_37.jpg,1352,2731,1470,2837
D:\SEM 7\CVProject\datasets\bottles_closeups\image_37.jpg,546,2701,642,2830
D:\SEM 7\CVProject\datasets\bottles_closeups\image_37.jpg,0,763,121,865
D:\SEM 7\CVProject\datasets\bottles_closeups\image_37.jpg,2627,3131,2740,3240
D:\SEM 7\CVProject\datasets\bottles_closeups\image_37.jpg,2004,317,2108,435
D:\SEM 7\CVProject\datasets\bottles_closeups\image_37.jpg,1804,1638,1845,1934
D:\SEM 7\CVProject\datasets\bottles_closeups\image_37.jpg,1200,1702,1260,1905
D:\SEM 7\CVProject\datasets\bottles_closeups\image_37.jpg,586,2453,707,2554
D:\SEM 7\CVProject\datasets\bottles_closeups\image_37.jpg,791,3532,898,3646
D:\SEM 7\CVProject\datasets\bottles_closeups\image_37.jpg,585,3686,678,3817
D:\SEM 7\CVProject\datasets\bottles_closeups\image_37.jpg,2422,2093,2539,2197
D:\SEM 7\CVProject\datasets\bottles_closeups\image_37.jpg,668,1688,761,1818
D:\SEM 7\CVProject\datasets\bottles_closeups\image_37.jpg,1,12,76,173
D:\SEM 7\CVProject\datasets\bottles_closeups\image_37.jpg,1440,195,1553,302
D:\SEM 7\CVProject\datasets\bottles_closeups\image_37.jpg,649,796,753,912
D:\SEM 7\CVProject\datasets\bottles_closeups\image_37.jpg,740,1943,826,2083
D:\SEM 7\CVProject\datasets\bottles_closeups\image_37.jpg,658,1123,755,1247
D:\SEM 7\CVProject\datasets\bottles_closeups\image_37.jpg,2556,2117,2636,2267
D:\SEM 7\CVProject\datasets\bottles_closeups\image_37.jpg,17,2891,158,2976
D:\SEM 7\CVProject\datasets\bottles_closeups\image_38.jpg,0,1882,3023,4031
D:\SEM 7\CVProject\datasets\bottles_closeups\image_38.jpg,1426,145,2957,2355
D:\SEM 7\CVProject\datasets\bottles_closeups\image_38.jpg,254,913,2629,2323
D:\SEM 7\CVProject\datasets\bottles_closeups\image_38.jpg,534,0,2842,940
D:\SEM 7\CVProject\datasets\bottles_closeups\image_38.jpg,528,1898,2125,3103
D:\SEM 7\CVProject\datasets\bottles_closeups\image_38.jpg,24,0,739,1824
D:\SEM 7\CVProject\datasets\bottles_closeups\image_38.jpg,2080,3223,3023,4031
D:\SEM 7\CVProject\datasets\bottles_closeups\image_38.jpg,1927,1163,2668,2133
D:\SEM 7\CVProject\datasets\bottles_closeups\image_38.jpg,386,320,1497,910
D:\SEM 7\CVProject\datasets\bottles_closeups\image_38.jpg,0,512,407,1840
D:\SEM 7\CVProject\datasets\bottles_closeups\image_38.jpg,1125,149,1996,686
D:\SEM 7\CVProject\datasets\bottles_closeups\image_38.jpg,0,3280,522,3946
D:\SEM 7\CVProject\datasets\bottles_closeups\image_38.jpg,2651,0,2993,954
D:\SEM 7\CVProject\datasets\bottles_closeups\image_38.jpg,1556,1932,1929,2481
D:\SEM 7\CVProject\datasets\bottles_closeups\image_38.jpg,1375,1907,1721,2476
D:\SEM 7\CVProject\datasets\bottles_closeups\image_38.jpg,0,1658,419,2106
D:\SEM 7\CVProject\datasets\bottles_closeups\image_38.jpg,178,0,344,885
D:\SEM 7\CVProject\datasets\bottles_closeups\image_38.jpg,0,0,155,834
D:\SEM 7\CVProject\datasets\bottles_closeups\image_38.jpg,1382,2686,1813,2984
D:\SEM 7\CVProject\datasets\bottles_closeups\image_38.jpg,187,3028,469,3410
D:\SEM 7\CVProject\datasets\bottles_closeups\image_38.jpg,1681,3827,2061,4031
D:\SEM 7\CVProject\datasets\bottles_closeups\image_38.jpg,2763,2898,3023,3187
D:\SEM 7\CVProject\datasets\bottles_closeups\image_38.jpg,1569,1960,1819,2259
D:\SEM 7\CVProject\datasets\bottles_closeups\image_38.jpg,729,3722,956,4031
D:\SEM 7\CVProject\datasets\bottles_closeups\image_38.jpg,1523,2253,1808,2487
D:\SEM 7\CVProject\datasets\bottles_closeups\image_38.jpg,1538,981,1831,1192
D:\SEM 7\CVProject\datasets\bottles_closeups\image_38.jpg,165,0,271,570
D:\SEM 7\CVProject\datasets\bottles_closeups\image_38.jpg,1526,3694,1696,4031
D:\SEM 7\CVProject\datasets\bottles_closeups\image_38.jpg,19,0,127,510
D:\SEM 7\CVProject\datasets\bottles_closeups\image_38.jpg,592,3733,826,3951
D:\SEM 7\CVProject\datasets\bottles_closeups\image_38.jpg,1677,2675,1885,2912
D:\SEM 7\CVProject\datasets\bottles_closeups\image_38.jpg,1401,3063,1580,3333
D:\SEM 7\CVProject\datasets\bottles_closeups\image_38.jpg,1966,2632,2289,2781
D:\SEM 7\CVProject\datasets\bottles_closeups\image_38.jpg,0,3097,164,3379
D:\SEM 7\CVProject\datasets\bottles_closeups\image_38.jpg,1407,1508,1672,1681
D:\SEM 7\CVProject\datasets\bottles_closeups\image_38.jpg,553,3574,769,3784
D:\SEM 7\CVProject\datasets\bottles_closeups\image_38.jpg,1055,2648,1269,2857
D:\SEM 7\CVProject\datasets\bottles_closeups\image_38.jpg,1189,1575,1358,1831
D:\SEM 7\CVProject\datasets\bottles_closeups\image_38.jpg,263,3823,455,4031
D:\SEM 7\CVProject\datasets\bottles_closeups\image_38.jpg,1138,3702,1274,3976
D:\SEM 7\CVProject\datasets\bottles_closeups\image_38.jpg,15,3633,175,3841
D:\SEM 7\CVProject\datasets\bottles_closeups\image_38.jpg,2769,648,2849,1008
D:\SEM 7\CVProject\datasets\bottles_closeups\image_38.jpg,1454,3793,1565,4031
D:\SEM 7\CVProject\datasets\bottles_closeups\image_38.jpg,72,2985,268,3118
D:\SEM 7\CVProject\datasets\bottles_closeups\image_38.jpg,2398,3075,2588,3212
D:\SEM 7\CVProject\datasets\bottles_closeups\image_38.jpg,0,3796,163,3955
D:\SEM 7\CVProject\datasets\bottles_closeups\image_38.jpg,1684,989,1827,1153
D:\SEM 7\CVProject\datasets\bottles_closeups\image_38.jpg,0,2920,125,3105
D:\SEM 7\CVProject\datasets\bottles_closeups\image_38.jpg,1460,2080,1566,2296
D:\SEM 7\CVProject\datasets\bottles_closeups\image_38.jpg,632,2362,803,2495
D:\SEM 7\CVProject\datasets\bottles_closeups\image_38.jpg,1361,3822,1469,4031
D:\SEM 7\CVProject\datasets\bottles_closeups\image_38.jpg,268,2859,400,3028
D:\SEM 7\CVProject\datasets\bottles_closeups\image_38.jpg,1871,2769,2081,2875
D:\SEM 7\CVProject\datasets\bottles_closeups\image_38.jpg,1770,2446,1904,2609
D:\SEM 7\CVProject\datasets\bottles_closeups\image_38.jpg,519,3520,676,3659
D:\SEM 7\CVProject\datasets\bottles_closeups\image_38.jpg,1745,2680,1887,2833
D:\SEM 7\CVProject\datasets\bottles_closeups\image_38.jpg,1933,3485,2060,3655
D:\SEM 7\CVProject\datasets\bottles_closeups\image_38.jpg,1424,2784,1544,2962
D:\SEM 7\CVProject\datasets\bottles_closeups\image_38.jpg,1036,3730,1145,3923
D:\SEM 7\CVProject\datasets\bottles_closeups\image_38.jpg,2117,3546,2238,3716
D:\SEM 7\CVProject\datasets\bottles_closeups\image_38.jpg,892,3487,1017,3651
D:\SEM 7\CVProject\datasets\bottles_closeups\image_38.jpg,686,2515,825,2649
D:\SEM 7\CVProject\datasets\bottles_closeups\image_38.jpg,2006,3648,2129,3797
D:\SEM 7\CVProject\datasets\bottles_closeups\image_38.jpg,1519,3535,1684,3644
D:\SEM 7\CVProject\datasets\bottles_closeups\image_38.jpg,1220,3888,1338,4031
D:\SEM 7\CVProject\datasets\bottles_closeups\image_38.jpg,2363,3481,2486,3616
D:\SEM 7\CVProject\datasets\bottles_closeups\image_38.jpg,1108,150,1279,246
D:\SEM 7\CVProject\datasets\bottles_closeups\image_38.jpg,1688,3712,1776,3898
D:\SEM 7\CVProject\datasets\bottles_closeups\image_38.jpg,2276,2888,2454,2979
D:\SEM 7\CVProject\datasets\bottles_closeups\image_38.jpg,1375,2374,1457,2569
D:\SEM 7\CVProject\datasets\bottles_closeups\image_38.jpg,1545,1273,1624,1473
D:\SEM 7\CVProject\datasets\bottles_closeups\image_38.jpg,773,2425,946,2515
D:\SEM 7\CVProject\datasets\bottles_closeups\image_38.jpg,905,2737,1063,2835
D:\SEM 7\CVProject\datasets\bottles_closeups\image_38.jpg,1679,2050,1737,2303
D:\SEM 7\CVProject\datasets\bottles_closeups\image_38.jpg,1729,2105,1817,2272
D:\SEM 7\CVProject\datasets\bottles_closeups\image_38.jpg,1277,3757,1374,3907
D:\SEM 7\CVProject\datasets\bottles_closeups\image_38.jpg,1964,2598,2109,2698
D:\SEM 7\CVProject\datasets\bottles_closeups\image_38.jpg,2537,3021,2670,3130
D:\SEM 7\CVProject\datasets\bottles_closeups\image_38.jpg,0,2709,137,2814
D:\SEM 7\CVProject\datasets\bottles_closeups\image_38.jpg,1696,2825,1802,2959
D:\SEM 7\CVProject\datasets\bottles_closeups\image_38.jpg,58,2534,221,2621
D:\SEM 7\CVProject\datasets\bottles_closeups\image_38.jpg,2126,3249,2225,3392
D:\SEM 7\CVProject\datasets\bottles_closeups\image_38.jpg,1492,1232,1596,1367
D:\SEM 7\CVProject\datasets\bottles_closeups\image_38.jpg,441,2002,495,2260
D:\SEM 7\CVProject\datasets\bottles_closeups\image_38.jpg,1384,1578,1484,1718
D:\SEM 7\CVProject\datasets\bottles_closeups\image_38.jpg,625,3341,701,3519
D:\SEM 7\CVProject\datasets\bottles_closeups\image_38.jpg,2076,2327,2215,2424
D:\SEM 7\CVProject\datasets\bottles_closeups\image_38.jpg,1042,3206,1146,3334
D:\SEM 7\CVProject\datasets\bottles_closeups\image_38.jpg,476,3657,574,3792
D:\SEM 7\CVProject\datasets\bottles_closeups\image_38.jpg,1601,2127,1682,2287
D:\SEM 7\CVProject\datasets\bottles_closeups\image_38.jpg,1685,2622,1849,2701
D:\SEM 7\CVProject\datasets\bottles_closeups\image_38.jpg,2496,3236,2621,3338
D:\SEM 7\CVProject\datasets\bottles_closeups\image_38.jpg,2539,3094,2642,3216
D:\SEM 7\CVProject\datasets\bottles_closeups\image_38.jpg,462,3399,575,3510
D:\SEM 7\CVProject\datasets\bottles_closeups\image_38.jpg,1664,3578,1759,3708
D:\SEM 7\CVProject\datasets\bottles_closeups\image_38.jpg,1368,547,1515,630
D:\SEM 7\CVProject\datasets\bottles_closeups\image_38.jpg,1843,2335,1913,2508
D:\SEM 7\CVProject\datasets\bottles_closeups\image_38.jpg,1656,1321,1824,1393
D:\SEM 7\CVProject\datasets\bottles_closeups\image_38.jpg,1690,153,1853,227
D:\SEM 7\CVProject\datasets\bottles_closeups\image_4.jpg,0,591,2999,2836
D:\SEM 7\CVProject\datasets\bottles_closeups\image_4.jpg,0,1590,2761,3858
D:\SEM 7\CVProject\datasets\bottles_closeups\image_4.jpg,0,0,2999,1451
D:\SEM 7\CVProject\datasets\bottles_closeups\image_4.jpg,0,1095,2088,2278
D:\SEM 7\CVProject\datasets\bottles_closeups\image_4.jpg,0,295,1531,1256
D:\SEM 7\CVProject\datasets\bottles_closeups\image_4.jpg,1680,878,2874,1885
D:\SEM 7\CVProject\datasets\bottles_closeups\image_4.jpg,956,2160,1888,3383
D:\SEM 7\CVProject\datasets\bottles_closeups\image_4.jpg,120,3379,1614,3999
D:\SEM 7\CVProject\datasets\bottles_closeups\image_4.jpg,1628,3302,2725,3999
D:\SEM 7\CVProject\datasets\bottles_closeups\image_4.jpg,2130,110,2999,863
D:\SEM 7\CVProject\datasets\bottles_closeups\image_4.jpg,975,385,2014,1011
D:\SEM 7\CVProject\datasets\bottles_closeups\image_4.jpg,872,1421,1861,2074
D:\SEM 7\CVProject\datasets\bottles_closeups\image_4.jpg,988,3161,1805,3784
D:\SEM 7\CVProject\datasets\bottles_closeups\image_4.jpg,392,2476,1005,3214
D:\SEM 7\CVProject\datasets\bottles_closeups\image_4.jpg,19,1973,841,2515
D:\SEM 7\CVProject\datasets\bottles_closeups\image_4.jpg,435,3552,1187,3999
D:\SEM 7\CVProject\datasets\bottles_closeups\image_4.jpg,2544,550,2999,1219
D:\SEM 7\CVProject\datasets\bottles_closeups\image_4.jpg,995,2583,1438,3219
D:\SEM 7\CVProject\datasets\bottles_closeups\image_4.jpg,2264,1908,2844,2363
D:\SEM 7\CVProject\datasets\bottles_closeups\image_4.jpg,1725,479,2268,954
D:\SEM 7\CVProject\datasets\bottles_closeups\image_4.jpg,2533,2454,2999,2934
D:\SEM 7\CVProject\datasets\bottles_closeups\image_4.jpg,104,2880,516,3409
D:\SEM 7\CVProject\datasets\bottles_closeups\image_4.jpg,364,3087,979,3417
D:\SEM 7\CVProject\datasets\bottles_closeups\image_4.jpg,1988,2948,2378,3464
D:\SEM 7\CVProject\datasets\bottles_closeups\image_4.jpg,166,2036,741,2342
D:\SEM 7\CVProject\datasets\bottles_closeups\image_4.jpg,0,3329,364,3811
D:\SEM 7\CVProject\datasets\bottles_closeups\image_4.jpg,1110,1951,1765,2215
D:\SEM 7\CVProject\datasets\bottles_closeups\image_4.jpg,831,1095,1168,1575
D:\SEM 7\CVProject\datasets\bottles_closeups\image_4.jpg,1820,76,2269,422
D:\SEM 7\CVProject\datasets\bottles_closeups\image_4.jpg,2652,3546,2999,3955
D:\SEM 7\CVProject\datasets\bottles_closeups\image_4.jpg,2132,3498,2588,3806
D:\SEM 7\CVProject\datasets\bottles_closeups\image_4.jpg,940,2290,1379,2608
D:\SEM 7\CVProject\datasets\bottles_closeups\image_4.jpg,1976,2449,2526,2684
D:\SEM 7\CVProject\datasets\bottles_closeups\image_4.jpg,0,2719,161,3515
D:\SEM 7\CVProject\datasets\bottles_closeups\image_4.jpg,243,3468,614,3783
D:\SEM 7\CVProject\datasets\bottles_closeups\image_4.jpg,220,3320,712,3556
D:\SEM 7\CVProject\datasets\bottles_closeups\image_4.jpg,2236,2935,2558,3290
D:\SEM 7\CVProject\datasets\bottles_closeups\image_4.jpg,2314,208,2699,500
D:\SEM 7\CVProject\datasets\bottles_closeups\image_4.jpg,2295,2078,2651,2393
D:\SEM 7\CVProject\datasets\bottles_closeups\image_4.jpg,1419,0,1697,401
D:\SEM 7\CVProject\datasets\bottles_closeups\image_4.jpg,2509,0,2999,226
D:\SEM 7\CVProject\datasets\bottles_closeups\image_4.jpg,1197,640,1716,853
D:\SEM 7\CVProject\datasets\bottles_closeups\image_4.jpg,2624,3198,2999,3488
D:\SEM 7\CVProject\datasets\bottles_closeups\image_4.jpg,1872,2197,2179,2510
D:\SEM 7\CVProject\datasets\bottles_closeups\image_4.jpg,2673,1810,2989,2101
D:\SEM 7\CVProject\datasets\bottles_closeups\image_4.jpg,2085,1824,2501,2042
D:\SEM 7\CVProject\datasets\bottles_closeups\image_4.jpg,770,51,1032,391
D:\SEM 7\CVProject\datasets\bottles_closeups\image_4.jpg,986,872,1255,1199
D:\SEM 7\CVProject\datasets\bottles_closeups\image_4.jpg,2281,488,2608,745
D:\SEM 7\CVProject\datasets\bottles_closeups\image_4.jpg,2553,2252,2984,2445
D:\SEM 7\CVProject\datasets\bottles_closeups\image_4.jpg,2221,2566,2610,2779
D:\SEM 7\CVProject\datasets\bottles_closeups\image_4.jpg,2711,3418,2963,3732
D:\SEM 7\CVProject\datasets\bottles_closeups\image_4.jpg,904,1753,1228,1990
D:\SEM 7\CVProject\datasets\bottles_closeups\image_4.jpg,1072,1888,1426,2097
D:\SEM 7\CVProject\datasets\bottles_closeups\image_4.jpg,1369,2815,1610,3115
D:\SEM 7\CVProject\datasets\bottles_closeups\image_4.jpg,1949,2057,2305,2256
D:\SEM 7\CVProject\datasets\bottles_closeups\image_4.jpg,488,3711,744,3981
D:\SEM 7\CVProject\datasets\bottles_closeups\image_4.jpg,2131,2277,2367,2536
D:\SEM 7\CVProject\datasets\bottles_closeups\image_4.jpg,532,2656,837,2835
D:\SEM 7\CVProject\datasets\bottles_closeups\image_4.jpg,2751,450,2999,665
D:\SEM 7\CVProject\datasets\bottles_closeups\image_4.jpg,0,1715,203,1969
D:\SEM 7\CVProject\datasets\bottles_closeups\image_4.jpg,2272,615,2489,845
D:\SEM 7\CVProject\datasets\bottles_closeups\image_4.jpg,2549,1554,2780,1770
D:\SEM 7\CVProject\datasets\bottles_closeups\image_4.jpg,2791,3320,2999,3559
D:\SEM 7\CVProject\datasets\bottles_closeups\image_4.jpg,2797,2358,2999,2603
D:\SEM 7\CVProject\datasets\bottles_closeups\image_4.jpg,2469,2693,2723,2880
D:\SEM 7\CVProject\datasets\bottles_closeups\image_4.jpg,2784,785,2999,997
D:\SEM 7\CVProject\datasets\bottles_closeups\image_4.jpg,594,2247,919,2387
D:\SEM 7\CVProject\datasets\bottles_closeups\image_4.jpg,2778,3743,2952,3999
D:\SEM 7\CVProject\datasets\bottles_closeups\image_4.jpg,2719,345,2938,548
D:\SEM 7\CVProject\datasets\bottles_closeups\image_4.jpg,1721,602,1985,767
D:\SEM 7\CVProject\datasets\bottles_closeups\image_4.jpg,344,1976,664,2112
D:\SEM 7\CVProject\datasets\bottles_closeups\image_4.jpg,2609,1454,2873,1616
D:\SEM 7\CVProject\datasets\bottles_closeups\image_4.jpg,0,2371,277,2522
D:\SEM 7\CVProject\datasets\bottles_closeups\image_4.jpg,2492,3634,2780,3773
D:\SEM 7\CVProject\datasets\bottles_closeups\image_4.jpg,863,2348,1054,2556
D:\SEM 7\CVProject\datasets\bottles_closeups\image_4.jpg,1594,3040,1804,3229
D:\SEM 7\CVProject\datasets\bottles_closeups\image_4.jpg,1604,2723,1781,2933
D:\SEM 7\CVProject\datasets\bottles_closeups\image_4.jpg,2601,152,2847,302
D:\SEM 7\CVProject\datasets\bottles_closeups\image_4.jpg,1445,1882,1697,2027
D:\SEM 7\CVProject\datasets\bottles_closeups\image_4.jpg,632,3768,790,3999
D:\SEM 7\CVProject\datasets\bottles_closeups\image_4.jpg,1674,2899,1809,3168
D:\SEM 7\CVProject\datasets\bottles_closeups\image_4.jpg,1799,1744,1956,1969
D:\SEM 7\CVProject\datasets\bottles_closeups\image_4.jpg,1046,1958,1240,2140
D:\SEM 7\CVProject\datasets\bottles_closeups\image_4.jpg,2627,369,2791,582
D:\SEM 7\CVProject\datasets\bottles_closeups\image_4.jpg,974,3652,1187,3814
D:\SEM 7\CVProject\datasets\bottles_closeups\image_4.jpg,611,1761,814,1930
D:\SEM 7\CVProject\datasets\bottles_closeups\image_4.jpg,140,3634,246,3943
D:\SEM 7\CVProject\datasets\bottles_closeups\image_4.jpg,1698,2323,1875,2507
D:\SEM 7\CVProject\datasets\bottles_closeups\image_4.jpg,668,3596,833,3792
D:\SEM 7\CVProject\datasets\bottles_closeups\image_4.jpg,473,2998,626,3204
D:\SEM 7\CVProject\datasets\bottles_closeups\image_4.jpg,614,3338,761,3552
D:\SEM 7\CVProject\datasets\bottles_closeups\image_4.jpg,972,2451,1092,2709
D:\SEM 7\CVProject\datasets\bottles_closeups\image_4.jpg,2607,1914,2827,2051
D:\SEM 7\CVProject\datasets\bottles_closeups\image_4.jpg,2637,2591,2823,2750
D:\SEM 7\CVProject\datasets\bottles_closeups\image_4.jpg,116,1350,335,1484
D:\SEM 7\CVProject\datasets\bottles_closeups\image_4.jpg,2305,2343,2496,2494
D:\SEM 7\CVProject\datasets\bottles_closeups\image_4.jpg,632,2379,883,2492
D:\SEM 7\CVProject\datasets\bottles_closeups\image_4.jpg,2887,2935,2999,3182
D:\SEM 7\CVProject\datasets\bottles_closeups\image_4.jpg,1880,2508,2099,2634
D:\SEM 7\CVProject\datasets\bottles_closeups\image_4.jpg,1810,2858,2022,2986
D:\SEM 7\CVProject\datasets\bottles_closeups\image_4.jpg,2608,3204,2818,3332
D:\SEM 7\CVProject\datasets\bottles_closeups\image_4.jpg,166,1895,323,2065
D:\SEM 7\CVProject\datasets\bottles_closeups\image_4.jpg,316,2496,505,2635
D:\SEM 7\CVProject\datasets\bottles_closeups\image_4.jpg,1434,1945,1634,2074
D:\SEM 7\CVProject\datasets\bottles_closeups\image_4.jpg,0,2458,114,2662
D:\SEM 7\CVProject\datasets\bottles_closeups\image_4.jpg,2665,3578,2773,3792
D:\SEM 7\CVProject\datasets\bottles_closeups\image_4.jpg,105,1824,301,1939
D:\SEM 7\CVProject\datasets\bottles_closeups\image_4.jpg,601,2279,792,2397
D:\SEM 7\CVProject\datasets\bottles_closeups\image_4.jpg,2666,1532,2855,1650
D:\SEM 7\CVProject\datasets\bottles_closeups\image_4.jpg,806,3629,885,3907
D:\SEM 7\CVProject\datasets\bottles_closeups\image_4.jpg,1568,3399,1715,3543
D:\SEM 7\CVProject\datasets\bottles_closeups\image_4.jpg,2431,2759,2549,2937
D:\SEM 7\CVProject\datasets\bottles_closeups\image_4.jpg,49,2853,184,3008
D:\SEM 7\CVProject\datasets\bottles_closeups\image_4.jpg,1312,407,1513,511
D:\SEM 7\CVProject\datasets\bottles_closeups\image_4.jpg,2637,2067,2809,2188
D:\SEM 7\CVProject\datasets\bottles_closeups\image_4.jpg,2810,2368,2999,2476
D:\SEM 7\CVProject\datasets\bottles_closeups\image_4.jpg,2564,2990,2674,3170
D:\SEM 7\CVProject\datasets\bottles_closeups\image_4.jpg,2502,1962,2625,2123
D:\SEM 7\CVProject\datasets\bottles_closeups\image_4.jpg,1693,3769,1783,3984
D:\SEM 7\CVProject\datasets\bottles_closeups\image_4.jpg,1757,1526,1974,1615
D:\SEM 7\CVProject\datasets\bottles_closeups\image_4.jpg,1890,3533,1985,3736
D:\SEM 7\CVProject\datasets\bottles_closeups\image_4.jpg,385,318,534,447
D:\SEM 7\CVProject\datasets\bottles_closeups\image_4.jpg,2653,992,2858,1085
D:\SEM 7\CVProject\datasets\bottles_closeups\image_4.jpg,1830,2981,1979,3109
D:\SEM 7\CVProject\datasets\bottles_closeups\image_4.jpg,983,3611,1118,3750
D:\SEM 7\CVProject\datasets\bottles_closeups\image_4.jpg,611,2229,783,2338
D:\SEM 7\CVProject\datasets\bottles_closeups\image_4.jpg,1259,1940,1415,2060
D:\SEM 7\CVProject\datasets\bottles_closeups\image_4.jpg,2563,3278,2746,3380
D:\SEM 7\CVProject\datasets\bottles_closeups\image_4.jpg,1527,2042,1666,2176
D:\SEM 7\CVProject\datasets\bottles_closeups\image_4.jpg,768,3832,879,3999
D:\SEM 7\CVProject\datasets\bottles_closeups\image_4.jpg,196,2839,307,3006
D:\SEM 7\CVProject\datasets\bottles_closeups\image_4.jpg,0,1197,178,1300
D:\SEM 7\CVProject\datasets\bottles_closeups\image_4.jpg,358,2958,537,3060
D:\SEM 7\CVProject\datasets\bottles_closeups\image_4.jpg,949,2349,1112,2461
D:\SEM 7\CVProject\datasets\bottles_closeups\image_4.jpg,1379,2879,1568,2975
D:\SEM 7\CVProject\datasets\bottles_closeups\image_4.jpg,1426,2031,1625,2121
D:\SEM 7\CVProject\datasets\bottles_closeups\image_4.jpg,2333,1158,2540,1244
D:\SEM 7\CVProject\datasets\bottles_closeups\image_4.jpg,709,457,894,553
D:\SEM 7\CVProject\datasets\bottles_closeups\image_4.jpg,974,2296,1174,2383
D:\SEM 7\CVProject\datasets\bottles_closeups\image_4.jpg,1815,1225,2005,1316
D:\SEM 7\CVProject\datasets\bottles_closeups\image_4.jpg,615,3449,760,3568
D:\SEM 7\CVProject\datasets\bottles_closeups\image_4.jpg,2749,3118,2894,3236
D:\SEM 7\CVProject\datasets\bottles_closeups\image_4.jpg,1892,2344,2014,2483
D:\SEM 7\CVProject\datasets\bottles_closeups\image_4.jpg,960,3788,1049,3977
D:\SEM 7\CVProject\datasets\bottles_closeups\image_4.jpg,396,3197,496,3365
D:\SEM 7\CVProject\datasets\bottles_closeups\image_4.jpg,35,2704,158,2840
D:\SEM 7\CVProject\datasets\bottles_closeups\image_4.jpg,1871,2075,1970,2243
D:\SEM 7\CVProject\datasets\bottles_closeups\image_4.jpg,1620,2852,1749,2980
D:\SEM 7\CVProject\datasets\bottles_closeups\image_4.jpg,929,3553,1043,3694
D:\SEM 7\CVProject\datasets\bottles_closeups\image_4.jpg,0,3883,138,3999
D:\SEM 7\CVProject\datasets\bottles_closeups\image_4.jpg,767,2182,905,2298
D:\SEM 7\CVProject\datasets\bottles_closeups\image_4.jpg,2042,2672,2230,2757
D:\SEM 7\CVProject\datasets\bottles_closeups\image_4.jpg,1826,2750,1957,2872
D:\SEM 7\CVProject\datasets\bottles_closeups\image_4.jpg,1860,2182,1949,2361
D:\SEM 7\CVProject\datasets\bottles_closeups\image_4.jpg,2860,2802,2999,2916
D:\SEM 7\CVProject\datasets\bottles_closeups\image_4.jpg,1869,3633,1952,3822
D:\SEM 7\CVProject\datasets\bottles_closeups\image_4.jpg,62,1454,175,1593
D:\SEM 7\CVProject\datasets\bottles_closeups\image_4.jpg,1604,3832,1708,3982
D:\SEM 7\CVProject\datasets\bottles_closeups\image_4.jpg,1541,1355,1674,1472
D:\SEM 7\CVProject\datasets\bottles_closeups\image_4.jpg,962,2175,1150,2257
D:\SEM 7\CVProject\datasets\bottles_closeups\image_4.jpg,2031,1643,2116,1823
D:\SEM 7\CVProject\datasets\bottles_closeups\image_4.jpg,928,3621,986,3883
D:\SEM 7\CVProject\datasets\bottles_closeups\image_4.jpg,1880,3253,2003,3377
D:\SEM 7\CVProject\datasets\bottles_closeups\image_4.jpg,2863,254,2999,366
D:\SEM 7\CVProject\datasets\bottles_closeups\image_4.jpg,1121,1942,1308,2023
D:\SEM 7\CVProject\datasets\bottles_closeups\image_4.jpg,1831,2919,1921,3087
D:\SEM 7\CVProject\datasets\bottles_closeups\image_4.jpg,1446,1909,1630,1990
D:\SEM 7\CVProject\datasets\bottles_closeups\image_4.jpg,1563,869,1720,964
D:\SEM 7\CVProject\datasets\bottles_closeups\image_4.jpg,2078,1992,2196,2117
D:\SEM 7\CVProject\datasets\bottles_closeups\image_4.jpg,538,3076,646,3210
D:\SEM 7\CVProject\datasets\bottles_closeups\image_4.jpg,1,1947,88,2113
D:\SEM 7\CVProject\datasets\bottles_closeups\image_4.jpg,1278,2015,1427,2111
D:\SEM 7\CVProject\datasets\bottles_closeups\image_4.jpg,588,2836,675,2993
D:\SEM 7\CVProject\datasets\bottles_closeups\image_4.jpg,2567,637,2651,799
D:\SEM 7\CVProject\datasets\bottles_closeups\image_4.jpg,1377,2988,1558,3063
D:\SEM 7\CVProject\datasets\bottles_closeups\image_4.jpg,2717,2981,2808,3130
D:\SEM 7\CVProject\datasets\bottles_closeups\image_4.jpg,1895,2547,1975,2715
D:\SEM 7\CVProject\datasets\bottles_closeups\image_4.jpg,1727,1880,1839,2000
D:\SEM 7\CVProject\datasets\bottles_closeups\image_4.jpg,2906,2252,2999,2396
D:\SEM 7\CVProject\datasets\bottles_closeups\image_4.jpg,1592,3269,1717,3376
D:\SEM 7\CVProject\datasets\bottles_closeups\image_4.jpg,2112,2941,2232,3052
D:\SEM 7\CVProject\datasets\bottles_closeups\image_4.jpg,548,546,612,753
D:\SEM 7\CVProject\datasets\bottles_closeups\image_4.jpg,2880,1480,2999,1591
D:\SEM 7\CVProject\datasets\bottles_closeups\image_4.jpg,444,1908,613,1986
D:\SEM 7\CVProject\datasets\bottles_closeups\image_4.jpg,2914,3351,2999,3506
D:\SEM 7\CVProject\datasets\bottles_closeups\image_4.jpg,2873,1818,2999,1922
D:\SEM 7\CVProject\datasets\bottles_closeups\image_4.jpg,2573,2688,2659,2840
D:\SEM 7\CVProject\datasets\bottles_closeups\image_4.jpg,2839,1728,2999,1809
D:\SEM 7\CVProject\datasets\bottles_closeups\image_4.jpg,1975,2963,2065,3107
D:\SEM 7\CVProject\datasets\bottles_closeups\image_4.jpg,633,2552,756,2657
D:\SEM 7\CVProject\datasets\bottles_closeups\image_4.jpg,1116,3859,1231,3971
D:\SEM 7\CVProject\datasets\bottles_closeups\image_4.jpg,947,1451,1011,1651
D:\SEM 7\CVProject\datasets\bottles_closeups\image_4.jpg,63,1405,236,1479
D:\SEM 7\CVProject\datasets\bottles_closeups\image_4.jpg,2667,2672,2722,2904
D:\SEM 7\CVProject\datasets\bottles_closeups\image_4.jpg,558,945,655,1076
D:\SEM 7\CVProject\datasets\bottles_closeups\image_4.jpg,1,3567,82,3723
D:\SEM 7\CVProject\datasets\bottles_closeups\image_4.jpg,2386,1426,2514,1524
D:\SEM 7\CVProject\datasets\bottles_closeups\image_4.jpg,745,2599,815,2777
D:\SEM 7\CVProject\datasets\bottles_closeups\image_4.jpg,2705,2371,2840,2463
D:\SEM 7\CVProject\datasets\bottles_closeups\image_4.jpg,2831,3184,2968,3274
D:\SEM 7\CVProject\datasets\bottles_closeups\image_4.jpg,1625,2714,1733,2828
D:\SEM 7\CVProject\datasets\bottles_closeups\image_4.jpg,438,3799,499,3999
D:\SEM 7\CVProject\datasets\bottles_closeups\image_4.jpg,2294,2961,2409,3067
D:\SEM 7\CVProject\datasets\bottles_closeups\image_4.jpg,2079,2519,2240,2594
D:\SEM 7\CVProject\datasets\bottles_closeups\image_4.jpg,1749,2204,1871,2303
D:\SEM 7\CVProject\datasets\bottles_closeups\image_4.jpg,43,216,148,331
D:\SEM 7\CVProject\datasets\bottles_closeups\image_4.jpg,2922,2126,2999,2282
D:\SEM 7\CVProject\datasets\bottles_closeups\image_4.jpg,288,3733,385,3856
D:\SEM 7\CVProject\datasets\bottles_closeups\image_4.jpg,171,2548,304,2637
D:\SEM 7\CVProject\datasets\bottles_closeups\image_4.jpg,0,3556,117,3657
D:\SEM 7\CVProject\datasets\bottles_closeups\image_5.jpg,0,0,2039,3616
D:\SEM 7\CVProject\datasets\bottles_closeups\image_5.jpg,0,1943,3023,4031
D:\SEM 7\CVProject\datasets\bottles_closeups\image_5.jpg,1575,0,3023,2193
D:\SEM 7\CVProject\datasets\bottles_closeups\image_5.jpg,1042,2833,1930,3894
D:\SEM 7\CVProject\datasets\bottles_closeups\image_5.jpg,989,2110,1916,3062
D:\SEM 7\CVProject\datasets\bottles_closeups\image_5.jpg,2214,2059,2933,2696
D:\SEM 7\CVProject\datasets\bottles_closeups\image_5.jpg,1296,2794,1930,3350
D:\SEM 7\CVProject\datasets\bottles_closeups\image_5.jpg,1101,3411,1904,3761
D:\SEM 7\CVProject\datasets\bottles_closeups\image_5.jpg,1890,3749,2529,4031
D:\SEM 7\CVProject\datasets\bottles_closeups\image_5.jpg,1138,3548,1687,3852
D:\SEM 7\CVProject\datasets\bottles_closeups\image_5.jpg,1155,685,1641,976
D:\SEM 7\CVProject\datasets\bottles_closeups\image_5.jpg,1263,1040,1572,1398
D:\SEM 7\CVProject\datasets\bottles_closeups\image_5.jpg,2545,1606,3023,1803
D:\SEM 7\CVProject\datasets\bottles_closeups\image_5.jpg,2873,2243,3023,2709
D:\SEM 7\CVProject\datasets\bottles_closeups\image_5.jpg,1151,2988,1491,3188
D:\SEM 7\CVProject\datasets\bottles_closeups\image_5.jpg,937,1539,1247,1755
D:\SEM 7\CVProject\datasets\bottles_closeups\image_5.jpg,1126,2297,1307,2661
D:\SEM 7\CVProject\datasets\bottles_closeups\image_5.jpg,948,1803,1270,1995
D:\SEM 7\CVProject\datasets\bottles_closeups\image_5.jpg,978,1301,1249,1527
D:\SEM 7\CVProject\datasets\bottles_closeups\image_5.jpg,2728,1952,3023,2143
D:\SEM 7\CVProject\datasets\bottles_closeups\image_5.jpg,1782,2235,1887,2722
D:\SEM 7\CVProject\datasets\bottles_closeups\image_5.jpg,1111,3272,1351,3456
D:\SEM 7\CVProject\datasets\bottles_closeups\image_5.jpg,1559,2468,1724,2714
D:\SEM 7\CVProject\datasets\bottles_closeups\image_5.jpg,1821,2988,1928,3341
D:\SEM 7\CVProject\datasets\bottles_closeups\image_5.jpg,1053,2919,1164,3251
D:\SEM 7\CVProject\datasets\bottles_closeups\image_5.jpg,1448,3367,1728,3496
D:\SEM 7\CVProject\datasets\bottles_closeups\image_5.jpg,1827,2818,1929,3166
D:\SEM 7\CVProject\datasets\bottles_closeups\image_5.jpg,2608,2227,2793,2408
D:\SEM 7\CVProject\datasets\bottles_closeups\image_5.jpg,1941,1802,2156,1955
D:\SEM 7\CVProject\datasets\bottles_closeups\image_5.jpg,2048,2260,2188,2446
D:\SEM 7\CVProject\datasets\bottles_closeups\image_5.jpg,1751,2910,1902,3079
D:\SEM 7\CVProject\datasets\bottles_closeups\image_5.jpg,1311,3226,1555,3329
D:\SEM 7\CVProject\datasets\bottles_closeups\image_5.jpg,1068,3088,1162,3355
D:\SEM 7\CVProject\datasets\bottles_closeups\image_5.jpg,2857,1333,3023,1483
D:\SEM 7\CVProject\datasets\bottles_closeups\image_5.jpg,1045,2787,1128,3067
D:\SEM 7\CVProject\datasets\bottles_closeups\image_5.jpg,1931,2142,2027,2383
D:\SEM 7\CVProject\datasets\bottles_closeups\image_5.jpg,2006,1998,2113,2213
D:\SEM 7\CVProject\datasets\bottles_closeups\image_5.jpg,1780,2381,1855,2681
D:\SEM 7\CVProject\datasets\bottles_closeups\image_5.jpg,1830,2517,1912,2790
D:\SEM 7\CVProject\datasets\bottles_closeups\image_5.jpg,1304,3723,1456,3870
D:\SEM 7\CVProject\datasets\bottles_closeups\image_5.jpg,1200,1265,1348,1414
D:\SEM 7\CVProject\datasets\bottles_closeups\image_5.jpg,1478,3891,1619,4031
D:\SEM 7\CVProject\datasets\bottles_closeups\image_5.jpg,1128,1706,1323,1802
D:\SEM 7\CVProject\datasets\bottles_closeups\image_5.jpg,1288,3935,1466,4031
D:\SEM 7\CVProject\datasets\bottles_closeups\image_5.jpg,1575,3306,1757,3399
D:\SEM 7\CVProject\datasets\bottles_closeups\image_5.jpg,2490,1492,2609,1629
D:\SEM 7\CVProject\datasets\bottles_closeups\image_5.jpg,1655,3641,1764,3787
D:\SEM 7\CVProject\datasets\bottles_closeups\image_5.jpg,1082,1148,1217,1261
D:\SEM 7\CVProject\datasets\bottles_closeups\image_5.jpg,2632,2424,2771,2531
D:\SEM 7\CVProject\datasets\bottles_closeups\image_5.jpg,1036,2476,1137,2621
D:\SEM 7\CVProject\datasets\bottles_closeups\image_5.jpg,1530,3771,1686,3862
D:\SEM 7\CVProject\datasets\bottles_closeups\image_5.jpg,986,1530,1065,1709
D:\SEM 7\CVProject\datasets\bottles_closeups\image_5.jpg,2435,2552,2582,2643
D:\SEM 7\CVProject\datasets\bottles_closeups\image_5.jpg,2847,2289,2885,2633
D:\SEM 7\CVProject\datasets\bottles_closeups\image_5.jpg,2139,2426,2242,2554
D:\SEM 7\CVProject\datasets\bottles_closeups\image_5.jpg,2903,1513,3023,1621
D:\SEM 7\CVProject\datasets\bottles_closeups\image_5.jpg,2608,2594,2742,2690
D:\SEM 7\CVProject\datasets\bottles_closeups\image_5.jpg,1749,2651,1827,2810
D:\SEM 7\CVProject\datasets\bottles_closeups\image_5.jpg,1609,2559,1688,2715
D:\SEM 7\CVProject\datasets\bottles_closeups\image_5.jpg,2728,2085,2810,2235
D:\SEM 7\CVProject\datasets\bottles_closeups\image_5.jpg,1651,3131,1776,3229
D:\SEM 7\CVProject\datasets\bottles_closeups\image_5.jpg,1622,3559,1746,3656
D:\SEM 7\CVProject\datasets\bottles_closeups\image_6.jpg,0,0,1735,3655
D:\SEM 7\CVProject\datasets\bottles_closeups\image_6.jpg,0,1980,3023,4031
D:\SEM 7\CVProject\datasets\bottles_closeups\image_6.jpg,1371,0,3023,2197
D:\SEM 7\CVProject\datasets\bottles_closeups\image_6.jpg,1527,2002,3023,2700
D:\SEM 7\CVProject\datasets\bottles_closeups\image_6.jpg,833,0,1770,848
D:\SEM 7\CVProject\datasets\bottles_closeups\image_6.jpg,0,3143,685,4031
D:\SEM 7\CVProject\datasets\bottles_closeups\image_6.jpg,1948,1859,3023,2299
D:\SEM 7\CVProject\datasets\bottles_closeups\image_6.jpg,0,1718,369,2715
D:\SEM 7\CVProject\datasets\bottles_closeups\image_6.jpg,1384,1524,2241,1939
D:\SEM 7\CVProject\datasets\bottles_closeups\image_6.jpg,2022,2201,2705,2642
D:\SEM 7\CVProject\datasets\bottles_closeups\image_6.jpg,1759,0,2282,490
D:\SEM 7\CVProject\datasets\bottles_closeups\image_6.jpg,1073,2704,1566,3114
D:\SEM 7\CVProject\datasets\bottles_closeups\image_6.jpg,0,3150,306,3789
D:\SEM 7\CVProject\datasets\bottles_closeups\image_6.jpg,1134,2443,1544,2768
D:\SEM 7\CVProject\datasets\bottles_closeups\image_6.jpg,1976,2185,2218,2644
D:\SEM 7\CVProject\datasets\bottles_closeups\image_6.jpg,2429,1863,2856,2070
D:\SEM 7\CVProject\datasets\bottles_closeups\image_6.jpg,1364,1018,1632,1331
D:\SEM 7\CVProject\datasets\bottles_closeups\image_6.jpg,1213,1745,1502,1984
D:\SEM 7\CVProject\datasets\bottles_closeups\image_6.jpg,2050,1885,2305,2150
D:\SEM 7\CVProject\datasets\bottles_closeups\image_6.jpg,1503,751,1699,1019
D:\SEM 7\CVProject\datasets\bottles_closeups\image_6.jpg,2709,2340,3023,2492
D:\SEM 7\CVProject\datasets\bottles_closeups\image_6.jpg,2033,2213,2174,2510
D:\SEM 7\CVProject\datasets\bottles_closeups\image_6.jpg,1298,2916,1538,3087
D:\SEM 7\CVProject\datasets\bottles_closeups\image_6.jpg,1471,2409,1580,2722
D:\SEM 7\CVProject\datasets\bottles_closeups\image_6.jpg,1361,1080,1487,1348
D:\SEM 7\CVProject\datasets\bottles_closeups\image_6.jpg,2180,2406,2438,2526
D:\SEM 7\CVProject\datasets\bottles_closeups\image_6.jpg,2085,2411,2212,2651
D:\SEM 7\CVProject\datasets\bottles_closeups\image_6.jpg,80,3281,213,3504
D:\SEM 7\CVProject\datasets\bottles_closeups\image_6.jpg,1185,578,1366,731
D:\SEM 7\CVProject\datasets\bottles_closeups\image_6.jpg,2347,2216,2552,2340
D:\SEM 7\CVProject\datasets\bottles_closeups\image_6.jpg,1336,808,1460,1006
D:\SEM 7\CVProject\datasets\bottles_closeups\image_6.jpg,576,2402,665,2656
D:\SEM 7\CVProject\datasets\bottles_closeups\image_6.jpg,1304,2568,1427,2751
D:\SEM 7\CVProject\datasets\bottles_closeups\image_6.jpg,2141,2328,2332,2441
D:\SEM 7\CVProject\datasets\bottles_closeups\image_6.jpg,1239,1108,1329,1343
D:\SEM 7\CVProject\datasets\bottles_closeups\image_6.jpg,2223,2491,2382,2621
D:\SEM 7\CVProject\datasets\bottles_closeups\image_6.jpg,2725,174,2941,269
D:\SEM 7\CVProject\datasets\bottles_closeups\image_6.jpg,33,1149,124,1374
D:\SEM 7\CVProject\datasets\bottles_closeups\image_6.jpg,1152,2485,1278,2642
D:\SEM 7\CVProject\datasets\bottles_closeups\image_6.jpg,102,1384,186,1616
D:\SEM 7\CVProject\datasets\bottles_closeups\image_6.jpg,2474,2486,2612,2616
D:\SEM 7\CVProject\datasets\bottles_closeups\image_6.jpg,1218,1045,1331,1199
D:\SEM 7\CVProject\datasets\bottles_closeups\image_6.jpg,2364,2487,2496,2618
D:\SEM 7\CVProject\datasets\bottles_closeups\image_6.jpg,1257,1953,1457,2039
D:\SEM 7\CVProject\datasets\bottles_closeups\image_6.jpg,1160,2594,1274,2743
D:\SEM 7\CVProject\datasets\bottles_closeups\image_6.jpg,2728,2396,2867,2516
D:\SEM 7\CVProject\datasets\bottles_closeups\image_6.jpg,1162,2745,1279,2885
D:\SEM 7\CVProject\datasets\bottles_closeups\image_6.jpg,2613,2216,2744,2338
D:\SEM 7\CVProject\datasets\bottles_closeups\image_6.jpg,518,2858,586,3088
D:\SEM 7\CVProject\datasets\bottles_closeups\image_6.jpg,2524,2215,2647,2339
D:\SEM 7\CVProject\datasets\bottles_closeups\image_6.jpg,2106,2266,2261,2363
D:\SEM 7\CVProject\datasets\bottles_closeups\image_6.jpg,1258,976,1341,1156
D:\SEM 7\CVProject\datasets\bottles_closeups\image_6.jpg,2423,2400,2545,2520
D:\SEM 7\CVProject\datasets\bottles_closeups\image_6.jpg,2824,1856,2935,1981
D:\SEM 7\CVProject\datasets\bottles_closeups\image_6.jpg,1448,2362,1582,2465
D:\SEM 7\CVProject\datasets\bottles_closeups\image_6.jpg,2316,2324,2435,2438
D:\SEM 7\CVProject\datasets\bottles_closeups\image_6.jpg,2715,2323,2840,2431
D:\SEM 7\CVProject\datasets\bottles_closeups\image_6.jpg,2614,2328,2739,2431
D:\SEM 7\CVProject\datasets\bottles_closeups\image_6.jpg,2100,1922,2247,2009
D:\SEM 7\CVProject\datasets\bottles_closeups\image_6.jpg,2583,2502,2727,2590
D:\SEM 7\CVProject\datasets\bottles_closeups\image_6.jpg,2344,2255,2458,2362
D:\SEM 7\CVProject\datasets\bottles_closeups\image_6.jpg,2439,2254,2553,2361
D:\SEM 7\CVProject\datasets\bottles_closeups\image_7.jpg,0,2163,3023,4031
D:\SEM 7\CVProject\datasets\bottles_closeups\image_7.jpg,2225,0,3023,2325
D:\SEM 7\CVProject\datasets\bottles_closeups\image_7.jpg,1660,1939,2662,3003
D:\SEM 7\CVProject\datasets\bottles_closeups\image_7.jpg,1631,3346,2648,4005
D:\SEM 7\CVProject\datasets\bottles_closeups\image_7.jpg,1635,2802,2664,3432
D:\SEM 7\CVProject\datasets\bottles_closeups\image_7.jpg,1658,1155,2257,1930
D:\SEM 7\CVProject\datasets\bottles_closeups\image_7.jpg,1732,875,2319,1259
D:\SEM 7\CVProject\datasets\bottles_closeups\image_7.jpg,1951,456,2438,759
D:\SEM 7\CVProject\datasets\bottles_closeups\image_7.jpg,1986,0,2221,380
D:\SEM 7\CVProject\datasets\bottles_closeups\image_7.jpg,1998,3824,2367,4031
D:\SEM 7\CVProject\datasets\bottles_closeups\image_7.jpg,1817,2062,2000,2479
D:\SEM 7\CVProject\datasets\bottles_closeups\image_7.jpg,1648,2864,1939,3085
D:\SEM 7\CVProject\datasets\bottles_closeups\image_7.jpg,1734,2913,2026,3108
D:\SEM 7\CVProject\datasets\bottles_closeups\image_7.jpg,2283,2284,2479,2563
D:\SEM 7\CVProject\datasets\bottles_closeups\image_7.jpg,1634,3144,1870,3352
D:\SEM 7\CVProject\datasets\bottles_closeups\image_7.jpg,2369,3141,2611,3328
D:\SEM 7\CVProject\datasets\bottles_closeups\image_7.jpg,1684,3265,1988,3406
D:\SEM 7\CVProject\datasets\bottles_closeups\image_7.jpg,2511,3629,2638,3916
D:\SEM 7\CVProject\datasets\bottles_closeups\image_7.jpg,2669,2230,2792,2505
D:\SEM 7\CVProject\datasets\bottles_closeups\image_7.jpg,1637,2890,1753,3148
D:\SEM 7\CVProject\datasets\bottles_closeups\image_7.jpg,2707,2561,2836,2790
D:\SEM 7\CVProject\datasets\bottles_closeups\image_7.jpg,1651,3363,1888,3471
D:\SEM 7\CVProject\datasets\bottles_closeups\image_7.jpg,2170,3614,2395,3726
D:\SEM 7\CVProject\datasets\bottles_closeups\image_7.jpg,2004,839,2113,1066
D:\SEM 7\CVProject\datasets\bottles_closeups\image_7.jpg,2390,3787,2560,3908
D:\SEM 7\CVProject\datasets\bottles_closeups\image_7.jpg,2571,3160,2654,3406
D:\SEM 7\CVProject\datasets\bottles_closeups\image_7.jpg,2583,2530,2688,2721
D:\SEM 7\CVProject\datasets\bottles_closeups\image_7.jpg,1839,3808,1972,3958
D:\SEM 7\CVProject\datasets\bottles_closeups\image_7.jpg,2395,3919,2570,4031
D:\SEM 7\CVProject\datasets\bottles_closeups\image_7.jpg,2534,2380,2644,2558
D:\SEM 7\CVProject\datasets\bottles_closeups\image_7.jpg,1698,3674,1803,3856
D:\SEM 7\CVProject\datasets\bottles_closeups\image_7.jpg,1832,3757,1999,3871
D:\SEM 7\CVProject\datasets\bottles_closeups\image_7.jpg,2650,2737,2795,2864
D:\SEM 7\CVProject\datasets\bottles_closeups\image_7.jpg,2487,994,2578,1193
D:\SEM 7\CVProject\datasets\bottles_closeups\image_7.jpg,1854,3917,2006,4031
D:\SEM 7\CVProject\datasets\bottles_closeups\image_7.jpg,2344,2387,2436,2574
D:\SEM 7\CVProject\datasets\bottles_closeups\image_7.jpg,2798,2804,2923,2940
D:\SEM 7\CVProject\datasets\bottles_closeups\image_7.jpg,2113,3339,2292,3431
D:\SEM 7\CVProject\datasets\bottles_closeups\image_7.jpg,2537,2313,2619,2511
D:\SEM 7\CVProject\datasets\bottles_closeups\image_7.jpg,2146,3755,2346,3835
D:\SEM 7\CVProject\datasets\bottles_closeups\image_7.jpg,2490,2556,2579,2735
D:\SEM 7\CVProject\datasets\bottles_closeups\image_7.jpg,2484,2282,2535,2587
D:\SEM 7\CVProject\datasets\bottles_closeups\image_7.jpg,1965,457,2139,541
D:\SEM 7\CVProject\datasets\bottles_closeups\image_7.jpg,1635,3099,1690,3363
D:\SEM 7\CVProject\datasets\bottles_closeups\image_7.jpg,2269,3858,2418,3954
D:\SEM 7\CVProject\datasets\bottles_closeups\image_7.jpg,1686,3271,1811,3385
D:\SEM 7\CVProject\datasets\bottles_closeups\image_7.jpg,1919,3714,2062,3813
D:\SEM 7\CVProject\datasets\bottles_closeups\image_7.jpg,1935,3562,2101,3645
D:\SEM 7\CVProject\datasets\bottles_closeups\image_7.jpg,2471,3769,2551,3940
D:\SEM 7\CVProject\datasets\bottles_closeups\image_7.jpg,1896,2667,2022,2770
D:\SEM 7\CVProject\datasets\bottles_closeups\image_7.jpg,2354,2284,2439,2434
D:\SEM 7\CVProject\datasets\bottles_closeups\image_7.jpg,2359,910,2432,1083
D:\SEM 7\CVProject\datasets\bottles_closeups\image_7.jpg,1695,2327,1805,2439
D:\SEM 7\CVProject\datasets\bottles_closeups\image_8.jpg,0,1662,2486,4027
D:\SEM 7\CVProject\datasets\bottles_closeups\image_8.jpg,108,0,2359,2529
D:\SEM 7\CVProject\datasets\bottles_closeups\image_8.jpg,1609,0,2486,2846
D:\SEM 7\CVProject\datasets\bottles_closeups\image_8.jpg,113,2789,1825,4027
D:\SEM 7\CVProject\datasets\bottles_closeups\image_8.jpg,0,0,687,2470
D:\SEM 7\CVProject\datasets\bottles_closeups\image_8.jpg,568,807,1337,2343
D:\SEM 7\CVProject\datasets\bottles_closeups\image_8.jpg,820,2888,1703,3887
D:\SEM 7\CVProject\datasets\bottles_closeups\image_8.jpg,271,0,881,1213
D:\SEM 7\CVProject\datasets\bottles_closeups\image_8.jpg,729,0,1418,957
D:\SEM 7\CVProject\datasets\bottles_closeups\image_8.jpg,0,1736,617,2403
D:\SEM 7\CVProject\datasets\bottles_closeups\image_8.jpg,928,3392,1717,3864
D:\SEM 7\CVProject\datasets\bottles_closeups\image_8.jpg,1288,2314,1765,3006
D:\SEM 7\CVProject\datasets\bottles_closeups\image_8.jpg,1147,1403,1572,1831
D:\SEM 7\CVProject\datasets\bottles_closeups\image_8.jpg,1200,1703,1651,2089
D:\SEM 7\CVProject\datasets\bottles_closeups\image_8.jpg,912,369,1373,727
D:\SEM 7\CVProject\datasets\bottles_closeups\image_8.jpg,629,1148,1071,1476
D:\SEM 7\CVProject\datasets\bottles_closeups\image_8.jpg,1523,3328,1820,3796
D:\SEM 7\CVProject\datasets\bottles_closeups\image_8.jpg,1076,1195,1479,1522
D:\SEM 7\CVProject\datasets\bottles_closeups\image_8.jpg,0,0,156,839
D:\SEM 7\CVProject\datasets\bottles_closeups\image_8.jpg,1519,1327,1737,1863
D:\SEM 7\CVProject\datasets\bottles_closeups\image_8.jpg,672,1410,1063,1697
D:\SEM 7\CVProject\datasets\bottles_closeups\image_8.jpg,1340,1036,1606,1345
D:\SEM 7\CVProject\datasets\bottles_closeups\image_8.jpg,1571,2723,1795,3083
D:\SEM 7\CVProject\datasets\bottles_closeups\image_8.jpg,840,1818,1148,2061
D:\SEM 7\CVProject\datasets\bottles_closeups\image_8.jpg,1630,2800,1817,3197
D:\SEM 7\CVProject\datasets\bottles_closeups\image_8.jpg,1099,2474,1249,2949
D:\SEM 7\CVProject\datasets\bottles_closeups\image_8.jpg,1249,1566,1552,1798
D:\SEM 7\CVProject\datasets\bottles_closeups\image_8.jpg,920,3266,1275,3460
D:\SEM 7\CVProject\datasets\bottles_closeups\image_8.jpg,1580,1304,1791,1604
D:\SEM 7\CVProject\datasets\bottles_closeups\image_8.jpg,0,849,94,1496
D:\SEM 7\CVProject\datasets\bottles_closeups\image_8.jpg,1124,2663,1269,3083
D:\SEM 7\CVProject\datasets\bottles_closeups\image_8.jpg,1627,1550,1810,1831
D:\SEM 7\CVProject\datasets\bottles_closeups\image_8.jpg,1407,3228,1728,3383
D:\SEM 7\CVProject\datasets\bottles_closeups\image_8.jpg,878,3044,1063,3308
D:\SEM 7\CVProject\datasets\bottles_closeups\image_8.jpg,824,2844,960,3191
D:\SEM 7\CVProject\datasets\bottles_closeups\image_8.jpg,1644,3116,1817,3382
D:\SEM 7\CVProject\datasets\bottles_closeups\image_8.jpg,1491,1083,1673,1307
D:\SEM 7\CVProject\datasets\bottles_closeups\image_8.jpg,1570,2576,1727,2828
D:\SEM 7\CVProject\datasets\bottles_closeups\image_8.jpg,1014,3663,1265,3819
D:\SEM 7\CVProject\datasets\bottles_closeups\image_8.jpg,1383,1051,1567,1231
D:\SEM 7\CVProject\datasets\bottles_closeups\image_8.jpg,1662,3459,1804,3688
D:\SEM 7\CVProject\datasets\bottles_closeups\image_8.jpg,1261,1304,1452,1466
D:\SEM 7\CVProject\datasets\bottles_closeups\image_8.jpg,1667,2871,1811,3085
D:\SEM 7\CVProject\datasets\bottles_closeups\image_8.jpg,688,2180,891,2329
D:\SEM 7\CVProject\datasets\bottles_closeups\image_8.jpg,785,2623,890,2885
D:\SEM 7\CVProject\datasets\bottles_closeups\image_8.jpg,1620,3232,1785,3396
D:\SEM 7\CVProject\datasets\bottles_closeups\image_8.jpg,1535,1341,1677,1525
D:\SEM 7\CVProject\datasets\bottles_closeups\image_8.jpg,1705,3081,1816,3311
D:\SEM 7\CVProject\datasets\bottles_closeups\image_8.jpg,1498,3337,1631,3519
D:\SEM 7\CVProject\datasets\bottles_closeups\image_8.jpg,1006,3390,1170,3530
D:\SEM 7\CVProject\datasets\bottles_closeups\image_8.jpg,786,2476,874,2732
D:\SEM 7\CVProject\datasets\bottles_closeups\image_8.jpg,1560,3715,1704,3870
D:\SEM 7\CVProject\datasets\bottles_closeups\image_8.jpg,872,2521,959,2767
D:\SEM 7\CVProject\datasets\bottles_closeups\image_8.jpg,1287,907,1434,1046
D:\SEM 7\CVProject\datasets\bottles_closeups\image_8.jpg,841,2927,929,3158
D:\SEM 7\CVProject\datasets\bottles_closeups\image_8.jpg,1588,2093,1777,2199
D:\SEM 7\CVProject\datasets\bottles_closeups\image_8.jpg,1587,1647,1715,1803
D:\SEM 7\CVProject\datasets\bottles_closeups\image_8.jpg,1377,827,1475,1030
D:\SEM 7\CVProject\datasets\bottles_closeups\image_8.jpg,740,2335,794,2693
D:\SEM 7\CVProject\datasets\bottles_closeups\image_8.jpg,876,1478,1063,1581
D:\SEM 7\CVProject\datasets\bottles_closeups\image_8.jpg,1535,3377,1720,3479
D:\SEM 7\CVProject\datasets\bottles_closeups\image_8.jpg,678,1695,831,1818
D:\SEM 7\CVProject\datasets\bottles_closeups\image_8.jpg,1096,2472,1147,2837
D:\SEM 7\CVProject\datasets\bottles_closeups\image_8.jpg,1478,3104,1654,3204
D:\SEM 7\CVProject\datasets\bottles_closeups\image_8.jpg,892,3169,1039,3285
D:\SEM 7\CVProject\datasets\bottles_closeups\image_8.jpg,1192,2475,1238,2841
D:\SEM 7\CVProject\datasets\bottles_closeups\image_8.jpg,1623,2835,1701,3051
D:\SEM 7\CVProject\datasets\bottles_closeups\image_8.jpg,1505,3942,1698,4027
D:\SEM 7\CVProject\datasets\bottles_closeups\image_8.jpg,1287,3767,1464,3856
D:\SEM 7\CVProject\datasets\bottles_closeups\image_8.jpg,1311,2666,1421,2803
D:\SEM 7\CVProject\datasets\bottles_closeups\image_8.jpg,968,2548,1028,2796
D:\SEM 7\CVProject\datasets\bottles_closeups\image_8.jpg,1448,3273,1557,3409
D:\SEM 7\CVProject\datasets\bottles_closeups\image_8.jpg,1511,1214,1606,1369
D:\SEM 7\CVProject\datasets\bottles_closeups\image_8.jpg,1123,3580,1257,3689
D:\SEM 7\CVProject\datasets\bottles_closeups\image_8.jpg,531,1318,583,1593
D:\SEM 7\CVProject\datasets\bottles_closeups\image_8.jpg,1500,3744,1621,3862
D:\SEM 7\CVProject\datasets\bottles_closeups\image_8.jpg,1581,3053,1690,3182
D:\SEM 7\CVProject\datasets\bottles_closeups\image_8.jpg,1130,3311,1270,3410
D:\SEM 7\CVProject\datasets\bottles_closeups\image_8.jpg,1400,3702,1559,3789
D:\SEM 7\CVProject\datasets\bottles_closeups\image_8.jpg,1206,975,1344,1074
D:\SEM 7\CVProject\datasets\bottles_closeups\image_8.jpg,954,3146,1057,3277
D:\SEM 7\CVProject\datasets\bottles_closeups\image_8.jpg,1447,1877,1580,1977
D:\SEM 7\CVProject\datasets\bottles_closeups\image_8.jpg,1136,1032,1227,1178
D:\SEM 7\CVProject\datasets\bottles_closeups\image_8.jpg,1450,3093,1600,3180
D:\SEM 7\CVProject\datasets\bottles_closeups\image_8.jpg,1397,2519,1531,2615
D:\SEM 7\CVProject\datasets\bottles_closeups\image_8.jpg,1496,3531,1622,3633
D:\SEM 7\CVProject\datasets\bottles_closeups\image_8.jpg,1272,1441,1409,1530
D:\SEM 7\CVProject\datasets\bottles_closeups\image_8.jpg,1408,2967,1487,3118
D:\SEM 7\CVProject\datasets\bottles_closeups\image_8.jpg,1533,2459,1633,2578
D:\SEM 7\CVProject\datasets\bottles_closeups\image_8.jpg,1314,1972,1452,2058
D:\SEM 7\CVProject\datasets\bottles_closeups\image_8.jpg,287,443,381,560
D:\SEM 7\CVProject\datasets\bottles_closeups\image_8.jpg,1255,3642,1329,3786
D:\SEM 7\CVProject\datasets\bottles_closeups\image_8.jpg,851,917,937,1040
D:\SEM 7\CVProject\datasets\bottles_closeups\image_8.jpg,1471,1783,1608,1859
D:\SEM 7\CVProject\datasets\bottles_closeups\image_8.jpg,1631,2375,1711,2504
D:\SEM 7\CVProject\datasets\bottles_closeups\image_8.jpg,930,3077,1041,3169
D:\SEM 7\CVProject\datasets\bottles_closeups\image_8.jpg,874,1591,991,1677
D:\SEM 7\CVProject\datasets\bottles_closeups\image_8.jpg,1011,3820,1167,3884
D:\SEM 7\CVProject\datasets\bottles_closeups\image_8.jpg,1555,3749,1658,3846
D:\SEM 7\CVProject\datasets\bottles_closeups\image_8.jpg,1537,3707,1630,3814
D:\SEM 7\CVProject\datasets\bottles_closeups\image_9.jpg,0,1409,3023,4031
D:\SEM 7\CVProject\datasets\bottles_closeups\image_9.jpg,1876,0,3023,3120
D:\SEM 7\CVProject\datasets\bottles_closeups\image_9.jpg,0,0,2626,1117
D:\SEM 7\CVProject\datasets\bottles_closeups\image_9.jpg,0,1809,1390,3551
D:\SEM 7\CVProject\datasets\bottles_closeups\image_9.jpg,0,707,1759,1600
D:\SEM 7\CVProject\datasets\bottles_closeups\image_9.jpg,1717,755,2528,1874
D:\SEM 7\CVProject\datasets\bottles_closeups\image_9.jpg,1511,1112,2408,2045
D:\SEM 7\CVProject\datasets\bottles_closeups\image_9.jpg,523,77,1846,705
D:\SEM 7\CVProject\datasets\bottles_closeups\image_9.jpg,696,1435,1505,1900
D:\SEM 7\CVProject\datasets\bottles_closeups\image_9.jpg,1476,1401,2370,1776
D:\SEM 7\CVProject\datasets\bottles_closeups\image_9.jpg,1587,951,1912,1416
D:\SEM 7\CVProject\datasets\bottles_closeups\image_9.jpg,0,224,522,489
D:\SEM 7\CVProject\datasets\bottles_closeups\image_9.jpg,443,3745,885,4031
D:\SEM 7\CVProject\datasets\bottles_closeups\image_9.jpg,2690,1835,3023,2193
D:\SEM 7\CVProject\datasets\bottles_closeups\image_9.jpg,418,2101,625,2655
D:\SEM 7\CVProject\datasets\bottles_closeups\image_9.jpg,2615,559,3023,829
D:\SEM 7\CVProject\datasets\bottles_closeups\image_9.jpg,245,2008,532,2373
D:\SEM 7\CVProject\datasets\bottles_closeups\image_9.jpg,1877,150,2306,386
D:\SEM 7\CVProject\datasets\bottles_closeups\image_9.jpg,1839,3249,2152,3564
D:\SEM 7\CVProject\datasets\bottles_closeups\image_9.jpg,1288,3102,1519,3487
D:\SEM 7\CVProject\datasets\bottles_closeups\image_9.jpg,2573,2255,3023,2443
D:\SEM 7\CVProject\datasets\bottles_closeups\image_9.jpg,2775,3365,3023,3701
D:\SEM 7\CVProject\datasets\bottles_closeups\image_9.jpg,1576,468,1885,735
D:\SEM 7\CVProject\datasets\bottles_closeups\image_9.jpg,1487,2656,1804,2899
D:\SEM 7\CVProject\datasets\bottles_closeups\image_9.jpg,2352,1648,2446,2356
D:\SEM 7\CVProject\datasets\bottles_closeups\image_9.jpg,344,3338,516,3706
D:\SEM 7\CVProject\datasets\bottles_closeups\image_9.jpg,2262,1813,2358,2467
D:\SEM 7\CVProject\datasets\bottles_closeups\image_9.jpg,708,1971,853,2388
D:\SEM 7\CVProject\datasets\bottles_closeups\image_9.jpg,1023,2804,1217,3097
D:\SEM 7\CVProject\datasets\bottles_closeups\image_9.jpg,1033,502,1316,702
D:\SEM 7\CVProject\datasets\bottles_closeups\image_9.jpg,1488,2465,1808,2640
D:\SEM 7\CVProject\datasets\bottles_closeups\image_9.jpg,1956,1574,2065,2051
D:\SEM 7\CVProject\datasets\bottles_closeups\image_9.jpg,2333,2917,2513,3206
D:\SEM 7\CVProject\datasets\bottles_closeups\image_9.jpg,1556,1698,1740,1956
D:\SEM 7\CVProject\datasets\bottles_closeups\image_9.jpg,1333,505,1557,710
D:\SEM 7\CVProject\datasets\bottles_closeups\image_9.jpg,171,3453,373,3679
D:\SEM 7\CVProject\datasets\bottles_closeups\image_9.jpg,1529,293,1751,490
D:\SEM 7\CVProject\datasets\bottles_closeups\image_9.jpg,1104,2281,1259,2563
D:\SEM 7\CVProject\datasets\bottles_closeups\image_9.jpg,1289,291,1511,486
D:\SEM 7\CVProject\datasets\bottles_closeups\image_9.jpg,1052,289,1273,482
D:\SEM 7\CVProject\datasets\bottles_closeups\image_9.jpg,1422,83,1644,275
D:\SEM 7\CVProject\datasets\bottles_closeups\image_9.jpg,1660,87,1883,278
D:\SEM 7\CVProject\datasets\bottles_closeups\image_9.jpg,818,287,1039,479
D:\SEM 7\CVProject\datasets\bottles_closeups\image_9.jpg,586,286,806,475
D:\SEM 7\CVProject\datasets\bottles_closeups\image_9.jpg,1187,84,1408,272
D:\SEM 7\CVProject\datasets\bottles_closeups\image_9.jpg,989,1657,1222,1835
D:\SEM 7\CVProject\datasets\bottles_closeups\image_9.jpg,358,287,578,474
D:\SEM 7\CVProject\datasets\bottles_closeups\image_9.jpg,954,84,1174,271
D:\SEM 7\CVProject\datasets\bottles_closeups\image_9.jpg,724,85,944,269
D:\SEM 7\CVProject\datasets\bottles_closeups\image_9.jpg,134,290,354,474
D:\SEM 7\CVProject\datasets\bottles_closeups\image_9.jpg,740,2439,891,2706
D:\SEM 7\CVProject\datasets\bottles_closeups\image_9.jpg,498,88,717,270
D:\SEM 7\CVProject\datasets\bottles_closeups\image_9.jpg,276,93,495,273
D:\SEM 7\CVProject\datasets\bottles_closeups\image_9.jpg,0,2514,221,2692
D:\SEM 7\CVProject\datasets\bottles_closeups\image_9.jpg,240,1998,391,2257
D:\SEM 7\CVProject\datasets\bottles_closeups\image_9.jpg,61,98,277,278
D:\SEM 7\CVProject\datasets\bottles_closeups\image_9.jpg,1487,3199,1641,3438
D:\SEM 7\CVProject\datasets\bottles_closeups\image_9.jpg,1652,2928,1802,3155
D:\SEM 7\CVProject\datasets\bottles_closeups\image_9.jpg,44,2198,199,2412
D:\SEM 7\CVProject\datasets\bottles_closeups\image_9.jpg,1795,1811,1962,2000
D:\SEM 7\CVProject\datasets\bottles_closeups\image_9.jpg,2037,1766,2200,1954
D:\SEM 7\CVProject\datasets\bottles_closeups\image_9.jpg,2822,3883,3023,4031
D:\SEM 7\CVProject\datasets\bottles_closeups\image_9.jpg,248,165,420,333
D:\SEM 7\CVProject\datasets\bottles_closeups\image_9.jpg,202,2215,341,2411
D:\SEM 7\CVProject\datasets\bottles_closeups\image_9.jpg,2687,3393,2788,3660
D:\SEM 7\CVProject\datasets\bottles_closeups\image_9.jpg,647,3529,758,3764
D:\SEM 7\CVProject\datasets\bottles_closeups\image_9.jpg,1959,3602,2132,3745
D:\SEM 7\CVProject\datasets\bottles_closeups\image_9.jpg,0,294,134,476
D:\SEM 7\CVProject\datasets\bottles_closeups\image_9.jpg,2269,1326,2411,1495
D:\SEM 7\CVProject\datasets\bottles_closeups\image_9.jpg,2448,1492,2504,1905
D:\SEM 7\CVProject\datasets\bottles_closeups\image_9.jpg,1347,92,1467,286
D:\SEM 7\CVProject\datasets\bottles_closeups\image_9.jpg,363,1947,564,2062
D:\SEM 7\CVProject\datasets\bottles_closeups\image_9.jpg,1956,1673,2041,1943
D:\SEM 7\CVProject\datasets\bottles_closeups\image_9.jpg,1770,295,1885,491
D:\SEM 7\CVProject\datasets\bottles_closeups\image_9.jpg,1725,2004,1862,2160
D:\SEM 7\CVProject\datasets\bottles_closeups\image_9.jpg,2187,882,2393,983
D:\SEM 7\CVProject\datasets\bottles_closeups\image_9.jpg,1875,3876,2004,4031
D:\SEM 7\CVProject\datasets\bottles_closeups\image_9.jpg,1468,2564,1580,2741
D:\SEM 7\CVProject\datasets\bottles_closeups\image_9.jpg,1342,2931,1473,3082
D:\SEM 7\CVProject\datasets\bottles_closeups\image_9.jpg,2353,1015,2500,1143
D:\SEM 7\CVProject\datasets\bottles_closeups\image_9.jpg,672,2778,857,2879
D:\SEM 7\CVProject\datasets\bottles_closeups\image_9.jpg,2191,2769,2254,3064
D:\SEM 7\CVProject\datasets\bottles_closeups\image_9.jpg,667,118,781,281
D:\SEM 7\CVProject\datasets\bottles_closeups\image_9.jpg,40,0,246,89
D:\SEM 7\CVProject\datasets\bottles_closeups\image_9.jpg,672,1823,753,2044
D:\SEM 7\CVProject\datasets\bottles_closeups\image_9.jpg,2292,1726,2352,2011
D:\SEM 7\CVProject\datasets\bottles_closeups\image_9.jpg,255,0,459,83
D:\SEM 7\CVProject\datasets\bottles_closeups\image_9.jpg,2137,3522,2236,3692
D:\SEM 7\CVProject\datasets\bottles_closeups\image_9.jpg,1113,125,1217,284
D:\SEM 7\CVProject\datasets\bottles_closeups\image_9.jpg,1099,3916,1241,4031
D:\SEM 7\CVProject\datasets\bottles_closeups\image_9.jpg,777,3469,903,3596
D:\SEM 7\CVProject\datasets\bottles_closeups\image_9.jpg,1651,3569,1838,3654
D:\SEM 7\CVProject\datasets\bottles_closeups\image_9.jpg,765,2336,844,2537
D:\SEM 7\CVProject\datasets\bottles_closeups\image_9.jpg,1869,2046,2006,2161
D:\SEM 7\CVProject\datasets\bottles_closeups\image_9.jpg,1600,1793,1686,1969
D:\SEM 7\CVProject\datasets\bottles_closeups\image_9.jpg,2011,2050,2141,2166
D:\SEM 7\CVProject\datasets\bottles_closeups\image_9.jpg,1585,841,1689,985
D:\SEM 7\CVProject\datasets\bottles_closeups\image_9.jpg,546,3255,678,3359
D:\SEM 7\CVProject\datasets\bottles_closeups\image_9.jpg,967,3671,1081,3786
D:\SEM 7\CVProject\datasets\bottles_closeups\image_9.jpg,2005,2100,2137,2199
D:\SEM 7\CVProject\datasets\bottles_closeups\image_9.jpg,2637,3289,2742,3411
D:\SEM 7\CVProject\datasets\bottles_closeups\image_9.jpg,1961,572,2125,649
D:\SEM 7\CVProject\datasets\bottles_closeups\image_9.jpg,1280,3355,1345,3541
D:\SEM 7\CVProject\datasets\bottles_occluded\image_0.jpg,834,460,3023,4031
D:\SEM 7\CVProject\datasets\bottles_occluded\image_0.jpg,0,0,2195,1921
D:\SEM 7\CVProject\datasets\bottles_occluded\image_0.jpg,822,2227,1942,4031
D:\SEM 7\CVProject\datasets\bottles_occluded\image_0.jpg,1950,2611,3023,4031
D:\SEM 7\CVProject\datasets\bottles_occluded\image_0.jpg,2142,430,3023,1376
D:\SEM 7\CVProject\datasets\bottles_occluded\image_0.jpg,2303,4,3023,957
D:\SEM 7\CVProject\datasets\bottles_occluded\image_0.jpg,1281,1792,1918,2811
D:\SEM 7\CVProject\datasets\bottles_occluded\image_0.jpg,0,3318,869,4031
D:\SEM 7\CVProject\datasets\bottles_occluded\image_0.jpg,0,2844,558,3943
D:\SEM 7\CVProject\datasets\bottles_occluded\image_0.jpg,2256,2986,2964,3830
D:\SEM 7\CVProject\datasets\bottles_occluded\image_0.jpg,2158,917,2929,1689
D:\SEM 7\CVProject\datasets\bottles_occluded\image_0.jpg,1239,1203,1885,1975
D:\SEM 7\CVProject\datasets\bottles_occluded\image_0.jpg,605,724,1207,1508
D:\SEM 7\CVProject\datasets\bottles_occluded\image_0.jpg,852,3399,1561,4031
D:\SEM 7\CVProject\datasets\bottles_occluded\image_0.jpg,499,1670,937,2689
D:\SEM 7\CVProject\datasets\bottles_occluded\image_0.jpg,998,1829,1484,2659
D:\SEM 7\CVProject\datasets\bottles_occluded\image_0.jpg,666,2257,1128,3089
D:\SEM 7\CVProject\datasets\bottles_occluded\image_0.jpg,1484,2965,2125,3556
D:\SEM 7\CVProject\datasets\bottles_occluded\image_0.jpg,1795,1310,2324,1975
D:\SEM 7\CVProject\datasets\bottles_occluded\image_0.jpg,1924,1511,2490,2100
D:\SEM 7\CVProject\datasets\bottles_occluded\image_0.jpg,904,2245,1451,2827
D:\SEM 7\CVProject\datasets\bottles_occluded\image_0.jpg,135,1575,717,2118
D:\SEM 7\CVProject\datasets\bottles_occluded\image_0.jpg,539,2791,963,3518
D:\SEM 7\CVProject\datasets\bottles_occluded\image_0.jpg,2279,2270,2811,2832
D:\SEM 7\CVProject\datasets\bottles_occluded\image_0.jpg,0,1731,407,2439
D:\SEM 7\CVProject\datasets\bottles_occluded\image_0.jpg,901,1478,1341,2109
D:\SEM 7\CVProject\datasets\bottles_occluded\image_0.jpg,422,3142,855,3759
D:\SEM 7\CVProject\datasets\bottles_occluded\image_0.jpg,1180,445,1671,986
D:\SEM 7\CVProject\datasets\bottles_occluded\image_0.jpg,1665,855,2210,1304
D:\SEM 7\CVProject\datasets\bottles_occluded\image_0.jpg,1396,1076,1725,1813
D:\SEM 7\CVProject\datasets\bottles_occluded\image_0.jpg,1800,0,2302,481
D:\SEM 7\CVProject\datasets\bottles_occluded\image_0.jpg,2567,3405,3023,3921
D:\SEM 7\CVProject\datasets\bottles_occluded\image_0.jpg,549,95,1074,517
D:\SEM 7\CVProject\datasets\bottles_occluded\image_0.jpg,94,1423,811,1731
D:\SEM 7\CVProject\datasets\bottles_occluded\image_0.jpg,2143,3579,2589,4031
D:\SEM 7\CVProject\datasets\bottles_occluded\image_0.jpg,81,2456,498,2931
D:\SEM 7\CVProject\datasets\bottles_occluded\image_0.jpg,2708,1224,3023,1850
D:\SEM 7\CVProject\datasets\bottles_occluded\image_0.jpg,1154,268,1650,665
D:\SEM 7\CVProject\datasets\bottles_occluded\image_0.jpg,2550,1733,2995,2155
D:\SEM 7\CVProject\datasets\bottles_occluded\image_0.jpg,472,0,949,387
D:\SEM 7\CVProject\datasets\bottles_occluded\image_0.jpg,953,413,1453,755
D:\SEM 7\CVProject\datasets\bottles_occluded\image_0.jpg,1028,2816,1487,3185
D:\SEM 7\CVProject\datasets\bottles_occluded\image_0.jpg,2359,3725,2896,4031
D:\SEM 7\CVProject\datasets\bottles_occluded\image_0.jpg,404,201,904,528
D:\SEM 7\CVProject\datasets\bottles_occluded\image_0.jpg,758,2040,1058,2581
D:\SEM 7\CVProject\datasets\bottles_occluded\image_0.jpg,418,3664,859,4031
D:\SEM 7\CVProject\datasets\bottles_occluded\image_0.jpg,421,610,825,1005
D:\SEM 7\CVProject\datasets\bottles_occluded\image_0.jpg,1741,1502,2076,1961
D:\SEM 7\CVProject\datasets\bottles_occluded\image_0.jpg,1521,1986,1753,2629
D:\SEM 7\CVProject\datasets\bottles_occluded\image_0.jpg,69,25,480,379
D:\SEM 7\CVProject\datasets\bottles_occluded\image_0.jpg,245,1968,568,2402
D:\SEM 7\CVProject\datasets\bottles_occluded\image_0.jpg,2642,2988,3023,3348
D:\SEM 7\CVProject\datasets\bottles_occluded\image_0.jpg,730,1259,1160,1576
D:\SEM 7\CVProject\datasets\bottles_occluded\image_0.jpg,512,2269,841,2683
D:\SEM 7\CVProject\datasets\bottles_occluded\image_0.jpg,0,2795,380,3148
D:\SEM 7\CVProject\datasets\bottles_occluded\image_0.jpg,45,230,433,567
D:\SEM 7\CVProject\datasets\bottles_occluded\image_0.jpg,2715,3608,3023,4017
D:\SEM 7\CVProject\datasets\bottles_occluded\image_0.jpg,2628,3222,3023,3539
D:\SEM 7\CVProject\datasets\bottles_occluded\image_0.jpg,2630,741,2975,1099
D:\SEM 7\CVProject\datasets\bottles_occluded\image_0.jpg,1168,2231,1480,2623
D:\SEM 7\CVProject\datasets\bottles_occluded\image_0.jpg,1466,278,1758,688
D:\SEM 7\CVProject\datasets\bottles_occluded\image_0.jpg,2018,1580,2319,1975
D:\SEM 7\CVProject\datasets\bottles_occluded\image_0.jpg,1067,3016,1346,3434
D:\SEM 7\CVProject\datasets\bottles_occluded\image_0.jpg,0,2533,234,3031
D:\SEM 7\CVProject\datasets\bottles_occluded\image_0.jpg,2445,0,2863,274
D:\SEM 7\CVProject\datasets\bottles_occluded\image_0.jpg,1598,3535,1992,3812
D:\SEM 7\CVProject\datasets\bottles_occluded\image_0.jpg,706,2237,936,2708
D:\SEM 7\CVProject\datasets\bottles_occluded\image_0.jpg,2130,0,2444,339
D:\SEM 7\CVProject\datasets\bottles_occluded\image_0.jpg,106,2251,467,2542
D:\SEM 7\CVProject\datasets\bottles_occluded\image_0.jpg,2474,2501,2791,2831
D:\SEM 7\CVProject\datasets\bottles_occluded\image_0.jpg,478,900,738,1296
D:\SEM 7\CVProject\datasets\bottles_occluded\image_0.jpg,1794,1312,2110,1631
D:\SEM 7\CVProject\datasets\bottles_occluded\image_0.jpg,1140,37,1546,282
D:\SEM 7\CVProject\datasets\bottles_occluded\image_0.jpg,835,1466,1095,1843
D:\SEM 7\CVProject\datasets\bottles_occluded\image_0.jpg,842,660,1161,952
D:\SEM 7\CVProject\datasets\bottles_occluded\image_0.jpg,825,552,1121,864
D:\SEM 7\CVProject\datasets\bottles_occluded\image_0.jpg,120,1751,461,2020
D:\SEM 7\CVProject\datasets\bottles_occluded\image_0.jpg,2129,164,2413,482
D:\SEM 7\CVProject\datasets\bottles_occluded\image_0.jpg,829,0,1099,330
D:\SEM 7\CVProject\datasets\bottles_occluded\image_0.jpg,2028,1132,2401,1369
D:\SEM 7\CVProject\datasets\bottles_occluded\image_0.jpg,260,416,510,765
D:\SEM 7\CVProject\datasets\bottles_occluded\image_0.jpg,574,1459,808,1824
D:\SEM 7\CVProject\datasets\bottles_occluded\image_0.jpg,1874,807,2136,1133
D:\SEM 7\CVProject\datasets\bottles_occluded\image_0.jpg,688,2702,896,3107
D:\SEM 7\CVProject\datasets\bottles_occluded\image_0.jpg,0,0,314,250
D:\SEM 7\CVProject\datasets\bottles_occluded\image_0.jpg,654,596,1044,786
D:\SEM 7\CVProject\datasets\bottles_occluded\image_0.jpg,2079,537,2237,987
D:\SEM 7\CVProject\datasets\bottles_occluded\image_0.jpg,1742,907,2015,1165
D:\SEM 7\CVProject\datasets\bottles_occluded\image_0.jpg,357,1809,567,2143
D:\SEM 7\CVProject\datasets\bottles_occluded\image_0.jpg,0,3102,271,3360
D:\SEM 7\CVProject\datasets\bottles_occluded\image_0.jpg,2892,2010,3023,2542
D:\SEM 7\CVProject\datasets\bottles_occluded\image_0.jpg,1595,1029,1843,1310
D:\SEM 7\CVProject\datasets\bottles_occluded\image_0.jpg,993,0,1264,252
D:\SEM 7\CVProject\datasets\bottles_occluded\image_0.jpg,1108,2940,1317,3263
D:\SEM 7\CVProject\datasets\bottles_occluded\image_0.jpg,2219,2149,2438,2450
D:\SEM 7\CVProject\datasets\bottles_occluded\image_0.jpg,2399,1639,2713,1842
D:\SEM 7\CVProject\datasets\bottles_occluded\image_0.jpg,2750,0,3023,231
D:\SEM 7\CVProject\datasets\bottles_occluded\image_0.jpg,1696,1249,1862,1608
D:\SEM 7\CVProject\datasets\bottles_occluded\image_0.jpg,57,469,225,818
D:\SEM 7\CVProject\datasets\bottles_occluded\image_0.jpg,2859,216,3023,569
D:\SEM 7\CVProject\datasets\bottles_occluded\image_0.jpg,2415,2249,2610,2545
D:\SEM 7\CVProject\datasets\bottles_occluded\image_0.jpg,578,2766,791,3037
D:\SEM 7\CVProject\datasets\bottles_occluded\image_0.jpg,502,2811,691,3112
D:\SEM 7\CVProject\datasets\bottles_occluded\image_0.jpg,1682,26,1906,280
D:\SEM 7\CVProject\datasets\bottles_occluded\image_0.jpg,2867,716,3023,1080
D:\SEM 7\CVProject\datasets\bottles_occluded\image_0.jpg,2580,650,2811,895
D:\SEM 7\CVProject\datasets\bottles_occluded\image_0.jpg,960,1478,1313,1638
D:\SEM 7\CVProject\datasets\bottles_occluded\image_0.jpg,354,2113,625,2321
D:\SEM 7\CVProject\datasets\bottles_occluded\image_0.jpg,1142,306,1389,533
D:\SEM 7\CVProject\datasets\bottles_occluded\image_0.jpg,0,131,198,413
D:\SEM 7\CVProject\datasets\bottles_occluded\image_0.jpg,610,2102,818,2369
D:\SEM 7\CVProject\datasets\bottles_occluded\image_0.jpg,2597,1426,2883,1620
D:\SEM 7\CVProject\datasets\bottles_occluded\image_0.jpg,272,204,480,467
D:\SEM 7\CVProject\datasets\bottles_occluded\image_0.jpg,0,1060,149,1423
D:\SEM 7\CVProject\datasets\bottles_occluded\image_0.jpg,562,1242,822,1450
D:\SEM 7\CVProject\datasets\bottles_occluded\image_0.jpg,2849,3552,3023,3852
D:\SEM 7\CVProject\datasets\bottles_occluded\image_0.jpg,1218,373,1449,598
D:\SEM 7\CVProject\datasets\bottles_occluded\image_0.jpg,84,2557,229,2911
D:\SEM 7\CVProject\datasets\bottles_occluded\image_0.jpg,1600,42,1790,311
D:\SEM 7\CVProject\datasets\bottles_occluded\image_0.jpg,2245,769,2467,999
D:\SEM 7\CVProject\datasets\bottles_occluded\image_0.jpg,1923,1599,2128,1826
D:\SEM 7\CVProject\datasets\bottles_occluded\image_0.jpg,1245,2325,1416,2597
D:\SEM 7\CVProject\datasets\bottles_occluded\image_0.jpg,1840,242,2157,388
D:\SEM 7\CVProject\datasets\bottles_occluded\image_0.jpg,316,978,557,1169
D:\SEM 7\CVProject\datasets\bottles_occluded\image_0.jpg,1996,877,2170,1138
D:\SEM 7\CVProject\datasets\bottles_occluded\image_0.jpg,542,2670,751,2886
D:\SEM 7\CVProject\datasets\bottles_occluded\image_0.jpg,2197,1285,2348,1583
D:\SEM 7\CVProject\datasets\bottles_occluded\image_0.jpg,141,717,321,965
D:\SEM 7\CVProject\datasets\bottles_occluded\image_0.jpg,0,3404,271,3567
D:\SEM 7\CVProject\datasets\bottles_occluded\image_0.jpg,2611,1568,2743,1901
D:\SEM 7\CVProject\datasets\bottles_occluded\image_0.jpg,1665,120,1850,357
D:\SEM 7\CVProject\datasets\bottles_occluded\image_0.jpg,291,1960,513,2156
D:\SEM 7\CVProject\datasets\bottles_occluded\image_0.jpg,1778,3737,1979,3951
D:\SEM 7\CVProject\datasets\bottles_occluded\image_0.jpg,2790,1607,3005,1801
D:\SEM 7\CVProject\datasets\bottles_occluded\image_0.jpg,351,2530,513,2787
D:\SEM 7\CVProject\datasets\bottles_occluded\image_0.jpg,1513,3092,1785,3242
D:\SEM 7\CVProject\datasets\bottles_occluded\image_0.jpg,780,2428,906,2750
D:\SEM 7\CVProject\datasets\bottles_occluded\image_0.jpg,2065,1855,2255,2067
D:\SEM 7\CVProject\datasets\bottles_occluded\image_0.jpg,600,396,834,568
D:\SEM 7\CVProject\datasets\bottles_occluded\image_0.jpg,62,1157,283,1337
D:\SEM 7\CVProject\datasets\bottles_occluded\image_0.jpg,2463,2627,2658,2830
D:\SEM 7\CVProject\datasets\bottles_occluded\image_0.jpg,1980,2088,2194,2270
D:\SEM 7\CVProject\datasets\bottles_occluded\image_0.jpg,1939,494,2129,697
D:\SEM 7\CVProject\datasets\bottles_occluded\image_0.jpg,1894,115,2105,296
D:\SEM 7\CVProject\datasets\bottles_occluded\image_0.jpg,2098,1331,2267,1555
D:\SEM 7\CVProject\datasets\bottles_occluded\image_0.jpg,0,2299,137,2574
D:\SEM 7\CVProject\datasets\bottles_occluded\image_0.jpg,977,2366,1118,2633
D:\SEM 7\CVProject\datasets\bottles_occluded\image_0.jpg,862,1153,1040,1362
D:\SEM 7\CVProject\datasets\bottles_occluded\image_0.jpg,1222,1319,1359,1590
D:\SEM 7\CVProject\datasets\bottles_occluded\image_0.jpg,2625,2303,2813,2500
D:\SEM 7\CVProject\datasets\bottles_occluded\image_0.jpg,1782,2104,1888,2449
D:\SEM 7\CVProject\datasets\bottles_occluded\image_0.jpg,2080,456,2192,774
D:\SEM 7\CVProject\datasets\bottles_occluded\image_0.jpg,72,1466,327,1605
D:\SEM 7\CVProject\datasets\bottles_occluded\image_0.jpg,1985,1010,2195,1176
D:\SEM 7\CVProject\datasets\bottles_occluded\image_0.jpg,113,3517,326,3677
D:\SEM 7\CVProject\datasets\bottles_occluded\image_0.jpg,382,2052,540,2264
D:\SEM 7\CVProject\datasets\bottles_occluded\image_0.jpg,2695,1715,2921,1863
D:\SEM 7\CVProject\datasets\bottles_occluded\image_0.jpg,2308,1757,2489,1938
D:\SEM 7\CVProject\datasets\bottles_occluded\image_0.jpg,2146,3331,2266,3593
D:\SEM 7\CVProject\datasets\bottles_occluded\image_0.jpg,1795,1298,1999,1451
D:\SEM 7\CVProject\datasets\bottles_occluded\image_0.jpg,1796,2451,1960,2641
D:\SEM 7\CVProject\datasets\bottles_occluded\image_0.jpg,678,194,817,418
D:\SEM 7\CVProject\datasets\bottles_occluded\image_0.jpg,493,2314,621,2557
D:\SEM 7\CVProject\datasets\bottles_occluded\image_0.jpg,1944,336,2196,459
D:\SEM 7\CVProject\datasets\bottles_occluded\image_0.jpg,66,360,271,511
D:\SEM 7\CVProject\datasets\bottles_occluded\image_0.jpg,1662,847,1827,1028
D:\SEM 7\CVProject\datasets\bottles_occluded\image_0.jpg,903,2097,1104,2245
D:\SEM 7\CVProject\datasets\bottles_occluded\image_0.jpg,610,322,874,434
D:\SEM 7\CVProject\datasets\bottles_occluded\image_0.jpg,2307,2372,2480,2543
D:\SEM 7\CVProject\datasets\bottles_occluded\image_0.jpg,2523,3239,2687,3417
D:\SEM 7\CVProject\datasets\bottles_occluded\image_0.jpg,444,104,574,328
D:\SEM 7\CVProject\datasets\bottles_occluded\image_0.jpg,128,3613,312,3771
D:\SEM 7\CVProject\datasets\bottles_occluded\image_0.jpg,1823,742,2014,894
D:\SEM 7\CVProject\datasets\bottles_occluded\image_0.jpg,287,3618,449,3796
D:\SEM 7\CVProject\datasets\bottles_occluded\image_0.jpg,2314,1993,2436,2229
D:\SEM 7\CVProject\datasets\bottles_occluded\image_0.jpg,2255,1595,2435,1755
D:\SEM 7\CVProject\datasets\bottles_occluded\image_0.jpg,103,3117,238,3328
D:\SEM 7\CVProject\datasets\bottles_occluded\image_0.jpg,2540,3329,2684,3525
D:\SEM 7\CVProject\datasets\bottles_occluded\image_0.jpg,786,1794,958,1955
D:\SEM 7\CVProject\datasets\bottles_occluded\image_0.jpg,9,1599,140,1808
D:\SEM 7\CVProject\datasets\bottles_occluded\image_0.jpg,230,3292,399,3454
D:\SEM 7\CVProject\datasets\bottles_occluded\image_0.jpg,2567,1628,2728,1798
D:\SEM 7\CVProject\datasets\bottles_occluded\image_0.jpg,2739,2413,2868,2623
D:\SEM 7\CVProject\datasets\bottles_occluded\image_0.jpg,2370,3597,2575,3728
D:\SEM 7\CVProject\datasets\bottles_occluded\image_0.jpg,2353,753,2493,944
D:\SEM 7\CVProject\datasets\bottles_occluded\image_0.jpg,228,2840,477,2947
D:\SEM 7\CVProject\datasets\bottles_occluded\image_0.jpg,1540,291,1650,531
D:\SEM 7\CVProject\datasets\bottles_occluded\image_0.jpg,534,3765,643,4007
D:\SEM 7\CVProject\datasets\bottles_occluded\image_0.jpg,1769,156,1917,334
D:\SEM 7\CVProject\datasets\bottles_occluded\image_0.jpg,846,3833,979,4031
D:\SEM 7\CVProject\datasets\bottles_occluded\image_0.jpg,2622,2251,2820,2384
D:\SEM 7\CVProject\datasets\bottles_occluded\image_0.jpg,350,3670,502,3841
D:\SEM 7\CVProject\datasets\bottles_occluded\image_0.jpg,2933,3629,3023,3917
D:\SEM 7\CVProject\datasets\bottles_occluded\image_0.jpg,1637,789,1740,1040
D:\SEM 7\CVProject\datasets\bottles_occluded\image_0.jpg,1088,2545,1236,2719
D:\SEM 7\CVProject\datasets\bottles_occluded\image_0.jpg,88,1611,219,1807
D:\SEM 7\CVProject\datasets\bottles_occluded\image_0.jpg,489,2797,569,3114
D:\SEM 7\CVProject\datasets\bottles_occluded\image_0.jpg,234,2190,336,2436
D:\SEM 7\CVProject\datasets\bottles_occluded\image_0.jpg,2497,2148,2687,2280
D:\SEM 7\CVProject\datasets\bottles_occluded\image_0.jpg,278,3451,426,3619
D:\SEM 7\CVProject\datasets\bottles_occluded\image_0.jpg,2296,2244,2416,2451
D:\SEM 7\CVProject\datasets\bottles_occluded\image_0.jpg,2519,3651,2654,3835
D:\SEM 7\CVProject\datasets\bottles_occluded\image_0.jpg,768,2140,855,2423
D:\SEM 7\CVProject\datasets\bottles_occluded\image_0.jpg,579,1462,698,1669
D:\SEM 7\CVProject\datasets\bottles_occluded\image_0.jpg,1752,1487,1857,1719
D:\SEM 7\CVProject\datasets\bottles_occluded\image_0.jpg,2164,725,2238,1052
D:\SEM 7\CVProject\datasets\bottles_occluded\image_0.jpg,426,2486,520,2743
D:\SEM 7\CVProject\datasets\bottles_occluded\image_0.jpg,2875,0,3023,163
D:\SEM 7\CVProject\datasets\bottles_occluded\image_0.jpg,364,2380,459,2633
D:\SEM 7\CVProject\datasets\bottles_occluded\image_0.jpg,2332,1224,2460,1412
D:\SEM 7\CVProject\datasets\bottles_occluded\image_0.jpg,1391,1293,1573,1424
D:\SEM 7\CVProject\datasets\bottles_occluded\image_0.jpg,2310,162,2414,391
D:\SEM 7\CVProject\datasets\bottles_occluded\image_0.jpg,2787,738,2976,864
D:\SEM 7\CVProject\datasets\bottles_occluded\image_0.jpg,933,2864,1153,2972
D:\SEM 7\CVProject\datasets\bottles_occluded\image_0.jpg,1896,499,2040,664
D:\SEM 7\CVProject\datasets\bottles_occluded\image_0.jpg,2472,2239,2602,2418
D:\SEM 7\CVProject\datasets\bottles_occluded\image_0.jpg,446,2647,584,2815
D:\SEM 7\CVProject\datasets\bottles_occluded\image_0.jpg,2222,2800,2425,2914
D:\SEM 7\CVProject\datasets\bottles_occluded\image_0.jpg,724,2705,881,2851
D:\SEM 7\CVProject\datasets\bottles_occluded\image_0.jpg,821,2759,918,2995
D:\SEM 7\CVProject\datasets\bottles_occluded\image_0.jpg,216,1212,353,1379
D:\SEM 7\CVProject\datasets\bottles_occluded\image_0.jpg,1218,436,1409,555
D:\SEM 7\CVProject\datasets\bottles_occluded\image_0.jpg,2755,902,2872,1095
D:\SEM 7\CVProject\datasets\bottles_occluded\image_0.jpg,1549,573,1748,686
D:\SEM 7\CVProject\datasets\bottles_occluded\image_0.jpg,2617,144,2795,270
D:\SEM 7\CVProject\datasets\bottles_occluded\image_0.jpg,1,2461,82,2736
D:\SEM 7\CVProject\datasets\bottles_occluded\image_0.jpg,2624,1731,2744,1916
D:\SEM 7\CVProject\datasets\bottles_occluded\image_0.jpg,926,3168,1052,3344
D:\SEM 7\CVProject\datasets\bottles_occluded\image_0.jpg,1142,2066,1278,2229
D:\SEM 7\CVProject\datasets\bottles_occluded\image_0.jpg,2512,2718,2682,2848
D:\SEM 7\CVProject\datasets\bottles_occluded\image_0.jpg,2860,323,2991,491
D:\SEM 7\CVProject\datasets\bottles_occluded\image_0.jpg,205,1929,313,2132
D:\SEM 7\CVProject\datasets\bottles_occluded\image_0.jpg,1340,3201,1496,3341
D:\SEM 7\CVProject\datasets\bottles_occluded\image_0.jpg,2164,1210,2323,1346
D:\SEM 7\CVProject\datasets\bottles_occluded\image_0.jpg,56,688,219,820
D:\SEM 7\CVProject\datasets\bottles_occluded\image_0.jpg,1561,2860,1665,3065
D:\SEM 7\CVProject\datasets\bottles_occluded\image_0.jpg,2642,3571,2731,3809
D:\SEM 7\CVProject\datasets\bottles_occluded\image_0.jpg,548,2513,628,2777
D:\SEM 7\CVProject\datasets\bottles_occluded\image_0.jpg,1034,1877,1218,1992
D:\SEM 7\CVProject\datasets\bottles_occluded\image_0.jpg,2734,3862,2895,3993
D:\SEM 7\CVProject\datasets\bottles_occluded\image_0.jpg,1546,1992,1706,2123
D:\SEM 7\CVProject\datasets\bottles_occluded\image_0.jpg,339,2336,448,2528
D:\SEM 7\CVProject\datasets\bottles_occluded\image_0.jpg,2488,2084,2638,2223
D:\SEM 7\CVProject\datasets\bottles_occluded\image_0.jpg,207,2738,393,2850
D:\SEM 7\CVProject\datasets\bottles_occluded\image_0.jpg,1871,1421,1987,1600
D:\SEM 7\CVProject\datasets\bottles_occluded\image_0.jpg,599,1720,791,1828
D:\SEM 7\CVProject\datasets\bottles_occluded\image_0.jpg,664,3809,757,4031
D:\SEM 7\CVProject\datasets\bottles_occluded\image_0.jpg,2336,1349,2428,1573
D:\SEM 7\CVProject\datasets\bottles_occluded\image_0.jpg,738,2478,841,2678
D:\SEM 7\CVProject\datasets\bottles_occluded\image_0.jpg,1486,2267,1557,2554
D:\SEM 7\CVProject\datasets\bottles_occluded\image_0.jpg,2172,2234,2311,2381
D:\SEM 7\CVProject\datasets\bottles_occluded\image_0.jpg,1079,127,1183,323
D:\SEM 7\CVProject\datasets\bottles_occluded\image_0.jpg,1152,356,1290,503
D:\SEM 7\CVProject\datasets\bottles_occluded\image_0.jpg,130,1011,220,1236
D:\SEM 7\CVProject\datasets\bottles_occluded\image_0.jpg,1482,3887,1622,4031
D:\SEM 7\CVProject\datasets\bottles_occluded\image_0.jpg,508,2601,584,2865
D:\SEM 7\CVProject\datasets\bottles_occluded\image_0.jpg,970,1995,1146,2109
D:\SEM 7\CVProject\datasets\bottles_occluded\image_0.jpg,1330,1655,1462,1807
D:\SEM 7\CVProject\datasets\bottles_occluded\image_0.jpg,2147,347,2300,475
D:\SEM 7\CVProject\datasets\bottles_occluded\image_0.jpg,1963,2748,2160,2847
D:\SEM 7\CVProject\datasets\bottles_occluded\image_0.jpg,2433,1826,2574,1964
D:\SEM 7\CVProject\datasets\bottles_occluded\image_0.jpg,376,2206,511,2350
D:\SEM 7\CVProject\datasets\bottles_occluded\image_0.jpg,1959,810,2057,1008
D:\SEM 7\CVProject\datasets\bottles_occluded\image_0.jpg,1360,1410,1573,1501
D:\SEM 7\CVProject\datasets\bottles_occluded\image_0.jpg,1131,0,1275,134
D:\SEM 7\CVProject\datasets\bottles_occluded\image_0.jpg,627,2272,710,2504
D:\SEM 7\CVProject\datasets\bottles_occluded\image_0.jpg,0,1696,79,1939
D:\SEM 7\CVProject\datasets\bottles_occluded\image_0.jpg,331,3890,467,4031
D:\SEM 7\CVProject\datasets\bottles_occluded\image_0.jpg,1616,1262,1703,1481
D:\SEM 7\CVProject\datasets\bottles_occluded\image_0.jpg,667,1070,735,1349
D:\SEM 7\CVProject\datasets\bottles_occluded\image_0.jpg,2002,3703,2081,3943
D:\SEM 7\CVProject\datasets\bottles_occluded\image_0.jpg,2686,3045,2795,3218
D:\SEM 7\CVProject\datasets\bottles_occluded\image_0.jpg,54,490,151,683
D:\SEM 7\CVProject\datasets\bottles_occluded\image_0.jpg,1508,1215,1607,1404
D:\SEM 7\CVProject\datasets\bottles_occluded\image_0.jpg,2323,733,2453,877
D:\SEM 7\CVProject\datasets\bottles_occluded\image_0.jpg,1303,2154,1487,2254
D:\SEM 7\CVProject\datasets\bottles_occluded\image_0.jpg,108,3663,229,3814
D:\SEM 7\CVProject\datasets\bottles_occluded\image_0.jpg,2344,1952,2456,2115
D:\SEM 7\CVProject\datasets\bottles_occluded\image_0.jpg,2381,2265,2468,2473
D:\SEM 7\CVProject\datasets\bottles_occluded\image_0.jpg,134,3048,271,3180
D:\SEM 7\CVProject\datasets\bottles_occluded\image_0.jpg,2776,3726,2897,3875
D:\SEM 7\CVProject\datasets\bottles_occluded\image_0.jpg,1280,2925,1408,3065
D:\SEM 7\CVProject\datasets\bottles_occluded\image_0.jpg,193,3845,333,3973
D:\SEM 7\CVProject\datasets\bottles_occluded\image_0.jpg,772,3182,865,3373
D:\SEM 7\CVProject\datasets\bottles_occluded\image_0.jpg,956,1178,1037,1397
D:\SEM 7\CVProject\datasets\bottles_occluded\image_0.jpg,1515,1812,1679,1920
D:\SEM 7\CVProject\datasets\bottles_occluded\image_0.jpg,2190,2542,2278,2742
D:\SEM 7\CVProject\datasets\bottles_occluded\image_0.jpg,1321,1238,1450,1374
D:\SEM 7\CVProject\datasets\bottles_occluded\image_0.jpg,1513,1621,1621,1783
D:\SEM 7\CVProject\datasets\bottles_occluded\image_0.jpg,2932,1512,3023,1704
D:\SEM 7\CVProject\datasets\bottles_occluded\image_0.jpg,678,1014,769,1206
D:\SEM 7\CVProject\datasets\bottles_occluded\image_0.jpg,1877,562,1985,723
D:\SEM 7\CVProject\datasets\bottles_occluded\image_0.jpg,2039,779,2128,974
D:\SEM 7\CVProject\datasets\bottles_occluded\image_0.jpg,2611,1668,2694,1877
D:\SEM 7\CVProject\datasets\bottles_occluded\image_0.jpg,1718,0,1859,123
D:\SEM 7\CVProject\datasets\bottles_occluded\image_0.jpg,1471,1531,1578,1692
D:\SEM 7\CVProject\datasets\bottles_occluded\image_0.jpg,2493,1267,2558,1529
D:\SEM 7\CVProject\datasets\bottles_occluded\image_0.jpg,915,950,1079,1054
D:\SEM 7\CVProject\datasets\bottles_occluded\image_0.jpg,2493,3304,2593,3474
D:\SEM 7\CVProject\datasets\bottles_occluded\image_0.jpg,2668,2153,2812,2271
D:\SEM 7\CVProject\datasets\bottles_occluded\image_0.jpg,1742,870,1817,1096
D:\SEM 7\CVProject\datasets\bottles_occluded\image_0.jpg,40,2082,181,2202
D:\SEM 7\CVProject\datasets\bottles_occluded\image_0.jpg,22,3839,180,3946
D:\SEM 7\CVProject\datasets\bottles_occluded\image_0.jpg,1546,1293,1651,1454
D:\SEM 7\CVProject\datasets\bottles_occluded\image_0.jpg,554,1108,647,1289
D:\SEM 7\CVProject\datasets\bottles_occluded\image_0.jpg,728,2683,810,2888
D:\SEM 7\CVProject\datasets\bottles_occluded\image_0.jpg,261,3693,357,3867
D:\SEM 7\CVProject\datasets\bottles_occluded\image_0.jpg,2728,2332,2866,2453
D:\SEM 7\CVProject\datasets\bottles_occluded\image_0.jpg,1317,3046,1424,3202
D:\SEM 7\CVProject\datasets\bottles_occluded\image_0.jpg,2326,468,2411,664
D:\SEM 7\CVProject\datasets\bottles_occluded\image_0.jpg,2913,3360,3002,3547
D:\SEM 7\CVProject\datasets\bottles_occluded\image_0.jpg,961,132,1069,286
D:\SEM 7\CVProject\datasets\bottles_occluded\image_0.jpg,2003,1648,2129,1780
D:\SEM 7\CVProject\datasets\bottles_occluded\image_0.jpg,1557,2752,1629,2982
D:\SEM 7\CVProject\datasets\bottles_occluded\image_0.jpg,1053,3249,1147,3425
D:\SEM 7\CVProject\datasets\bottles_occluded\image_0.jpg,2394,3349,2496,3511
D:\SEM 7\CVProject\datasets\bottles_occluded\image_0.jpg,262,3762,396,3885
D:\SEM 7\CVProject\datasets\bottles_occluded\image_0.jpg,382,534,533,643
D:\SEM 7\CVProject\datasets\bottles_occluded\image_0.jpg,2960,1830,3016,2121
D:\SEM 7\CVProject\datasets\bottles_occluded\image_0.jpg,681,2520,774,2696
D:\SEM 7\CVProject\datasets\bottles_occluded\image_0.jpg,509,319,685,412
D:\SEM 7\CVProject\datasets\bottles_occluded\image_0.jpg,1555,3644,1650,3816
D:\SEM 7\CVProject\datasets\bottles_occluded\image_0.jpg,2584,1022,2718,1144
D:\SEM 7\CVProject\datasets\bottles_occluded\image_0.jpg,915,2902,1076,3003
D:\SEM 7\CVProject\datasets\bottles_occluded\image_0.jpg,411,118,519,268
D:\SEM 7\CVProject\datasets\bottles_occluded\image_0.jpg,1372,1379,1573,1459
D:\SEM 7\CVProject\datasets\bottles_occluded\image_0.jpg,2769,2067,2901,2189
D:\SEM 7\CVProject\datasets\bottles_occluded\image_0.jpg,1665,1100,1779,1241
D:\SEM 7\CVProject\datasets\bottles_occluded\image_0.jpg,346,3777,464,3913
D:\SEM 7\CVProject\datasets\bottles_occluded\image_0.jpg,1694,2840,1822,2965
D:\SEM 7\CVProject\datasets\bottles_occluded\image_0.jpg,443,224,598,327
D:\SEM 7\CVProject\datasets\bottles_occluded\image_0.jpg,1029,3613,1128,3774
D:\SEM 7\CVProject\datasets\bottles_occluded\image_0.jpg,1,3396,58,3674
D:\SEM 7\CVProject\datasets\bottles_occluded\image_0.jpg,1004,130,1077,347
D:\SEM 7\CVProject\datasets\bottles_occluded\image_0.jpg,396,2863,476,3061
D:\SEM 7\CVProject\datasets\bottles_occluded\image_0.jpg,0,909,86,1093
D:\SEM 7\CVProject\datasets\bottles_occluded\image_0.jpg,420,3895,536,4031
D:\SEM 7\CVProject\datasets\bottles_occluded\image_0.jpg,365,3314,455,3489
D:\SEM 7\CVProject\datasets\bottles_occluded\image_0.jpg,2435,2348,2562,2472
D:\SEM 7\CVProject\datasets\bottles_occluded\image_0.jpg,2203,2023,2335,2141
D:\SEM 7\CVProject\datasets\bottles_occluded\image_0.jpg,844,0,1027,85
D:\SEM 7\CVProject\datasets\bottles_occluded\image_0.jpg,2071,2431,2174,2582
D:\SEM 7\CVProject\datasets\bottles_occluded\image_0.jpg,263,1607,399,1721
D:\SEM 7\CVProject\datasets\bottles_occluded\image_0.jpg,1238,2397,1325,2573
D:\SEM 7\CVProject\datasets\bottles_occluded\image_0.jpg,2278,1783,2369,1951
D:\SEM 7\CVProject\datasets\bottles_occluded\image_0.jpg,1,3085,120,3213
D:\SEM 7\CVProject\datasets\bottles_occluded\image_0.jpg,308,3135,393,3314
D:\SEM 7\CVProject\datasets\bottles_occluded\image_0.jpg,2056,2196,2212,2293
D:\SEM 7\CVProject\datasets\bottles_occluded\image_0.jpg,2338,3238,2441,3384
D:\SEM 7\CVProject\datasets\bottles_occluded\image_0.jpg,1858,3831,1981,3953
D:\SEM 7\CVProject\datasets\bottles_occluded\image_0.jpg,1864,1856,1968,2000
D:\SEM 7\CVProject\datasets\bottles_occluded\image_0.jpg,1484,1178,1571,1350
D:\SEM 7\CVProject\datasets\bottles_occluded\image_0.jpg,2023,2497,2083,2745
D:\SEM 7\CVProject\datasets\bottles_occluded\image_0.jpg,1188,2331,1242,2606
D:\SEM 7\CVProject\datasets\bottles_occluded\image_0.jpg,11,1288,124,1420
D:\SEM 7\CVProject\datasets\bottles_occluded\image_0.jpg,1522,407,1628,547
D:\SEM 7\CVProject\datasets\bottles_occluded\image_0.jpg,179,1421,333,1517
D:\SEM 7\CVProject\datasets\bottles_occluded\image_0.jpg,315,135,479,225
D:\SEM 7\CVProject\datasets\bottles_occluded\image_0.jpg,313,1244,417,1385
D:\SEM 7\CVProject\datasets\bottles_occluded\image_0.jpg,0,2054,99,2202
D:\SEM 7\CVProject\datasets\bottles_occluded\image_0.jpg,250,1197,420,1283
D:\SEM 7\CVProject\datasets\bottles_occluded\image_0.jpg,1,1930,95,2085
D:\SEM 7\CVProject\datasets\bottles_occluded\image_0.jpg,472,3800,563,3960
D:\SEM 7\CVProject\datasets\bottles_occluded\image_0.jpg,2725,271,2845,392
D:\SEM 7\CVProject\datasets\bottles_occluded\image_0.jpg,1364,301,1497,410
D:\SEM 7\CVProject\datasets\bottles_occluded\image_0.jpg,2510,541,2638,654
D:\SEM 7\CVProject\datasets\bottles_occluded\image_0.jpg,1821,2856,1883,3088
D:\SEM 7\CVProject\datasets\bottles_occluded\image_0.jpg,2663,2762,2753,2922
D:\SEM 7\CVProject\datasets\bottles_occluded\image_0.jpg,925,1985,1046,2104
D:\SEM 7\CVProject\datasets\bottles_occluded\image_0.jpg,2131,58,2302,142
D:\SEM 7\CVProject\datasets\bottles_occluded\image_0.jpg,2632,1412,2720,1575
D:\SEM 7\CVProject\datasets\bottles_occluded\image_0.jpg,1414,442,1527,569
D:\SEM 7\CVProject\datasets\bottles_occluded\image_0.jpg,714,1068,856,1169
D:\SEM 7\CVProject\datasets\bottles_occluded\image_0.jpg,1493,505,1604,634
D:\SEM 7\CVProject\datasets\bottles_occluded\image_0.jpg,977,0,1106,111
D:\SEM 7\CVProject\datasets\bottles_occluded\image_0.jpg,1535,822,1614,1002
D:\SEM 7\CVProject\datasets\bottles_occluded\image_0.jpg,2272,1662,2405,1769
D:\SEM 7\CVProject\datasets\bottles_occluded\image_0.jpg,2175,970,2266,1126
D:\SEM 7\CVProject\datasets\bottles_occluded\image_0.jpg,2680,2659,2823,2758
D:\SEM 7\CVProject\datasets\bottles_occluded\image_0.jpg,467,3012,536,3216
D:\SEM 7\CVProject\datasets\bottles_occluded\image_0.jpg,712,821,776,1040
D:\SEM 7\CVProject\datasets\bottles_occluded\image_0.jpg,2767,227,2857,383
D:\SEM 7\CVProject\datasets\bottles_occluded\image_0.jpg,1603,3909,1718,4031
D:\SEM 7\CVProject\datasets\bottles_occluded\image_0.jpg,1108,2097,1209,2235
D:\SEM 7\CVProject\datasets\bottles_occluded\image_0.jpg,2411,130,2540,238
D:\SEM 7\CVProject\datasets\bottles_occluded\image_0.jpg,1662,3935,1807,4031
D:\SEM 7\CVProject\datasets\bottles_occluded\image_0.jpg,2111,839,2165,1095
D:\SEM 7\CVProject\datasets\bottles_occluded\image_0.jpg,2932,1332,3023,1484
D:\SEM 7\CVProject\datasets\bottles_occluded\image_0.jpg,768,2681,876,2809
D:\SEM 7\CVProject\datasets\bottles_occluded\image_0.jpg,1559,1716,1651,1866
D:\SEM 7\CVProject\datasets\bottles_occluded\image_0.jpg,2771,3626,2853,3793
D:\SEM 7\CVProject\datasets\bottles_occluded\image_0.jpg,1484,750,1578,895
D:\SEM 7\CVProject\datasets\bottles_occluded\image_0.jpg,25,539,129,670
D:\SEM 7\CVProject\datasets\bottles_occluded\image_0.jpg,0,5,83,169
D:\SEM 7\CVProject\datasets\bottles_occluded\image_0.jpg,1388,140,1548,225
D:\SEM 7\CVProject\datasets\bottles_occluded\image_0.jpg,1874,1971,2002,2077
D:\SEM 7\CVProject\datasets\bottles_occluded\image_0.jpg,2922,2898,3023,3032
D:\SEM 7\CVProject\datasets\bottles_occluded\image_0.jpg,156,2552,317,2636
D:\SEM 7\CVProject\datasets\bottles_occluded\image_0.jpg,1,873,50,1147
D:\SEM 7\CVProject\datasets\bottles_occluded\image_0.jpg,980,2471,1080,2606
D:\SEM 7\CVProject\datasets\bottles_occluded\image_0.jpg,1887,2006,1959,2193
D:\SEM 7\CVProject\datasets\bottles_occluded\image_0.jpg,1724,3796,1800,3973
D:\SEM 7\CVProject\datasets\bottles_occluded\image_0.jpg,637,1621,720,1783
D:\SEM 7\CVProject\datasets\bottles_occluded\image_0.jpg,2596,927,2764,1007
D:\SEM 7\CVProject\datasets\bottles_occluded\image_0.jpg,786,1920,882,2060
D:\SEM 7\CVProject\datasets\bottles_occluded\image_0.jpg,263,1966,314,2228
D:\SEM 7\CVProject\datasets\bottles_occluded\image_0.jpg,1453,309,1554,442
D:\SEM 7\CVProject\datasets\bottles_occluded\image_0.jpg,13,2246,136,2355
D:\SEM 7\CVProject\datasets\bottles_occluded\image_0.jpg,2855,119,2941,274
D:\SEM 7\CVProject\datasets\bottles_occluded\image_0.jpg,20,2672,131,2792
D:\SEM 7\CVProject\datasets\bottles_occluded\image_0.jpg,626,1890,693,2088
D:\SEM 7\CVProject\datasets\bottles_occluded\image_0.jpg,1580,3489,1731,3577
D:\SEM 7\CVProject\datasets\bottles_occluded\image_0.jpg,2186,1245,2274,1396
D:\SEM 7\CVProject\datasets\bottles_occluded\image_0.jpg,2564,3626,2654,3773
D:\SEM 7\CVProject\datasets\bottles_occluded\image_0.jpg,1891,284,2036,375
D:\SEM 7\CVProject\datasets\bottles_occluded\image_0.jpg,2518,3727,2620,3856
D:\SEM 7\CVProject\datasets\bottles_occluded\image_0.jpg,2893,1484,2961,1677
D:\SEM 7\CVProject\datasets\bottles_occluded\image_0.jpg,2712,1539,2780,1732
D:\SEM 7\CVProject\datasets\bottles_occluded\image_0.jpg,2802,3523,2939,3619
D:\SEM 7\CVProject\datasets\bottles_occluded\image_0.jpg,944,1116,1031,1267
D:\SEM 7\CVProject\datasets\bottles_occluded\image_0.jpg,514,2875,605,3019
D:\SEM 7\CVProject\datasets\bottles_occluded\image_0.jpg,1236,303,1353,415
D:\SEM 7\CVProject\datasets\bottles_occluded\image_0.jpg,1806,3931,1937,4031
D:\SEM 7\CVProject\datasets\bottles_occluded\image_0.jpg,930,3127,1057,3230
D:\SEM 7\CVProject\datasets\bottles_occluded\image_0.jpg,2918,580,3005,730
D:\SEM 7\CVProject\datasets\bottles_occluded\image_0.jpg,448,2350,526,2517
D:\SEM 7\CVProject\datasets\bottles_occluded\image_0.jpg,2709,2580,2865,2663
D:\SEM 7\CVProject\datasets\bottles_occluded\image_0.jpg,1718,3576,1825,3697
D:\SEM 7\CVProject\datasets\bottles_occluded\image_0.jpg,2436,1152,2519,1307
D:\SEM 7\CVProject\datasets\bottles_occluded\image_0.jpg,535,3413,653,3522
D:\SEM 7\CVProject\datasets\bottles_occluded\image_0.jpg,2751,0,2842,141
D:\SEM 7\CVProject\datasets\bottles_occluded\image_0.jpg,1664,0,1745,158
D:\SEM 7\CVProject\datasets\bottles_occluded\image_0.jpg,735,1941,811,2109
D:\SEM 7\CVProject\datasets\bottles_occluded\image_0.jpg,1460,929,1536,1097
D:\SEM 7\CVProject\datasets\bottles_occluded\image_0.jpg,1794,394,1879,544
D:\SEM 7\CVProject\datasets\bottles_occluded\image_0.jpg,2001,1277,2135,1372
D:\SEM 7\CVProject\datasets\bottles_occluded\image_0.jpg,198,3589,293,3723
D:\SEM 7\CVProject\datasets\bottles_occluded\image_0.jpg,169,906,248,1066
D:\SEM 7\CVProject\datasets\bottles_occluded\image_0.jpg,1750,661,1874,763
D:\SEM 7\CVProject\datasets\bottles_occluded\image_0.jpg,1563,1022,1646,1174
D:\SEM 7\CVProject\datasets\bottles_occluded\image_0.jpg,1549,1999,1632,2151
D:\SEM 7\CVProject\datasets\bottles_occluded\image_0.jpg,1506,0,1593,145
D:\SEM 7\CVProject\datasets\bottles_occluded\image_0.jpg,2200,294,2284,444
D:\SEM 7\CVProject\datasets\bottles_occluded\image_0.jpg,2459,1538,2549,1678
D:\SEM 7\CVProject\datasets\bottles_occluded\image_0.jpg,64,2741,167,2863
D:\SEM 7\CVProject\datasets\bottles_occluded\image_0.jpg,1125,459,1263,549
D:\SEM 7\CVProject\datasets\bottles_occluded\image_0.jpg,262,309,341,466
D:\SEM 7\CVProject\datasets\bottles_occluded\image_0.jpg,2440,3624,2555,3731
D:\SEM 7\CVProject\datasets\bottles_occluded\image_0.jpg,2413,2891,2536,2991
D:\SEM 7\CVProject\datasets\bottles_occluded\image_0.jpg,1968,1388,2063,1517
D:\SEM 7\CVProject\datasets\bottles_occluded\image_0.jpg,432,831,540,944
D:\SEM 7\CVProject\datasets\bottles_occluded\image_0.jpg,640,2658,785,2742
D:\SEM 7\CVProject\datasets\bottles_occluded\image_0.jpg,1522,1076,1588,1260
D:\SEM 7\CVProject\datasets\bottles_occluded\image_0.jpg,1959,1166,2076,1270
D:\SEM 7\CVProject\datasets\bottles_occluded\image_0.jpg,1136,1989,1238,2108
D:\SEM 7\CVProject\datasets\bottles_occluded\image_0.jpg,702,1946,791,2082
D:\SEM 7\CVProject\datasets\bottles_occluded\image_0.jpg,1662,3689,1713,3925
D:\SEM 7\CVProject\datasets\bottles_occluded\image_0.jpg,950,3047,1080,3140
D:\SEM 7\CVProject\datasets\bottles_occluded\image_0.jpg,2311,2438,2422,2546
D:\SEM 7\CVProject\datasets\bottles_occluded\image_1.jpg,0,0,2870,3325
D:\SEM 7\CVProject\datasets\bottles_occluded\image_1.jpg,0,1743,3023,4031
D:\SEM 7\CVProject\datasets\bottles_occluded\image_1.jpg,1429,0,3023,1966
D:\SEM 7\CVProject\datasets\bottles_occluded\image_1.jpg,351,2277,1989,3762
D:\SEM 7\CVProject\datasets\bottles_occluded\image_1.jpg,2056,1870,2630,3632
D:\SEM 7\CVProject\datasets\bottles_occluded\image_1.jpg,2250,1881,2854,3483
D:\SEM 7\CVProject\datasets\bottles_occluded\image_1.jpg,880,1755,1490,2219
D:\SEM 7\CVProject\datasets\bottles_occluded\image_1.jpg,475,2550,1131,2966
D:\SEM 7\CVProject\datasets\bottles_occluded\image_1.jpg,2314,2718,2690,3410
D:\SEM 7\CVProject\datasets\bottles_occluded\image_1.jpg,567,2876,1247,3253
D:\SEM 7\CVProject\datasets\bottles_occluded\image_1.jpg,2584,2760,3023,3302
D:\SEM 7\CVProject\datasets\bottles_occluded\image_1.jpg,2180,2055,2505,2630
D:\SEM 7\CVProject\datasets\bottles_occluded\image_1.jpg,2013,2113,2285,2659
D:\SEM 7\CVProject\datasets\bottles_occluded\image_1.jpg,2596,1783,3023,2089
D:\SEM 7\CVProject\datasets\bottles_occluded\image_1.jpg,1007,486,1385,768
D:\SEM 7\CVProject\datasets\bottles_occluded\image_1.jpg,1000,709,1394,943
D:\SEM 7\CVProject\datasets\bottles_occluded\image_1.jpg,657,2553,1008,2791
D:\SEM 7\CVProject\datasets\bottles_occluded\image_1.jpg,1545,501,1684,1079
D:\SEM 7\CVProject\datasets\bottles_occluded\image_1.jpg,371,2632,679,2875
D:\SEM 7\CVProject\datasets\bottles_occluded\image_1.jpg,1285,213,1594,442
D:\SEM 7\CVProject\datasets\bottles_occluded\image_1.jpg,1617,2830,1721,3438
D:\SEM 7\CVProject\datasets\bottles_occluded\image_1.jpg,1032,1869,1187,2183
D:\SEM 7\CVProject\datasets\bottles_occluded\image_1.jpg,1145,496,1323,726
D:\SEM 7\CVProject\datasets\bottles_occluded\image_1.jpg,917,2241,1095,2434
D:\SEM 7\CVProject\datasets\bottles_occluded\image_1.jpg,1030,242,1280,362
D:\SEM 7\CVProject\datasets\bottles_occluded\image_1.jpg,753,2927,868,3179
D:\SEM 7\CVProject\datasets\bottles_occluded\image_1.jpg,1233,2750,1478,2854
D:\SEM 7\CVProject\datasets\bottles_occluded\image_1.jpg,987,534,1117,703
D:\SEM 7\CVProject\datasets\bottles_occluded\image_1.jpg,576,2457,661,2692
D:\SEM 7\CVProject\datasets\bottles_occluded\image_1.jpg,1340,2449,1537,2548
D:\SEM 7\CVProject\datasets\bottles_occluded\image_1.jpg,992,0,1195,95
D:\SEM 7\CVProject\datasets\bottles_occluded\image_1.jpg,890,2128,1011,2286
D:\SEM 7\CVProject\datasets\bottles_occluded\image_1.jpg,2951,3272,3023,3482
D:\SEM 7\CVProject\datasets\bottles_occluded\image_1.jpg,203,2157,259,2412
D:\SEM 7\CVProject\datasets\bottles_occluded\image_1.jpg,1332,1900,1412,2064
D:\SEM 7\CVProject\datasets\bottles_occluded\image_1.jpg,764,2906,804,3228
D:\SEM 7\CVProject\datasets\bottles_occluded\image_1.jpg,2221,1961,2294,2137
D:\SEM 7\CVProject\datasets\bottles_occluded\image_1.jpg,2710,2006,2798,2151
D:\SEM 7\CVProject\datasets\bottles_occluded\image_1.jpg,1554,507,1677,608
D:\SEM 7\CVProject\datasets\bottles_occluded\image_1.jpg,661,2503,813,2583
D:\SEM 7\CVProject\datasets\bottles_occluded\image_10.jpg,0,1232,2999,3999
D:\SEM 7\CVProject\datasets\bottles_occluded\image_10.jpg,0,287,2142,1437
D:\SEM 7\CVProject\datasets\bottles_occluded\image_10.jpg,0,1862,1389,3533
D:\SEM 7\CVProject\datasets\bottles_occluded\image_10.jpg,286,0,1534,775
D:\SEM 7\CVProject\datasets\bottles_occluded\image_10.jpg,1395,1433,2375,2392
D:\SEM 7\CVProject\datasets\bottles_occluded\image_10.jpg,1408,0,2032,703
D:\SEM 7\CVProject\datasets\bottles_occluded\image_10.jpg,0,1493,649,2128
D:\SEM 7\CVProject\datasets\bottles_occluded\image_10.jpg,716,1028,1625,1431
D:\SEM 7\CVProject\datasets\bottles_occluded\image_10.jpg,1648,2164,2277,2650
D:\SEM 7\CVProject\datasets\bottles_occluded\image_10.jpg,2204,2248,2894,2647
D:\SEM 7\CVProject\datasets\bottles_occluded\image_10.jpg,2374,2518,2999,2947
D:\SEM 7\CVProject\datasets\bottles_occluded\image_10.jpg,2247,1711,2936,2092
D:\SEM 7\CVProject\datasets\bottles_occluded\image_10.jpg,1,2463,226,3466
D:\SEM 7\CVProject\datasets\bottles_occluded\image_10.jpg,364,2390,589,3299
D:\SEM 7\CVProject\datasets\bottles_occluded\image_10.jpg,1331,1583,1899,1922
D:\SEM 7\CVProject\datasets\bottles_occluded\image_10.jpg,0,980,413,1446
D:\SEM 7\CVProject\datasets\bottles_occluded\image_10.jpg,1720,1294,2386,1577
D:\SEM 7\CVProject\datasets\bottles_occluded\image_10.jpg,2641,2688,2999,3191
D:\SEM 7\CVProject\datasets\bottles_occluded\image_10.jpg,2766,487,2997,1172
D:\SEM 7\CVProject\datasets\bottles_occluded\image_10.jpg,1634,1048,2226,1309
D:\SEM 7\CVProject\datasets\bottles_occluded\image_10.jpg,2578,1687,2999,2051
D:\SEM 7\CVProject\datasets\bottles_occluded\image_10.jpg,2173,682,2442,1238
D:\SEM 7\CVProject\datasets\bottles_occluded\image_10.jpg,581,2000,976,2364
D:\SEM 7\CVProject\datasets\bottles_occluded\image_10.jpg,2394,2022,2881,2308
D:\SEM 7\CVProject\datasets\bottles_occluded\image_10.jpg,0,0,433,314
D:\SEM 7\CVProject\datasets\bottles_occluded\image_10.jpg,2176,0,2460,470
D:\SEM 7\CVProject\datasets\bottles_occluded\image_10.jpg,1691,740,2140,1005
D:\SEM 7\CVProject\datasets\bottles_occluded\image_10.jpg,2631,3246,2999,3558
D:\SEM 7\CVProject\datasets\bottles_occluded\image_10.jpg,1887,364,2179,739
D:\SEM 7\CVProject\datasets\bottles_occluded\image_10.jpg,2302,364,2519,857
D:\SEM 7\CVProject\datasets\bottles_occluded\image_10.jpg,1795,936,2175,1194
D:\SEM 7\CVProject\datasets\bottles_occluded\image_10.jpg,2470,61,2754,381
D:\SEM 7\CVProject\datasets\bottles_occluded\image_10.jpg,2036,0,2236,430
D:\SEM 7\CVProject\datasets\bottles_occluded\image_10.jpg,1460,1674,1793,1922
D:\SEM 7\CVProject\datasets\bottles_occluded\image_10.jpg,2144,3003,2390,3336
D:\SEM 7\CVProject\datasets\bottles_occluded\image_10.jpg,2767,2942,2999,3289
D:\SEM 7\CVProject\datasets\bottles_occluded\image_10.jpg,2486,357,2776,625
D:\SEM 7\CVProject\datasets\bottles_occluded\image_10.jpg,2596,1244,2853,1546
D:\SEM 7\CVProject\datasets\bottles_occluded\image_10.jpg,1348,3823,1781,3999
D:\SEM 7\CVProject\datasets\bottles_occluded\image_10.jpg,0,2655,163,3113
D:\SEM 7\CVProject\datasets\bottles_occluded\image_10.jpg,2732,1324,2999,1592
D:\SEM 7\CVProject\datasets\bottles_occluded\image_10.jpg,204,1174,463,1450
D:\SEM 7\CVProject\datasets\bottles_occluded\image_10.jpg,176,219,516,413
D:\SEM 7\CVProject\datasets\bottles_occluded\image_10.jpg,1405,2098,1525,2627
D:\SEM 7\CVProject\datasets\bottles_occluded\image_10.jpg,2401,2690,2572,3048
D:\SEM 7\CVProject\datasets\bottles_occluded\image_10.jpg,2559,1535,2907,1693
D:\SEM 7\CVProject\datasets\bottles_occluded\image_10.jpg,2150,1956,2398,2169
D:\SEM 7\CVProject\datasets\bottles_occluded\image_10.jpg,2517,809,2738,1029
D:\SEM 7\CVProject\datasets\bottles_occluded\image_10.jpg,1888,1353,2133,1549
D:\SEM 7\CVProject\datasets\bottles_occluded\image_10.jpg,1556,773,1649,1256
D:\SEM 7\CVProject\datasets\bottles_occluded\image_10.jpg,587,1505,731,1806
D:\SEM 7\CVProject\datasets\bottles_occluded\image_10.jpg,2878,782,2980,1199
D:\SEM 7\CVProject\datasets\bottles_occluded\image_10.jpg,1813,2790,2076,2950
D:\SEM 7\CVProject\datasets\bottles_occluded\image_10.jpg,718,163,930,358
D:\SEM 7\CVProject\datasets\bottles_occluded\image_10.jpg,1928,1895,2140,2089
D:\SEM 7\CVProject\datasets\bottles_occluded\image_10.jpg,1535,2377,1733,2581
D:\SEM 7\CVProject\datasets\bottles_occluded\image_10.jpg,2709,1116,2925,1297
D:\SEM 7\CVProject\datasets\bottles_occluded\image_10.jpg,1484,464,1610,766
D:\SEM 7\CVProject\datasets\bottles_occluded\image_10.jpg,1151,2484,1284,2763
D:\SEM 7\CVProject\datasets\bottles_occluded\image_10.jpg,2364,1826,2564,2005
D:\SEM 7\CVProject\datasets\bottles_occluded\image_10.jpg,1067,1693,1238,1902
D:\SEM 7\CVProject\datasets\bottles_occluded\image_10.jpg,1907,810,2108,987
D:\SEM 7\CVProject\datasets\bottles_occluded\image_10.jpg,1948,2037,2064,2338
D:\SEM 7\CVProject\datasets\bottles_occluded\image_10.jpg,2201,1536,2402,1703
D:\SEM 7\CVProject\datasets\bottles_occluded\image_10.jpg,2593,3062,2757,3266
D:\SEM 7\CVProject\datasets\bottles_occluded\image_10.jpg,0,361,183,535
D:\SEM 7\CVProject\datasets\bottles_occluded\image_10.jpg,2292,2726,2447,2930
D:\SEM 7\CVProject\datasets\bottles_occluded\image_10.jpg,603,2054,717,2319
D:\SEM 7\CVProject\datasets\bottles_occluded\image_10.jpg,2361,1543,2515,1734
D:\SEM 7\CVProject\datasets\bottles_occluded\image_10.jpg,228,2721,332,3000
D:\SEM 7\CVProject\datasets\bottles_occluded\image_10.jpg,2104,1578,2352,1693
D:\SEM 7\CVProject\datasets\bottles_occluded\image_10.jpg,2735,907,2869,1116
D:\SEM 7\CVProject\datasets\bottles_occluded\image_10.jpg,1778,1161,2021,1275
D:\SEM 7\CVProject\datasets\bottles_occluded\image_10.jpg,277,2039,372,2324
D:\SEM 7\CVProject\datasets\bottles_occluded\image_10.jpg,1404,2910,1575,3068
D:\SEM 7\CVProject\datasets\bottles_occluded\image_10.jpg,1439,960,1581,1143
D:\SEM 7\CVProject\datasets\bottles_occluded\image_10.jpg,2723,3448,2937,3564
D:\SEM 7\CVProject\datasets\bottles_occluded\image_10.jpg,1568,2163,1713,2330
D:\SEM 7\CVProject\datasets\bottles_occluded\image_10.jpg,2117,1737,2274,1887
D:\SEM 7\CVProject\datasets\bottles_occluded\image_10.jpg,110,2093,192,2372
D:\SEM 7\CVProject\datasets\bottles_occluded\image_10.jpg,1991,2048,2096,2256
D:\SEM 7\CVProject\datasets\bottles_occluded\image_10.jpg,1020,2775,1199,2897
D:\SEM 7\CVProject\datasets\bottles_occluded\image_10.jpg,1823,2813,1962,2970
D:\SEM 7\CVProject\datasets\bottles_occluded\image_10.jpg,2081,2700,2229,2844
D:\SEM 7\CVProject\datasets\bottles_occluded\image_10.jpg,1028,1240,1253,1333
D:\SEM 7\CVProject\datasets\bottles_occluded\image_10.jpg,1,692,93,913
D:\SEM 7\CVProject\datasets\bottles_occluded\image_10.jpg,2747,110,2881,259
D:\SEM 7\CVProject\datasets\bottles_occluded\image_10.jpg,1988,413,2165,524
D:\SEM 7\CVProject\datasets\bottles_occluded\image_10.jpg,2808,2854,2954,2987
D:\SEM 7\CVProject\datasets\bottles_occluded\image_10.jpg,2855,2387,2999,2521
D:\SEM 7\CVProject\datasets\bottles_occluded\image_10.jpg,1018,824,1166,953
D:\SEM 7\CVProject\datasets\bottles_occluded\image_10.jpg,2778,2012,2886,2186
D:\SEM 7\CVProject\datasets\bottles_occluded\image_10.jpg,2391,3267,2489,3455
D:\SEM 7\CVProject\datasets\bottles_occluded\image_10.jpg,2404,711,2510,884
D:\SEM 7\CVProject\datasets\bottles_occluded\image_10.jpg,2597,1381,2737,1511
D:\SEM 7\CVProject\datasets\bottles_occluded\image_10.jpg,1295,1377,1452,1491
D:\SEM 7\CVProject\datasets\bottles_occluded\image_10.jpg,2878,1494,2976,1676
D:\SEM 7\CVProject\datasets\bottles_occluded\image_10.jpg,1769,1381,1897,1520
D:\SEM 7\CVProject\datasets\bottles_occluded\image_10.jpg,1668,1279,1795,1419
D:\SEM 7\CVProject\datasets\bottles_occluded\image_10.jpg,99,672,172,914
D:\SEM 7\CVProject\datasets\bottles_occluded\image_10.jpg,1943,2419,2088,2540
D:\SEM 7\CVProject\datasets\bottles_occluded\image_10.jpg,1377,252,1575,338
D:\SEM 7\CVProject\datasets\bottles_occluded\image_10.jpg,2890,1587,2999,1743
D:\SEM 7\CVProject\datasets\bottles_occluded\image_10.jpg,0,878,180,971
D:\SEM 7\CVProject\datasets\bottles_occluded\image_10.jpg,1286,1958,1429,2075
D:\SEM 7\CVProject\datasets\bottles_occluded\image_10.jpg,2259,83,2350,264
D:\SEM 7\CVProject\datasets\bottles_occluded\image_10.jpg,1433,3900,1599,3999
D:\SEM 7\CVProject\datasets\bottles_occluded\image_10.jpg,2826,1514,2908,1714
D:\SEM 7\CVProject\datasets\bottles_occluded\image_10.jpg,2294,3100,2385,3277
D:\SEM 7\CVProject\datasets\bottles_occluded\image_10.jpg,15,2419,91,2630
D:\SEM 7\CVProject\datasets\bottles_occluded\image_10.jpg,2290,1523,2389,1683
D:\SEM 7\CVProject\datasets\bottles_occluded\image_10.jpg,1224,1854,1296,2070
D:\SEM 7\CVProject\datasets\bottles_occluded\image_10.jpg,2948,1397,2999,1692
D:\SEM 7\CVProject\datasets\bottles_occluded\image_10.jpg,2922,2737,2999,2929
D:\SEM 7\CVProject\datasets\bottles_occluded\image_10.jpg,2746,264,2872,381
D:\SEM 7\CVProject\datasets\bottles_occluded\image_10.jpg,1892,2225,2004,2356
D:\SEM 7\CVProject\datasets\bottles_occluded\image_10.jpg,1108,1434,1174,1655
D:\SEM 7\CVProject\datasets\bottles_occluded\image_10.jpg,1650,1160,1783,1269
D:\SEM 7\CVProject\datasets\bottles_occluded\image_10.jpg,2570,1027,2695,1142
D:\SEM 7\CVProject\datasets\bottles_occluded\image_10.jpg,2896,784,2999,923
D:\SEM 7\CVProject\datasets\bottles_occluded\image_10.jpg,2844,1375,2960,1498
D:\SEM 7\CVProject\datasets\bottles_occluded\image_10.jpg,1447,754,1547,895
D:\SEM 7\CVProject\datasets\bottles_occluded\image_10.jpg,2918,1157,2999,1326
D:\SEM 7\CVProject\datasets\bottles_occluded\image_10.jpg,1025,1428,1116,1578
D:\SEM 7\CVProject\datasets\bottles_occluded\image_10.jpg,1193,2359,1294,2494
D:\SEM 7\CVProject\datasets\bottles_occluded\image_10.jpg,2644,715,2725,883
D:\SEM 7\CVProject\datasets\bottles_occluded\image_10.jpg,2600,1720,2725,1828
D:\SEM 7\CVProject\datasets\bottles_occluded\image_10.jpg,247,662,316,855
D:\SEM 7\CVProject\datasets\bottles_occluded\image_10.jpg,2087,1479,2208,1589
D:\SEM 7\CVProject\datasets\bottles_occluded\image_10.jpg,2027,2951,2129,3080
D:\SEM 7\CVProject\datasets\bottles_occluded\image_10.jpg,787,2092,887,2220
D:\SEM 7\CVProject\datasets\bottles_occluded\image_10.jpg,2811,2085,2865,2320
D:\SEM 7\CVProject\datasets\bottles_occluded\image_10.jpg,1143,2886,1230,3032
D:\SEM 7\CVProject\datasets\bottles_occluded\image_10.jpg,1043,2761,1198,2842
D:\SEM 7\CVProject\datasets\bottles_occluded\image_10.jpg,1959,940,2112,1022
D:\SEM 7\CVProject\datasets\bottles_occluded\image_10.jpg,2755,998,2832,1158
D:\SEM 7\CVProject\datasets\bottles_occluded\image_10.jpg,333,3003,400,3184
D:\SEM 7\CVProject\datasets\bottles_occluded\image_10.jpg,1645,949,1756,1058
D:\SEM 7\CVProject\datasets\bottles_occluded\image_10.jpg,819,2009,918,2129
D:\SEM 7\CVProject\datasets\bottles_occluded\image_10.jpg,2238,1550,2353,1653
D:\SEM 7\CVProject\datasets\bottles_occluded\image_11.jpg,98,0,2999,3148
D:\SEM 7\CVProject\datasets\bottles_occluded\image_11.jpg,0,1431,2215,3999
D:\SEM 7\CVProject\datasets\bottles_occluded\image_11.jpg,103,0,1335,1091
D:\SEM 7\CVProject\datasets\bottles_occluded\image_11.jpg,160,1732,1260,2924
D:\SEM 7\CVProject\datasets\bottles_occluded\image_11.jpg,2312,0,2999,1514
D:\SEM 7\CVProject\datasets\bottles_occluded\image_11.jpg,0,972,1387,1645
D:\SEM 7\CVProject\datasets\bottles_occluded\image_11.jpg,0,1634,530,3038
D:\SEM 7\CVProject\datasets\bottles_occluded\image_11.jpg,1452,3146,2315,3999
D:\SEM 7\CVProject\datasets\bottles_occluded\image_11.jpg,2221,3134,2858,3999
D:\SEM 7\CVProject\datasets\bottles_occluded\image_11.jpg,0,453,516,1314
D:\SEM 7\CVProject\datasets\bottles_occluded\image_11.jpg,305,1589,972,2054
D:\SEM 7\CVProject\datasets\bottles_occluded\image_11.jpg,2568,2844,2999,3545
D:\SEM 7\CVProject\datasets\bottles_occluded\image_11.jpg,32,1761,275,2998
D:\SEM 7\CVProject\datasets\bottles_occluded\image_11.jpg,0,0,457,617
D:\SEM 7\CVProject\datasets\bottles_occluded\image_11.jpg,2371,3506,2936,3999
D:\SEM 7\CVProject\datasets\bottles_occluded\image_11.jpg,265,380,743,933
D:\SEM 7\CVProject\datasets\bottles_occluded\image_11.jpg,2386,2674,2999,3090
D:\SEM 7\CVProject\datasets\bottles_occluded\image_11.jpg,0,1085,790,1405
D:\SEM 7\CVProject\datasets\bottles_occluded\image_11.jpg,0,3318,377,3949
D:\SEM 7\CVProject\datasets\bottles_occluded\image_11.jpg,0,1600,283,2390
D:\SEM 7\CVProject\datasets\bottles_occluded\image_11.jpg,1318,1588,1862,1984
D:\SEM 7\CVProject\datasets\bottles_occluded\image_11.jpg,1420,0,1654,900
D:\SEM 7\CVProject\datasets\bottles_occluded\image_11.jpg,633,750,1179,1132
D:\SEM 7\CVProject\datasets\bottles_occluded\image_11.jpg,2169,3143,2384,3980
D:\SEM 7\CVProject\datasets\bottles_occluded\image_11.jpg,82,318,405,862
D:\SEM 7\CVProject\datasets\bottles_occluded\image_11.jpg,2265,2617,2680,3017
D:\SEM 7\CVProject\datasets\bottles_occluded\image_11.jpg,196,3032,538,3473
D:\SEM 7\CVProject\datasets\bottles_occluded\image_11.jpg,1828,3413,2314,3712
D:\SEM 7\CVProject\datasets\bottles_occluded\image_11.jpg,927,1217,1375,1539
D:\SEM 7\CVProject\datasets\bottles_occluded\image_11.jpg,2370,3179,2676,3634
D:\SEM 7\CVProject\datasets\bottles_occluded\image_11.jpg,1914,3696,2361,3999
D:\SEM 7\CVProject\datasets\bottles_occluded\image_11.jpg,1246,1494,1602,1851
D:\SEM 7\CVProject\datasets\bottles_occluded\image_11.jpg,2312,3120,2719,3427
D:\SEM 7\CVProject\datasets\bottles_occluded\image_11.jpg,2402,1583,2787,1869
D:\SEM 7\CVProject\datasets\bottles_occluded\image_11.jpg,260,2510,483,2987
D:\SEM 7\CVProject\datasets\bottles_occluded\image_11.jpg,2772,28,2999,487
D:\SEM 7\CVProject\datasets\bottles_occluded\image_11.jpg,1928,2938,2217,3287
D:\SEM 7\CVProject\datasets\bottles_occluded\image_11.jpg,976,356,1216,770
D:\SEM 7\CVProject\datasets\bottles_occluded\image_11.jpg,253,134,534,482
D:\SEM 7\CVProject\datasets\bottles_occluded\image_11.jpg,2161,2984,2463,3306
D:\SEM 7\CVProject\datasets\bottles_occluded\image_11.jpg,2144,1315,2434,1649
D:\SEM 7\CVProject\datasets\bottles_occluded\image_11.jpg,2365,3426,2770,3665
D:\SEM 7\CVProject\datasets\bottles_occluded\image_11.jpg,1340,2517,1692,2791
D:\SEM 7\CVProject\datasets\bottles_occluded\image_11.jpg,2160,2280,2512,2546
D:\SEM 7\CVProject\datasets\bottles_occluded\image_11.jpg,1244,79,1381,757
D:\SEM 7\CVProject\datasets\bottles_occluded\image_11.jpg,2085,1584,2403,1872
D:\SEM 7\CVProject\datasets\bottles_occluded\image_11.jpg,0,631,193,1098
D:\SEM 7\CVProject\datasets\bottles_occluded\image_11.jpg,1312,32,1431,784
D:\SEM 7\CVProject\datasets\bottles_occluded\image_11.jpg,2806,3544,2999,3999
D:\SEM 7\CVProject\datasets\bottles_occluded\image_11.jpg,2639,2665,2999,2909
D:\SEM 7\CVProject\datasets\bottles_occluded\image_11.jpg,2738,362,2999,695
D:\SEM 7\CVProject\datasets\bottles_occluded\image_11.jpg,916,1742,1119,2154
D:\SEM 7\CVProject\datasets\bottles_occluded\image_11.jpg,1946,3232,2261,3484
D:\SEM 7\CVProject\datasets\bottles_occluded\image_11.jpg,989,1411,1337,1633
D:\SEM 7\CVProject\datasets\bottles_occluded\image_11.jpg,2489,3795,2858,3999
D:\SEM 7\CVProject\datasets\bottles_occluded\image_11.jpg,1918,910,2200,1175
D:\SEM 7\CVProject\datasets\bottles_occluded\image_11.jpg,1729,1919,2064,2141
D:\SEM 7\CVProject\datasets\bottles_occluded\image_11.jpg,2503,1895,2833,2118
D:\SEM 7\CVProject\datasets\bottles_occluded\image_11.jpg,2566,2434,2936,2631
D:\SEM 7\CVProject\datasets\bottles_occluded\image_11.jpg,277,510,547,773
D:\SEM 7\CVProject\datasets\bottles_occluded\image_11.jpg,134,788,432,1016
D:\SEM 7\CVProject\datasets\bottles_occluded\image_11.jpg,2835,3191,2999,3595
D:\SEM 7\CVProject\datasets\bottles_occluded\image_11.jpg,1732,2133,2095,2309
D:\SEM 7\CVProject\datasets\bottles_occluded\image_11.jpg,0,1344,207,1652
D:\SEM 7\CVProject\datasets\bottles_occluded\image_11.jpg,2119,2068,2471,2247
D:\SEM 7\CVProject\datasets\bottles_occluded\image_11.jpg,845,1963,987,2370
D:\SEM 7\CVProject\datasets\bottles_occluded\image_11.jpg,2453,3327,2753,3516
D:\SEM 7\CVProject\datasets\bottles_occluded\image_11.jpg,2569,197,2783,461
D:\SEM 7\CVProject\datasets\bottles_occluded\image_11.jpg,358,3517,550,3805
D:\SEM 7\CVProject\datasets\bottles_occluded\image_11.jpg,249,849,596,1007
D:\SEM 7\CVProject\datasets\bottles_occluded\image_11.jpg,1853,460,2128,656
D:\SEM 7\CVProject\datasets\bottles_occluded\image_11.jpg,1738,1559,2013,1753
D:\SEM 7\CVProject\datasets\bottles_occluded\image_11.jpg,180,2246,289,2733
D:\SEM 7\CVProject\datasets\bottles_occluded\image_11.jpg,1,517,149,875
D:\SEM 7\CVProject\datasets\bottles_occluded\image_11.jpg,245,2292,318,3006
D:\SEM 7\CVProject\datasets\bottles_occluded\image_11.jpg,1224,759,1411,1036
D:\SEM 7\CVProject\datasets\bottles_occluded\image_11.jpg,2222,3171,2337,3615
D:\SEM 7\CVProject\datasets\bottles_occluded\image_11.jpg,1936,1125,2081,1472
D:\SEM 7\CVProject\datasets\bottles_occluded\image_11.jpg,2816,2713,2999,2987
D:\SEM 7\CVProject\datasets\bottles_occluded\image_11.jpg,74,1399,396,1553
D:\SEM 7\CVProject\datasets\bottles_occluded\image_11.jpg,1605,3540,1807,3783
D:\SEM 7\CVProject\datasets\bottles_occluded\image_11.jpg,1092,35,1269,308
D:\SEM 7\CVProject\datasets\bottles_occluded\image_11.jpg,2573,2685,2696,3076
D:\SEM 7\CVProject\datasets\bottles_occluded\image_11.jpg,161,2442,257,2932
D:\SEM 7\CVProject\datasets\bottles_occluded\image_11.jpg,272,439,426,745
D:\SEM 7\CVProject\datasets\bottles_occluded\image_11.jpg,2667,2316,2888,2527
D:\SEM 7\CVProject\datasets\bottles_occluded\image_11.jpg,2056,3275,2233,3533
D:\SEM 7\CVProject\datasets\bottles_occluded\image_11.jpg,1615,972,1795,1224
D:\SEM 7\CVProject\datasets\bottles_occluded\image_11.jpg,1772,3368,1919,3670
D:\SEM 7\CVProject\datasets\bottles_occluded\image_11.jpg,1640,292,1864,490
D:\SEM 7\CVProject\datasets\bottles_occluded\image_11.jpg,2302,2882,2555,3057
D:\SEM 7\CVProject\datasets\bottles_occluded\image_11.jpg,2701,3174,2819,3546
D:\SEM 7\CVProject\datasets\bottles_occluded\image_11.jpg,783,2012,908,2361
D:\SEM 7\CVProject\datasets\bottles_occluded\image_11.jpg,2708,3090,2999,3236
D:\SEM 7\CVProject\datasets\bottles_occluded\image_11.jpg,1474,1424,1733,1588
D:\SEM 7\CVProject\datasets\bottles_occluded\image_11.jpg,1298,1225,1514,1420
D:\SEM 7\CVProject\datasets\bottles_occluded\image_11.jpg,2030,1247,2252,1436
D:\SEM 7\CVProject\datasets\bottles_occluded\image_11.jpg,1656,1285,1813,1550
D:\SEM 7\CVProject\datasets\bottles_occluded\image_11.jpg,1374,2526,1611,2700
D:\SEM 7\CVProject\datasets\bottles_occluded\image_11.jpg,0,3782,223,3966
D:\SEM 7\CVProject\datasets\bottles_occluded\image_11.jpg,1730,38,1972,207
D:\SEM 7\CVProject\datasets\bottles_occluded\image_11.jpg,0,1155,163,1400
D:\SEM 7\CVProject\datasets\bottles_occluded\image_11.jpg,1559,979,1658,1379
D:\SEM 7\CVProject\datasets\bottles_occluded\image_11.jpg,1080,1548,1295,1732
D:\SEM 7\CVProject\datasets\bottles_occluded\image_11.jpg,2235,1970,2432,2169
D:\SEM 7\CVProject\datasets\bottles_occluded\image_11.jpg,911,1957,1028,2284
D:\SEM 7\CVProject\datasets\bottles_occluded\image_11.jpg,1535,557,1705,782
D:\SEM 7\CVProject\datasets\bottles_occluded\image_11.jpg,104,529,387,664
D:\SEM 7\CVProject\datasets\bottles_occluded\image_11.jpg,24,1635,175,1888
D:\SEM 7\CVProject\datasets\bottles_occluded\image_11.jpg,1430,3048,1593,3280
D:\SEM 7\CVProject\datasets\bottles_occluded\image_11.jpg,355,1841,551,2032
D:\SEM 7\CVProject\datasets\bottles_occluded\image_11.jpg,2484,3092,2707,3253
D:\SEM 7\CVProject\datasets\bottles_occluded\image_11.jpg,160,127,277,432
D:\SEM 7\CVProject\datasets\bottles_occluded\image_11.jpg,524,0,766,145
D:\SEM 7\CVProject\datasets\bottles_occluded\image_11.jpg,2660,3747,2799,3999
D:\SEM 7\CVProject\datasets\bottles_occluded\image_11.jpg,2888,2256,2986,2610
D:\SEM 7\CVProject\datasets\bottles_occluded\image_11.jpg,1946,3176,2061,3477
D:\SEM 7\CVProject\datasets\bottles_occluded\image_11.jpg,1762,661,1927,870
D:\SEM 7\CVProject\datasets\bottles_occluded\image_11.jpg,2748,1295,2999,1432
D:\SEM 7\CVProject\datasets\bottles_occluded\image_11.jpg,1875,1741,2051,1928
D:\SEM 7\CVProject\datasets\bottles_occluded\image_11.jpg,2211,2451,2417,2610
D:\SEM 7\CVProject\datasets\bottles_occluded\image_11.jpg,1303,1045,1503,1208
D:\SEM 7\CVProject\datasets\bottles_occluded\image_11.jpg,2805,3423,2960,3632
D:\SEM 7\CVProject\datasets\bottles_occluded\image_11.jpg,132,986,340,1141
D:\SEM 7\CVProject\datasets\bottles_occluded\image_11.jpg,2289,2518,2531,2651
D:\SEM 7\CVProject\datasets\bottles_occluded\image_11.jpg,2145,755,2288,978
D:\SEM 7\CVProject\datasets\bottles_occluded\image_11.jpg,669,1201,821,1410
D:\SEM 7\CVProject\datasets\bottles_occluded\image_11.jpg,479,553,605,804
D:\SEM 7\CVProject\datasets\bottles_occluded\image_11.jpg,2307,3686,2407,3999
D:\SEM 7\CVProject\datasets\bottles_occluded\image_11.jpg,2816,1897,2910,2221
D:\SEM 7\CVProject\datasets\bottles_occluded\image_11.jpg,1065,1213,1254,1374
D:\SEM 7\CVProject\datasets\bottles_occluded\image_11.jpg,1951,1301,2079,1536
D:\SEM 7\CVProject\datasets\bottles_occluded\image_11.jpg,2576,3271,2709,3497
D:\SEM 7\CVProject\datasets\bottles_occluded\image_11.jpg,2897,716,2976,1092
D:\SEM 7\CVProject\datasets\bottles_occluded\image_11.jpg,0,3312,249,3430
D:\SEM 7\CVProject\datasets\bottles_occluded\image_11.jpg,2415,2212,2569,2402
D:\SEM 7\CVProject\datasets\bottles_occluded\image_11.jpg,2449,923,2624,1089
D:\SEM 7\CVProject\datasets\bottles_occluded\image_11.jpg,2758,1495,2823,1939
D:\SEM 7\CVProject\datasets\bottles_occluded\image_11.jpg,2840,3106,2946,3379
D:\SEM 7\CVProject\datasets\bottles_occluded\image_11.jpg,1606,0,1748,204
D:\SEM 7\CVProject\datasets\bottles_occluded\image_11.jpg,2073,265,2215,469
D:\SEM 7\CVProject\datasets\bottles_occluded\image_11.jpg,2873,1880,2999,2109
D:\SEM 7\CVProject\datasets\bottles_occluded\image_11.jpg,2527,3657,2669,3860
D:\SEM 7\CVProject\datasets\bottles_occluded\image_11.jpg,2761,2372,2925,2547
D:\SEM 7\CVProject\datasets\bottles_occluded\image_11.jpg,263,3872,488,3999
D:\SEM 7\CVProject\datasets\bottles_occluded\image_11.jpg,109,371,289,529
D:\SEM 7\CVProject\datasets\bottles_occluded\image_11.jpg,1946,2004,2083,2207
D:\SEM 7\CVProject\datasets\bottles_occluded\image_11.jpg,2381,2974,2629,3086
D:\SEM 7\CVProject\datasets\bottles_occluded\image_11.jpg,1499,855,1617,1090
D:\SEM 7\CVProject\datasets\bottles_occluded\image_11.jpg,2101,2284,2176,2650
D:\SEM 7\CVProject\datasets\bottles_occluded\image_11.jpg,24,854,157,1060
D:\SEM 7\CVProject\datasets\bottles_occluded\image_11.jpg,1153,387,1245,684
D:\SEM 7\CVProject\datasets\bottles_occluded\image_11.jpg,2343,2378,2484,2571
D:\SEM 7\CVProject\datasets\bottles_occluded\image_11.jpg,1556,238,1669,476
D:\SEM 7\CVProject\datasets\bottles_occluded\image_11.jpg,1511,1197,1629,1424
D:\SEM 7\CVProject\datasets\bottles_occluded\image_11.jpg,2833,2604,2999,2763
D:\SEM 7\CVProject\datasets\bottles_occluded\image_11.jpg,2765,315,2861,588
D:\SEM 7\CVProject\datasets\bottles_occluded\image_11.jpg,2181,3810,2319,3999
D:\SEM 7\CVProject\datasets\bottles_occluded\image_11.jpg,1422,639,1502,959
D:\SEM 7\CVProject\datasets\bottles_occluded\image_11.jpg,2006,3493,2158,3661
D:\SEM 7\CVProject\datasets\bottles_occluded\image_11.jpg,2783,1045,2971,1180
D:\SEM 7\CVProject\datasets\bottles_occluded\image_11.jpg,2006,1536,2201,1666
D:\SEM 7\CVProject\datasets\bottles_occluded\image_11.jpg,2183,1679,2351,1829
D:\SEM 7\CVProject\datasets\bottles_occluded\image_11.jpg,2305,3282,2382,3608
D:\SEM 7\CVProject\datasets\bottles_occluded\image_11.jpg,2866,1649,2999,1837
D:\SEM 7\CVProject\datasets\bottles_occluded\image_11.jpg,1367,873,1501,1058
D:\SEM 7\CVProject\datasets\bottles_occluded\image_11.jpg,2521,3305,2674,3466
D:\SEM 7\CVProject\datasets\bottles_occluded\image_11.jpg,2403,1497,2456,1956
D:\SEM 7\CVProject\datasets\bottles_occluded\image_11.jpg,1489,484,1554,858
D:\SEM 7\CVProject\datasets\bottles_occluded\image_11.jpg,231,640,372,813
D:\SEM 7\CVProject\datasets\bottles_occluded\image_11.jpg,240,3446,296,3877
D:\SEM 7\CVProject\datasets\bottles_occluded\image_11.jpg,1861,1215,1965,1445
D:\SEM 7\CVProject\datasets\bottles_occluded\image_11.jpg,120,588,274,743
D:\SEM 7\CVProject\datasets\bottles_occluded\image_11.jpg,1933,2429,2089,2581
D:\SEM 7\CVProject\datasets\bottles_occluded\image_11.jpg,2913,3621,2999,3895
D:\SEM 7\CVProject\datasets\bottles_occluded\image_11.jpg,1925,469,2056,648
D:\SEM 7\CVProject\datasets\bottles_occluded\image_11.jpg,2201,1912,2323,2104
D:\SEM 7\CVProject\datasets\bottles_occluded\image_11.jpg,0,3257,167,3397
D:\SEM 7\CVProject\datasets\bottles_occluded\image_11.jpg,2159,1387,2303,1549
D:\SEM 7\CVProject\datasets\bottles_occluded\image_11.jpg,518,91,608,348
D:\SEM 7\CVProject\datasets\bottles_occluded\image_11.jpg,2181,2759,2246,3111
D:\SEM 7\CVProject\datasets\bottles_occluded\image_11.jpg,2165,1565,2274,1774
D:\SEM 7\CVProject\datasets\bottles_occluded\image_11.jpg,2715,3562,2813,3793
D:\SEM 7\CVProject\datasets\bottles_occluded\image_11.jpg,233,546,388,692
D:\SEM 7\CVProject\datasets\bottles_occluded\image_11.jpg,354,545,548,660
D:\SEM 7\CVProject\datasets\bottles_occluded\image_11.jpg,2443,757,2597,901
D:\SEM 7\CVProject\datasets\bottles_occluded\image_11.jpg,1725,3688,1816,3931
D:\SEM 7\CVProject\datasets\bottles_occluded\image_11.jpg,508,2176,674,2309
D:\SEM 7\CVProject\datasets\bottles_occluded\image_11.jpg,2332,2109,2472,2266
D:\SEM 7\CVProject\datasets\bottles_occluded\image_11.jpg,2445,1910,2514,2227
D:\SEM 7\CVProject\datasets\bottles_occluded\image_11.jpg,1,172,108,375
D:\SEM 7\CVProject\datasets\bottles_occluded\image_11.jpg,2627,1216,2753,1387
D:\SEM 7\CVProject\datasets\bottles_occluded\image_11.jpg,216,2335,262,2795
D:\SEM 7\CVProject\datasets\bottles_occluded\image_11.jpg,409,558,533,730
D:\SEM 7\CVProject\datasets\bottles_occluded\image_11.jpg,2104,1367,2280,1487
D:\SEM 7\CVProject\datasets\bottles_occluded\image_11.jpg,2679,742,2891,841
D:\SEM 7\CVProject\datasets\bottles_occluded\image_11.jpg,528,1999,648,2174
D:\SEM 7\CVProject\datasets\bottles_occluded\image_11.jpg,2558,2045,2717,2177
D:\SEM 7\CVProject\datasets\bottles_occluded\image_11.jpg,151,1255,376,1348
D:\SEM 7\CVProject\datasets\bottles_occluded\image_11.jpg,2595,683,2646,1090
D:\SEM 7\CVProject\datasets\bottles_occluded\image_11.jpg,2122,2102,2244,2273
D:\SEM 7\CVProject\datasets\bottles_occluded\image_11.jpg,2302,2651,2426,2819
D:\SEM 7\CVProject\datasets\bottles_occluded\image_11.jpg,2603,3308,2758,3442
D:\SEM 7\CVProject\datasets\bottles_occluded\image_11.jpg,116,641,169,1028
D:\SEM 7\CVProject\datasets\bottles_occluded\image_11.jpg,382,462,553,582
D:\SEM 7\CVProject\datasets\bottles_occluded\image_11.jpg,2836,2815,2989,2949
D:\SEM 7\CVProject\datasets\bottles_occluded\image_11.jpg,2167,148,2270,346
D:\SEM 7\CVProject\datasets\bottles_occluded\image_11.jpg,2640,2243,2733,2462
D:\SEM 7\CVProject\datasets\bottles_occluded\image_11.jpg,2521,2389,2604,2634
D:\SEM 7\CVProject\datasets\bottles_occluded\image_11.jpg,2032,1547,2082,1948
D:\SEM 7\CVProject\datasets\bottles_occluded\image_11.jpg,1559,3797,1658,3999
D:\SEM 7\CVProject\datasets\bottles_occluded\image_11.jpg,993,1754,1099,1942
D:\SEM 7\CVProject\datasets\bottles_occluded\image_11.jpg,2097,1986,2264,2105
D:\SEM 7\CVProject\datasets\bottles_occluded\image_11.jpg,2577,2468,2677,2666
D:\SEM 7\CVProject\datasets\bottles_occluded\image_11.jpg,2368,1235,2478,1414
D:\SEM 7\CVProject\datasets\bottles_occluded\image_11.jpg,2592,1678,2724,1825
D:\SEM 7\CVProject\datasets\bottles_occluded\image_11.jpg,2819,2237,2999,2344
D:\SEM 7\CVProject\datasets\bottles_occluded\image_11.jpg,1401,1330,1498,1525
D:\SEM 7\CVProject\datasets\bottles_occluded\image_11.jpg,148,3679,232,3903
D:\SEM 7\CVProject\datasets\bottles_occluded\image_11.jpg,370,1287,563,1383
D:\SEM 7\CVProject\datasets\bottles_occluded\image_11.jpg,2773,924,2937,1037
D:\SEM 7\CVProject\datasets\bottles_occluded\image_11.jpg,1691,298,1795,476
D:\SEM 7\CVProject\datasets\bottles_occluded\image_11.jpg,2171,2472,2257,2686
D:\SEM 7\CVProject\datasets\bottles_occluded\image_11.jpg,1813,3430,1899,3644
D:\SEM 7\CVProject\datasets\bottles_occluded\image_11.jpg,970,2843,1096,2988
D:\SEM 7\CVProject\datasets\bottles_occluded\image_11.jpg,1048,2751,1172,2896
D:\SEM 7\CVProject\datasets\bottles_occluded\image_11.jpg,2535,1569,2628,1762
D:\SEM 7\CVProject\datasets\bottles_occluded\image_11.jpg,361,2699,500,2828
D:\SEM 7\CVProject\datasets\bottles_occluded\image_11.jpg,2741,821,2869,961
D:\SEM 7\CVProject\datasets\bottles_occluded\image_11.jpg,1189,235,1287,417
D:\SEM 7\CVProject\datasets\bottles_occluded\image_11.jpg,2245,2270,2326,2489
D:\SEM 7\CVProject\datasets\bottles_occluded\image_11.jpg,224,842,403,941
D:\SEM 7\CVProject\datasets\bottles_occluded\image_11.jpg,1317,1764,1399,1979
D:\SEM 7\CVProject\datasets\bottles_occluded\image_11.jpg,1507,3819,1605,3999
D:\SEM 7\CVProject\datasets\bottles_occluded\image_11.jpg,1934,3203,2039,3371
D:\SEM 7\CVProject\datasets\bottles_occluded\image_11.jpg,1833,3729,1898,3999
D:\SEM 7\CVProject\datasets\bottles_occluded\image_11.jpg,2024,3725,2130,3891
D:\SEM 7\CVProject\datasets\bottles_occluded\image_11.jpg,2909,3804,2999,3999
D:\SEM 7\CVProject\datasets\bottles_occluded\image_11.jpg,1987,259,2101,413
D:\SEM 7\CVProject\datasets\bottles_occluded\image_11.jpg,500,648,623,790
D:\SEM 7\CVProject\datasets\bottles_occluded\image_11.jpg,157,3421,247,3613
D:\SEM 7\CVProject\datasets\bottles_occluded\image_11.jpg,2483,2653,2577,2836
D:\SEM 7\CVProject\datasets\bottles_occluded\image_11.jpg,185,702,312,837
D:\SEM 7\CVProject\datasets\bottles_occluded\image_11.jpg,2825,1679,2906,1890
D:\SEM 7\CVProject\datasets\bottles_occluded\image_11.jpg,2116,3364,2232,3511
D:\SEM 7\CVProject\datasets\bottles_occluded\image_11.jpg,2341,3475,2467,3610
D:\SEM 7\CVProject\datasets\bottles_occluded\image_11.jpg,73,2757,174,2925
D:\SEM 7\CVProject\datasets\bottles_occluded\image_11.jpg,2624,0,2682,291
D:\SEM 7\CVProject\datasets\bottles_occluded\image_11.jpg,1712,1517,1859,1632
D:\SEM 7\CVProject\datasets\bottles_occluded\image_11.jpg,2300,2027,2432,2155
D:\SEM 7\CVProject\datasets\bottles_occluded\image_11.jpg,1387,1065,1490,1227
D:\SEM 7\CVProject\datasets\bottles_occluded\image_11.jpg,2668,2329,2788,2468
D:\SEM 7\CVProject\datasets\bottles_occluded\image_11.jpg,2823,3129,2925,3292
D:\SEM 7\CVProject\datasets\bottles_occluded\image_11.jpg,2893,1554,2999,1709
D:\SEM 7\CVProject\datasets\bottles_occluded\image_11.jpg,24,423,126,584
D:\SEM 7\CVProject\datasets\bottles_occluded\image_11.jpg,2154,3850,2264,3999
D:\SEM 7\CVProject\datasets\bottles_occluded\image_11.jpg,567,826,743,918
D:\SEM 7\CVProject\datasets\bottles_occluded\image_11.jpg,340,3471,426,3659
D:\SEM 7\CVProject\datasets\bottles_occluded\image_11.jpg,672,2316,779,2466
D:\SEM 7\CVProject\datasets\bottles_occluded\image_11.jpg,1869,1709,1988,1843
D:\SEM 7\CVProject\datasets\bottles_occluded\image_11.jpg,2514,3742,2632,3877
D:\SEM 7\CVProject\datasets\bottles_occluded\image_11.jpg,1684,671,1767,862
D:\SEM 7\CVProject\datasets\bottles_occluded\image_11.jpg,89,44,256,139
D:\SEM 7\CVProject\datasets\bottles_occluded\image_11.jpg,2750,2662,2831,2857
D:\SEM 7\CVProject\datasets\bottles_occluded\image_11.jpg,2748,2927,2886,3041
D:\SEM 7\CVProject\datasets\bottles_occluded\image_11.jpg,1952,1456,2121,1549
D:\SEM 7\CVProject\datasets\bottles_occluded\image_11.jpg,1689,1424,1790,1579
D:\SEM 7\CVProject\datasets\bottles_occluded\image_11.jpg,1788,46,1900,185
D:\SEM 7\CVProject\datasets\bottles_occluded\image_11.jpg,2673,1990,2770,2150
D:\SEM 7\CVProject\datasets\bottles_occluded\image_11.jpg,1866,2063,2029,2158
D:\SEM 7\CVProject\datasets\bottles_occluded\image_11.jpg,634,260,745,399
D:\SEM 7\CVProject\datasets\bottles_occluded\image_11.jpg,428,1007,517,1180
D:\SEM 7\CVProject\datasets\bottles_occluded\image_11.jpg,1299,1200,1408,1341
D:\SEM 7\CVProject\datasets\bottles_occluded\image_11.jpg,1556,591,1648,757
D:\SEM 7\CVProject\datasets\bottles_occluded\image_11.jpg,2140,3130,2218,3324
D:\SEM 7\CVProject\datasets\bottles_occluded\image_11.jpg,2678,3894,2822,3999
D:\SEM 7\CVProject\datasets\bottles_occluded\image_11.jpg,1,1227,109,1367
D:\SEM 7\CVProject\datasets\bottles_occluded\image_11.jpg,273,3736,373,3887
D:\SEM 7\CVProject\datasets\bottles_occluded\image_11.jpg,639,871,799,965
D:\SEM 7\CVProject\datasets\bottles_occluded\image_11.jpg,1,626,64,863
D:\SEM 7\CVProject\datasets\bottles_occluded\image_11.jpg,2908,756,2999,920
D:\SEM 7\CVProject\datasets\bottles_occluded\image_11.jpg,503,2176,592,2343
D:\SEM 7\CVProject\datasets\bottles_occluded\image_11.jpg,2517,2086,2606,2253
D:\SEM 7\CVProject\datasets\bottles_occluded\image_11.jpg,2947,2369,2999,2653
D:\SEM 7\CVProject\datasets\bottles_occluded\image_11.jpg,2936,2650,2999,2885
D:\SEM 7\CVProject\datasets\bottles_occluded\image_11.jpg,2243,2968,2349,3108
D:\SEM 7\CVProject\datasets\bottles_occluded\image_11.jpg,1029,1083,1118,1249
D:\SEM 7\CVProject\datasets\bottles_occluded\image_11.jpg,0,3196,111,3329
D:\SEM 7\CVProject\datasets\bottles_occluded\image_11.jpg,2562,3798,2668,3937
D:\SEM 7\CVProject\datasets\bottles_occluded\image_11.jpg,1752,1851,1923,1937
D:\SEM 7\CVProject\datasets\bottles_occluded\image_11.jpg,2830,1833,2999,1920
D:\SEM 7\CVProject\datasets\bottles_occluded\image_11.jpg,1919,3377,1994,3572
D:\SEM 7\CVProject\datasets\bottles_occluded\image_11.jpg,868,312,952,486
D:\SEM 7\CVProject\datasets\bottles_occluded\image_11.jpg,1805,1596,1890,1767
D:\SEM 7\CVProject\datasets\bottles_occluded\image_11.jpg,503,2282,590,2449
D:\SEM 7\CVProject\datasets\bottles_occluded\image_11.jpg,2074,237,2170,388
D:\SEM 7\CVProject\datasets\bottles_occluded\image_11.jpg,814,2363,939,2479
D:\SEM 7\CVProject\datasets\bottles_occluded\image_11.jpg,2215,775,2289,970
D:\SEM 7\CVProject\datasets\bottles_occluded\image_11.jpg,939,1715,1088,1812
D:\SEM 7\CVProject\datasets\bottles_occluded\image_11.jpg,1464,3065,1564,3209
D:\SEM 7\CVProject\datasets\bottles_occluded\image_11.jpg,1799,3715,1852,3985
D:\SEM 7\CVProject\datasets\bottles_occluded\image_11.jpg,2672,245,2760,406
D:\SEM 7\CVProject\datasets\bottles_occluded\image_11.jpg,1989,2402,2087,2546
D:\SEM 7\CVProject\datasets\bottles_occluded\image_11.jpg,1853,1021,1899,1325
D:\SEM 7\CVProject\datasets\bottles_occluded\image_11.jpg,78,1068,148,1268
D:\SEM 7\CVProject\datasets\bottles_occluded\image_11.jpg,1192,449,1241,733
D:\SEM 7\CVProject\datasets\bottles_occluded\image_11.jpg,2739,1881,2867,1990
D:\SEM 7\CVProject\datasets\bottles_occluded\image_11.jpg,1851,3706,1931,3880
D:\SEM 7\CVProject\datasets\bottles_occluded\image_11.jpg,1852,2319,1933,2490
D:\SEM 7\CVProject\datasets\bottles_occluded\image_11.jpg,725,1237,810,1400
D:\SEM 7\CVProject\datasets\bottles_occluded\image_11.jpg,1599,1918,1675,2100
D:\SEM 7\CVProject\datasets\bottles_occluded\image_11.jpg,2004,1868,2113,1995
D:\SEM 7\CVProject\datasets\bottles_occluded\image_11.jpg,2071,1916,2113,2241
D:\SEM 7\CVProject\datasets\bottles_occluded\image_11.jpg,2916,20,2983,224
D:\SEM 7\CVProject\datasets\bottles_occluded\image_11.jpg,356,974,447,1124
D:\SEM 7\CVProject\datasets\bottles_occluded\image_11.jpg,253,340,359,468
D:\SEM 7\CVProject\datasets\bottles_occluded\image_11.jpg,1280,1742,1344,1953
D:\SEM 7\CVProject\datasets\bottles_occluded\image_11.jpg,2646,2354,2742,2495
D:\SEM 7\CVProject\datasets\bottles_occluded\image_11.jpg,2403,1256,2464,1476
D:\SEM 7\CVProject\datasets\bottles_occluded\image_11.jpg,2094,1759,2183,1910
D:\SEM 7\CVProject\datasets\bottles_occluded\image_11.jpg,2119,2777,2183,2986
D:\SEM 7\CVProject\datasets\bottles_occluded\image_11.jpg,1553,1622,1683,1725
D:\SEM 7\CVProject\datasets\bottles_occluded\image_11.jpg,193,218,276,374
D:\SEM 7\CVProject\datasets\bottles_occluded\image_11.jpg,1933,2043,2024,2184
D:\SEM 7\CVProject\datasets\bottles_occluded\image_11.jpg,554,1157,643,1301
D:\SEM 7\CVProject\datasets\bottles_occluded\image_11.jpg,85,631,174,775
D:\SEM 7\CVProject\datasets\bottles_occluded\image_11.jpg,559,2362,683,2465
D:\SEM 7\CVProject\datasets\bottles_occluded\image_11.jpg,2396,3626,2452,3852
D:\SEM 7\CVProject\datasets\bottles_occluded\image_11.jpg,2139,3583,2306,3659
D:\SEM 7\CVProject\datasets\bottles_occluded\image_11.jpg,1492,1446,1589,1577
D:\SEM 7\CVProject\datasets\bottles_occluded\image_11.jpg,1077,214,1165,358
D:\SEM 7\CVProject\datasets\bottles_occluded\image_11.jpg,2451,2959,2563,3072
D:\SEM 7\CVProject\datasets\bottles_occluded\image_11.jpg,2680,2905,2740,3115
D:\SEM 7\CVProject\datasets\bottles_occluded\image_11.jpg,2952,2242,2999,2509
D:\SEM 7\CVProject\datasets\bottles_occluded\image_11.jpg,2509,2878,2614,2998
D:\SEM 7\CVProject\datasets\bottles_occluded\image_11.jpg,340,3888,483,3976
D:\SEM 7\CVProject\datasets\bottles_occluded\image_11.jpg,1656,1259,1745,1400
D:\SEM 7\CVProject\datasets\bottles_occluded\image_11.jpg,2222,2521,2331,2636
D:\SEM 7\CVProject\datasets\bottles_occluded\image_11.jpg,2051,1545,2140,1685
D:\SEM 7\CVProject\datasets\bottles_occluded\image_11.jpg,1232,483,1317,629
D:\SEM 7\CVProject\datasets\bottles_occluded\image_11.jpg,0,3921,159,3999
D:\SEM 7\CVProject\datasets\bottles_occluded\image_11.jpg,2805,1570,2883,1729
D:\SEM 7\CVProject\datasets\bottles_occluded\image_11.jpg,1537,1673,1625,1814
D:\SEM 7\CVProject\datasets\bottles_occluded\image_11.jpg,2758,1430,2849,1566
D:\SEM 7\CVProject\datasets\bottles_occluded\image_11.jpg,1522,868,1586,1060
D:\SEM 7\CVProject\datasets\bottles_occluded\image_11.jpg,308,3463,392,3609
D:\SEM 7\CVProject\datasets\bottles_occluded\image_11.jpg,2826,2213,2902,2374
D:\SEM 7\CVProject\datasets\bottles_occluded\image_11.jpg,2562,3869,2656,3999
D:\SEM 7\CVProject\datasets\bottles_occluded\image_11.jpg,1220,128,1283,321
D:\SEM 7\CVProject\datasets\bottles_occluded\image_11.jpg,2720,247,2778,456
D:\SEM 7\CVProject\datasets\bottles_occluded\image_11.jpg,869,513,952,659
D:\SEM 7\CVProject\datasets\bottles_occluded\image_11.jpg,2687,3820,2774,3959
D:\SEM 7\CVProject\datasets\bottles_occluded\image_11.jpg,1127,619,1213,759
D:\SEM 7\CVProject\datasets\bottles_occluded\image_11.jpg,1358,1661,1464,1774
D:\SEM 7\CVProject\datasets\bottles_occluded\image_11.jpg,2896,2071,2967,2239
D:\SEM 7\CVProject\datasets\bottles_occluded\image_11.jpg,444,2609,519,2767
D:\SEM 7\CVProject\datasets\bottles_occluded\image_11.jpg,452,588,515,775
D:\SEM 7\CVProject\datasets\bottles_occluded\image_12.jpg,775,0,4283,5711
D:\SEM 7\CVProject\datasets\bottles_occluded\image_12.jpg,879,2662,3424,5711
D:\SEM 7\CVProject\datasets\bottles_occluded\image_12.jpg,1816,0,3725,1821
D:\SEM 7\CVProject\datasets\bottles_occluded\image_12.jpg,2729,3619,4283,5711
D:\SEM 7\CVProject\datasets\bottles_occluded\image_12.jpg,1289,3255,2549,5711
D:\SEM 7\CVProject\datasets\bottles_occluded\image_12.jpg,850,0,2731,1575
D:\SEM 7\CVProject\datasets\bottles_occluded\image_12.jpg,2682,805,4283,2116
D:\SEM 7\CVProject\datasets\bottles_occluded\image_12.jpg,1146,1363,2359,2065
D:\SEM 7\CVProject\datasets\bottles_occluded\image_12.jpg,2951,4659,4064,5357
D:\SEM 7\CVProject\datasets\bottles_occluded\image_12.jpg,2266,5065,3419,5709
D:\SEM 7\CVProject\datasets\bottles_occluded\image_12.jpg,1232,3369,1514,5073
D:\SEM 7\CVProject\datasets\bottles_occluded\image_12.jpg,3714,212,4283,765
D:\SEM 7\CVProject\datasets\bottles_occluded\image_12.jpg,2558,5018,3311,5420
D:\SEM 7\CVProject\datasets\bottles_occluded\image_12.jpg,2294,4621,2690,5231
D:\SEM 7\CVProject\datasets\bottles_occluded\image_12.jpg,1950,674,2349,1204
D:\SEM 7\CVProject\datasets\bottles_occluded\image_12.jpg,1897,5176,2331,5556
D:\SEM 7\CVProject\datasets\bottles_occluded\image_12.jpg,1652,1412,2061,1749
D:\SEM 7\CVProject\datasets\bottles_occluded\image_12.jpg,2140,1120,2389,1659
D:\SEM 7\CVProject\datasets\bottles_occluded\image_12.jpg,2458,5298,2756,5711
D:\SEM 7\CVProject\datasets\bottles_occluded\image_12.jpg,3964,2871,4283,3240
D:\SEM 7\CVProject\datasets\bottles_occluded\image_12.jpg,0,4916,138,5711
D:\SEM 7\CVProject\datasets\bottles_occluded\image_12.jpg,2836,0,3225,275
D:\SEM 7\CVProject\datasets\bottles_occluded\image_12.jpg,1461,2228,1768,2571
D:\SEM 7\CVProject\datasets\bottles_occluded\image_12.jpg,2399,910,2644,1312
D:\SEM 7\CVProject\datasets\bottles_occluded\image_12.jpg,1615,836,1918,1149
D:\SEM 7\CVProject\datasets\bottles_occluded\image_12.jpg,2332,4850,2565,5214
D:\SEM 7\CVProject\datasets\bottles_occluded\image_12.jpg,1695,1746,1987,2017
D:\SEM 7\CVProject\datasets\bottles_occluded\image_12.jpg,677,3126,823,3621
D:\SEM 7\CVProject\datasets\bottles_occluded\image_12.jpg,1144,2261,1371,2573
D:\SEM 7\CVProject\datasets\bottles_occluded\image_12.jpg,3417,3628,3825,3801
D:\SEM 7\CVProject\datasets\bottles_occluded\image_12.jpg,3763,591,4135,772
D:\SEM 7\CVProject\datasets\bottles_occluded\image_12.jpg,3953,5511,4283,5711
D:\SEM 7\CVProject\datasets\bottles_occluded\image_12.jpg,2998,5294,3272,5525
D:\SEM 7\CVProject\datasets\bottles_occluded\image_12.jpg,3757,1551,4126,1720
D:\SEM 7\CVProject\datasets\bottles_occluded\image_12.jpg,691,4019,850,4338
D:\SEM 7\CVProject\datasets\bottles_occluded\image_12.jpg,2980,938,3225,1125
D:\SEM 7\CVProject\datasets\bottles_occluded\image_12.jpg,1342,1063,1566,1266
D:\SEM 7\CVProject\datasets\bottles_occluded\image_12.jpg,3230,590,3346,965
D:\SEM 7\CVProject\datasets\bottles_occluded\image_12.jpg,3110,1584,3382,1744
D:\SEM 7\CVProject\datasets\bottles_occluded\image_12.jpg,1413,1752,1631,1948
D:\SEM 7\CVProject\datasets\bottles_occluded\image_12.jpg,1950,674,2124,919
D:\SEM 7\CVProject\datasets\bottles_occluded\image_12.jpg,1778,838,1919,1136
D:\SEM 7\CVProject\datasets\bottles_occluded\image_12.jpg,469,0,538,603
D:\SEM 7\CVProject\datasets\bottles_occluded\image_12.jpg,2517,5459,2681,5711
D:\SEM 7\CVProject\datasets\bottles_occluded\image_12.jpg,0,4495,83,4983
D:\SEM 7\CVProject\datasets\bottles_occluded\image_12.jpg,2312,869,2445,1173
D:\SEM 7\CVProject\datasets\bottles_occluded\image_12.jpg,103,2849,172,3419
D:\SEM 7\CVProject\datasets\bottles_occluded\image_12.jpg,3403,810,3631,981
D:\SEM 7\CVProject\datasets\bottles_occluded\image_12.jpg,3475,0,3721,157
D:\SEM 7\CVProject\datasets\bottles_occluded\image_12.jpg,618,862,741,1172
D:\SEM 7\CVProject\datasets\bottles_occluded\image_12.jpg,1830,1276,2109,1411
D:\SEM 7\CVProject\datasets\bottles_occluded\image_12.jpg,1968,1679,2084,1999
D:\SEM 7\CVProject\datasets\bottles_occluded\image_12.jpg,3996,814,4283,938
D:\SEM 7\CVProject\datasets\bottles_occluded\image_12.jpg,3699,1401,3986,1524
D:\SEM 7\CVProject\datasets\bottles_occluded\image_12.jpg,1258,1419,1362,1746
D:\SEM 7\CVProject\datasets\bottles_occluded\image_12.jpg,2111,967,2272,1171
D:\SEM 7\CVProject\datasets\bottles_occluded\image_12.jpg,1327,1379,1420,1727
D:\SEM 7\CVProject\datasets\bottles_occluded\image_12.jpg,1553,1744,1704,1953
D:\SEM 7\CVProject\datasets\bottles_occluded\image_12.jpg,1306,5191,1535,5328
D:\SEM 7\CVProject\datasets\bottles_occluded\image_12.jpg,2384,4960,2559,5138
D:\SEM 7\CVProject\datasets\bottles_occluded\image_12.jpg,1311,1226,1524,1372
D:\SEM 7\CVProject\datasets\bottles_occluded\image_12.jpg,3446,1418,3722,1528
D:\SEM 7\CVProject\datasets\bottles_occluded\image_12.jpg,1166,2198,1402,2323
D:\SEM 7\CVProject\datasets\bottles_occluded\image_12.jpg,724,4609,834,4877
D:\SEM 7\CVProject\datasets\bottles_occluded\image_12.jpg,1656,1727,1789,1948
D:\SEM 7\CVProject\datasets\bottles_occluded\image_12.jpg,1948,1184,2122,1346
D:\SEM 7\CVProject\datasets\bottles_occluded\image_12.jpg,1979,1343,2074,1639
D:\SEM 7\CVProject\datasets\bottles_occluded\image_12.jpg,1654,2061,1904,2168
D:\SEM 7\CVProject\datasets\bottles_occluded\image_12.jpg,2426,4575,2675,4678
D:\SEM 7\CVProject\datasets\bottles_occluded\image_13.jpg,1930,0,4283,5711
D:\SEM 7\CVProject\datasets\bottles_occluded\image_13.jpg,124,0,2329,4249
D:\SEM 7\CVProject\datasets\bottles_occluded\image_13.jpg,0,1438,833,4629
D:\SEM 7\CVProject\datasets\bottles_occluded\image_13.jpg,3102,3500,4283,5711
D:\SEM 7\CVProject\datasets\bottles_occluded\image_13.jpg,1528,4280,2836,5711
D:\SEM 7\CVProject\datasets\bottles_occluded\image_13.jpg,199,3843,1292,5455
D:\SEM 7\CVProject\datasets\bottles_occluded\image_13.jpg,0,0,530,3135
D:\SEM 7\CVProject\datasets\bottles_occluded\image_13.jpg,2304,0,2729,3632
D:\SEM 7\CVProject\datasets\bottles_occluded\image_13.jpg,941,3751,1778,5457
D:\SEM 7\CVProject\datasets\bottles_occluded\image_13.jpg,1764,3636,2863,4926
D:\SEM 7\CVProject\datasets\bottles_occluded\image_13.jpg,3912,0,4283,3457
D:\SEM 7\CVProject\datasets\bottles_occluded\image_13.jpg,3457,4316,4283,5711
D:\SEM 7\CVProject\datasets\bottles_occluded\image_13.jpg,2589,4155,3365,5631
D:\SEM 7\CVProject\datasets\bottles_occluded\image_13.jpg,0,3481,671,4979
D:\SEM 7\CVProject\datasets\bottles_occluded\image_13.jpg,788,3783,1447,5188
D:\SEM 7\CVProject\datasets\bottles_occluded\image_13.jpg,1526,3880,2124,5414
D:\SEM 7\CVProject\datasets\bottles_occluded\image_13.jpg,610,3185,1508,4073
D:\SEM 7\CVProject\datasets\bottles_occluded\image_13.jpg,2054,0,2322,2530
D:\SEM 7\CVProject\datasets\bottles_occluded\image_13.jpg,58,3055,834,3921
D:\SEM 7\CVProject\datasets\bottles_occluded\image_13.jpg,662,5100,1546,5711
D:\SEM 7\CVProject\datasets\bottles_occluded\image_13.jpg,0,1308,277,3111
D:\SEM 7\CVProject\datasets\bottles_occluded\image_13.jpg,0,4784,749,5418
D:\SEM 7\CVProject\datasets\bottles_occluded\image_13.jpg,0,3456,359,4680
D:\SEM 7\CVProject\datasets\bottles_occluded\image_13.jpg,0,5216,806,5711
D:\SEM 7\CVProject\datasets\bottles_occluded\image_13.jpg,1778,4348,2452,4925
D:\SEM 7\CVProject\datasets\bottles_occluded\image_13.jpg,2559,3868,3103,4574
D:\SEM 7\CVProject\datasets\bottles_occluded\image_13.jpg,3877,4888,4283,5711
D:\SEM 7\CVProject\datasets\bottles_occluded\image_13.jpg,669,3981,914,5204
D:\SEM 7\CVProject\datasets\bottles_occluded\image_13.jpg,4084,1464,4283,2890
D:\SEM 7\CVProject\datasets\bottles_occluded\image_13.jpg,2143,4545,2470,5410
D:\SEM 7\CVProject\datasets\bottles_occluded\image_13.jpg,2615,335,2813,1722
D:\SEM 7\CVProject\datasets\bottles_occluded\image_13.jpg,0,4567,489,5076
D:\SEM 7\CVProject\datasets\bottles_occluded\image_13.jpg,2618,4290,2927,5032
D:\SEM 7\CVProject\datasets\bottles_occluded\image_13.jpg,3927,2767,4283,3403
D:\SEM 7\CVProject\datasets\bottles_occluded\image_13.jpg,934,5313,1476,5711
D:\SEM 7\CVProject\datasets\bottles_occluded\image_13.jpg,591,5130,1149,5505
D:\SEM 7\CVProject\datasets\bottles_occluded\image_13.jpg,2097,4275,2372,5013
D:\SEM 7\CVProject\datasets\bottles_occluded\image_13.jpg,2663,1711,2848,2796
D:\SEM 7\CVProject\datasets\bottles_occluded\image_13.jpg,3740,5170,4075,5707
D:\SEM 7\CVProject\datasets\bottles_occluded\image_13.jpg,2921,461,3068,1510
D:\SEM 7\CVProject\datasets\bottles_occluded\image_13.jpg,1523,3899,1914,4276
D:\SEM 7\CVProject\datasets\bottles_occluded\image_13.jpg,1878,4471,2199,4916
D:\SEM 7\CVProject\datasets\bottles_occluded\image_13.jpg,2564,4059,2861,4520
D:\SEM 7\CVProject\datasets\bottles_occluded\image_13.jpg,1068,4050,1519,4353
D:\SEM 7\CVProject\datasets\bottles_occluded\image_13.jpg,2605,0,2923,415
D:\SEM 7\CVProject\datasets\bottles_occluded\image_13.jpg,2306,499,2436,1493
D:\SEM 7\CVProject\datasets\bottles_occluded\image_13.jpg,2826,214,2937,1333
D:\SEM 7\CVProject\datasets\bottles_occluded\image_13.jpg,1932,3708,2302,4042
D:\SEM 7\CVProject\datasets\bottles_occluded\image_13.jpg,468,2928,864,3226
D:\SEM 7\CVProject\datasets\bottles_occluded\image_13.jpg,42,0,270,516
D:\SEM 7\CVProject\datasets\bottles_occluded\image_13.jpg,2712,363,2828,1344
D:\SEM 7\CVProject\datasets\bottles_occluded\image_13.jpg,1489,5395,1849,5711
D:\SEM 7\CVProject\datasets\bottles_occluded\image_13.jpg,1435,4738,1658,5246
D:\SEM 7\CVProject\datasets\bottles_occluded\image_13.jpg,2588,5265,2837,5711
D:\SEM 7\CVProject\datasets\bottles_occluded\image_13.jpg,0,282,211,807
D:\SEM 7\CVProject\datasets\bottles_occluded\image_13.jpg,0,4660,254,5077
D:\SEM 7\CVProject\datasets\bottles_occluded\image_13.jpg,1461,5120,1678,5606
D:\SEM 7\CVProject\datasets\bottles_occluded\image_13.jpg,3184,3713,3505,4033
D:\SEM 7\CVProject\datasets\bottles_occluded\image_13.jpg,3085,378,3195,1307
D:\SEM 7\CVProject\datasets\bottles_occluded\image_13.jpg,1813,4890,2107,5233
D:\SEM 7\CVProject\datasets\bottles_occluded\image_13.jpg,3925,3366,4283,3642
D:\SEM 7\CVProject\datasets\bottles_occluded\image_13.jpg,806,4211,923,4997
D:\SEM 7\CVProject\datasets\bottles_occluded\image_13.jpg,606,5284,816,5711
D:\SEM 7\CVProject\datasets\bottles_occluded\image_13.jpg,1426,4066,1594,4581
D:\SEM 7\CVProject\datasets\bottles_occluded\image_13.jpg,4030,4570,4283,4908
D:\SEM 7\CVProject\datasets\bottles_occluded\image_13.jpg,2352,2203,2473,2880
D:\SEM 7\CVProject\datasets\bottles_occluded\image_13.jpg,262,3885,426,4366
D:\SEM 7\CVProject\datasets\bottles_occluded\image_13.jpg,4129,770,4283,1277
D:\SEM 7\CVProject\datasets\bottles_occluded\image_13.jpg,2329,5522,2733,5711
D:\SEM 7\CVProject\datasets\bottles_occluded\image_13.jpg,339,3401,581,3712
D:\SEM 7\CVProject\datasets\bottles_occluded\image_13.jpg,2970,99,3190,435
D:\SEM 7\CVProject\datasets\bottles_occluded\image_13.jpg,2226,5429,2487,5711
D:\SEM 7\CVProject\datasets\bottles_occluded\image_13.jpg,2815,3539,3127,3760
D:\SEM 7\CVProject\datasets\bottles_occluded\image_13.jpg,187,4752,486,4979
D:\SEM 7\CVProject\datasets\bottles_occluded\image_13.jpg,2849,1428,2948,2102
D:\SEM 7\CVProject\datasets\bottles_occluded\image_13.jpg,2951,4349,3237,4583
D:\SEM 7\CVProject\datasets\bottles_occluded\image_13.jpg,3098,1392,3198,2039
D:\SEM 7\CVProject\datasets\bottles_occluded\image_13.jpg,3126,2114,3351,2398
D:\SEM 7\CVProject\datasets\bottles_occluded\image_13.jpg,2744,1436,2849,2031
D:\SEM 7\CVProject\datasets\bottles_occluded\image_13.jpg,3973,1231,4063,1922
D:\SEM 7\CVProject\datasets\bottles_occluded\image_13.jpg,1020,5026,1261,5281
D:\SEM 7\CVProject\datasets\bottles_occluded\image_13.jpg,2571,4107,2856,4317
D:\SEM 7\CVProject\datasets\bottles_occluded\image_13.jpg,793,4637,880,5301
D:\SEM 7\CVProject\datasets\bottles_occluded\image_13.jpg,3480,77,3631,425
D:\SEM 7\CVProject\datasets\bottles_occluded\image_13.jpg,1928,4033,2130,4291
D:\SEM 7\CVProject\datasets\bottles_occluded\image_13.jpg,0,5008,320,5167
D:\SEM 7\CVProject\datasets\bottles_occluded\image_13.jpg,2656,1335,2746,1892
D:\SEM 7\CVProject\datasets\bottles_occluded\image_13.jpg,1548,4719,1627,5339
D:\SEM 7\CVProject\datasets\bottles_occluded\image_13.jpg,3044,4286,3256,4516
D:\SEM 7\CVProject\datasets\bottles_occluded\image_13.jpg,2356,3120,2449,3639
D:\SEM 7\CVProject\datasets\bottles_occluded\image_13.jpg,3019,1405,3091,2058
D:\SEM 7\CVProject\datasets\bottles_occluded\image_13.jpg,978,3807,1270,3967
D:\SEM 7\CVProject\datasets\bottles_occluded\image_13.jpg,1767,4230,1865,4701
D:\SEM 7\CVProject\datasets\bottles_occluded\image_13.jpg,267,3812,373,4244
D:\SEM 7\CVProject\datasets\bottles_occluded\image_13.jpg,2876,4175,3050,4438
D:\SEM 7\CVProject\datasets\bottles_occluded\image_13.jpg,3149,4099,3339,4328
D:\SEM 7\CVProject\datasets\bottles_occluded\image_13.jpg,342,3641,473,3969
D:\SEM 7\CVProject\datasets\bottles_occluded\image_13.jpg,1,3466,75,4033
D:\SEM 7\CVProject\datasets\bottles_occluded\image_13.jpg,3767,0,3844,541
D:\SEM 7\CVProject\datasets\bottles_occluded\image_13.jpg,3218,5237,3372,5503
D:\SEM 7\CVProject\datasets\bottles_occluded\image_13.jpg,1546,5474,1758,5666
D:\SEM 7\CVProject\datasets\bottles_occluded\image_13.jpg,3947,2160,4034,2616
D:\SEM 7\CVProject\datasets\bottles_occluded\image_13.jpg,703,4182,791,4631
D:\SEM 7\CVProject\datasets\bottles_occluded\image_13.jpg,2307,3143,2377,3685
D:\SEM 7\CVProject\datasets\bottles_occluded\image_13.jpg,1447,4200,1573,4500
D:\SEM 7\CVProject\datasets\bottles_occluded\image_13.jpg,2303,5015,2465,5246
D:\SEM 7\CVProject\datasets\bottles_occluded\image_13.jpg,2073,4216,2206,4494
D:\SEM 7\CVProject\datasets\bottles_occluded\image_13.jpg,1187,4557,1426,4709
D:\SEM 7\CVProject\datasets\bottles_occluded\image_13.jpg,3594,4793,3711,5103
D:\SEM 7\CVProject\datasets\bottles_occluded\image_13.jpg,1486,5281,1657,5489
D:\SEM 7\CVProject\datasets\bottles_occluded\image_13.jpg,2164,4073,2450,4197
D:\SEM 7\CVProject\datasets\bottles_occluded\image_13.jpg,3015,2119,3141,2400
D:\SEM 7\CVProject\datasets\bottles_occluded\image_13.jpg,216,261,343,525
D:\SEM 7\CVProject\datasets\bottles_occluded\image_13.jpg,3555,495,3635,895
D:\SEM 7\CVProject\datasets\bottles_occluded\image_13.jpg,2254,5545,2447,5711
D:\SEM 7\CVProject\datasets\bottles_occluded\image_13.jpg,2684,2042,2767,2423
D:\SEM 7\CVProject\datasets\bottles_occluded\image_13.jpg,1940,3671,2072,3911
D:\SEM 7\CVProject\datasets\bottles_occluded\image_13.jpg,16,4535,185,4718
D:\SEM 7\CVProject\datasets\bottles_occluded\image_13.jpg,1569,3704,1683,3968
D:\SEM 7\CVProject\datasets\bottles_occluded\image_13.jpg,3109,4241,3320,4381
D:\SEM 7\CVProject\datasets\bottles_occluded\image_13.jpg,3067,5432,3219,5626
D:\SEM 7\CVProject\datasets\bottles_occluded\image_13.jpg,2344,3999,2558,4135
D:\SEM 7\CVProject\datasets\bottles_occluded\image_13.jpg,4122,3522,4283,3700
D:\SEM 7\CVProject\datasets\bottles_occluded\image_13.jpg,1,5272,184,5428
D:\SEM 7\CVProject\datasets\bottles_occluded\image_13.jpg,3618,4439,3815,4583
D:\SEM 7\CVProject\datasets\bottles_occluded\image_13.jpg,1233,5087,1317,5422
D:\SEM 7\CVProject\datasets\bottles_occluded\image_13.jpg,1827,1693,1991,1862
D:\SEM 7\CVProject\datasets\bottles_occluded\image_13.jpg,2604,3759,2801,3896
D:\SEM 7\CVProject\datasets\bottles_occluded\image_13.jpg,3149,160,3271,381
D:\SEM 7\CVProject\datasets\bottles_occluded\image_13.jpg,2785,2353,2873,2658
D:\SEM 7\CVProject\datasets\bottles_occluded\image_13.jpg,1495,5232,1650,5404
D:\SEM 7\CVProject\datasets\bottles_occluded\image_13.jpg,430,5109,631,5240
D:\SEM 7\CVProject\datasets\bottles_occluded\image_13.jpg,1370,3838,1541,3992
D:\SEM 7\CVProject\datasets\bottles_occluded\image_13.jpg,334,4840,515,4984
D:\SEM 7\CVProject\datasets\bottles_occluded\image_13.jpg,509,3391,633,3601
D:\SEM 7\CVProject\datasets\bottles_occluded\image_13.jpg,2167,5163,2300,5358
D:\SEM 7\CVProject\datasets\bottles_occluded\image_13.jpg,3119,2248,3192,2600
D:\SEM 7\CVProject\datasets\bottles_occluded\image_13.jpg,2709,3200,2781,3554
D:\SEM 7\CVProject\datasets\bottles_occluded\image_13.jpg,3058,3668,3250,3800
D:\SEM 7\CVProject\datasets\bottles_occluded\image_13.jpg,3337,1363,3414,1691
D:\SEM 7\CVProject\datasets\bottles_occluded\image_13.jpg,346,3138,466,3349
D:\SEM 7\CVProject\datasets\bottles_occluded\image_13.jpg,3841,5306,3990,5476
D:\SEM 7\CVProject\datasets\bottles_occluded\image_13.jpg,1319,5455,1485,5607
D:\SEM 7\CVProject\datasets\bottles_occluded\image_13.jpg,3375,2077,3491,2294
D:\SEM 7\CVProject\datasets\bottles_occluded\image_13.jpg,3557,1334,3627,1688
D:\SEM 7\CVProject\datasets\bottles_occluded\image_13.jpg,902,4010,964,4409
D:\SEM 7\CVProject\datasets\bottles_occluded\image_13.jpg,2367,1567,2437,1920
D:\SEM 7\CVProject\datasets\bottles_occluded\image_13.jpg,3341,1717,3411,2065
D:\SEM 7\CVProject\datasets\bottles_occluded\image_13.jpg,768,5201,932,5350
D:\SEM 7\CVProject\datasets\bottles_occluded\image_14.jpg,1089,2404,2999,3999
D:\SEM 7\CVProject\datasets\bottles_occluded\image_14.jpg,1424,1067,2999,2871
D:\SEM 7\CVProject\datasets\bottles_occluded\image_14.jpg,0,1587,1191,3667
D:\SEM 7\CVProject\datasets\bottles_occluded\image_14.jpg,0,847,1451,1837
D:\SEM 7\CVProject\datasets\bottles_occluded\image_14.jpg,1445,1910,2353,3119
D:\SEM 7\CVProject\datasets\bottles_occluded\image_14.jpg,723,0,1728,971
D:\SEM 7\CVProject\datasets\bottles_occluded\image_14.jpg,1982,3252,2999,3999
D:\SEM 7\CVProject\datasets\bottles_occluded\image_14.jpg,1614,1599,2237,2627
D:\SEM 7\CVProject\datasets\bottles_occluded\image_14.jpg,0,0,903,622
D:\SEM 7\CVProject\datasets\bottles_occluded\image_14.jpg,2427,1493,2999,2455
D:\SEM 7\CVProject\datasets\bottles_occluded\image_14.jpg,2185,2832,2999,3447
D:\SEM 7\CVProject\datasets\bottles_occluded\image_14.jpg,2096,1267,2727,2031
D:\SEM 7\CVProject\datasets\bottles_occluded\image_14.jpg,1549,2991,2071,3780
D:\SEM 7\CVProject\datasets\bottles_occluded\image_14.jpg,0,528,490,1324
D:\SEM 7\CVProject\datasets\bottles_occluded\image_14.jpg,2488,2384,2999,2913
D:\SEM 7\CVProject\datasets\bottles_occluded\image_14.jpg,1680,2232,2039,2937
D:\SEM 7\CVProject\datasets\bottles_occluded\image_14.jpg,1476,1194,2152,1568
D:\SEM 7\CVProject\datasets\bottles_occluded\image_14.jpg,2119,2302,2543,2832
D:\SEM 7\CVProject\datasets\bottles_occluded\image_14.jpg,0,1339,704,1650
D:\SEM 7\CVProject\datasets\bottles_occluded\image_14.jpg,1390,1654,1718,2302
D:\SEM 7\CVProject\datasets\bottles_occluded\image_14.jpg,15,0,477,446
D:\SEM 7\CVProject\datasets\bottles_occluded\image_14.jpg,2361,2877,2967,3214
D:\SEM 7\CVProject\datasets\bottles_occluded\image_14.jpg,2621,1951,2999,2426
D:\SEM 7\CVProject\datasets\bottles_occluded\image_14.jpg,1992,3680,2542,3999
D:\SEM 7\CVProject\datasets\bottles_occluded\image_14.jpg,1437,2250,1700,2900
D:\SEM 7\CVProject\datasets\bottles_occluded\image_14.jpg,1010,0,1500,349
D:\SEM 7\CVProject\datasets\bottles_occluded\image_14.jpg,2063,2884,2324,3501
D:\SEM 7\CVProject\datasets\bottles_occluded\image_14.jpg,1593,1866,1902,2385
D:\SEM 7\CVProject\datasets\bottles_occluded\image_14.jpg,2291,221,2613,702
D:\SEM 7\CVProject\datasets\bottles_occluded\image_14.jpg,720,0,1037,488
D:\SEM 7\CVProject\datasets\bottles_occluded\image_14.jpg,2723,168,2999,725
D:\SEM 7\CVProject\datasets\bottles_occluded\image_14.jpg,2016,2011,2571,2283
D:\SEM 7\CVProject\datasets\bottles_occluded\image_14.jpg,2735,2464,2999,2925
D:\SEM 7\CVProject\datasets\bottles_occluded\image_14.jpg,2512,3758,2999,3999
D:\SEM 7\CVProject\datasets\bottles_occluded\image_14.jpg,1635,0,2034,287
D:\SEM 7\CVProject\datasets\bottles_occluded\image_14.jpg,1402,1905,1608,2436
D:\SEM 7\CVProject\datasets\bottles_occluded\image_14.jpg,2124,3562,2546,3820
D:\SEM 7\CVProject\datasets\bottles_occluded\image_14.jpg,1856,1874,2061,2399
D:\SEM 7\CVProject\datasets\bottles_occluded\image_14.jpg,2674,2682,2974,3026
D:\SEM 7\CVProject\datasets\bottles_occluded\image_14.jpg,2370,3590,2810,3818
D:\SEM 7\CVProject\datasets\bottles_occluded\image_14.jpg,2521,1806,2718,2308
D:\SEM 7\CVProject\datasets\bottles_occluded\image_14.jpg,2627,0,2999,266
D:\SEM 7\CVProject\datasets\bottles_occluded\image_14.jpg,2196,2298,2445,2693
D:\SEM 7\CVProject\datasets\bottles_occluded\image_14.jpg,2532,1193,2915,1444
D:\SEM 7\CVProject\datasets\bottles_occluded\image_14.jpg,0,2368,292,2682
D:\SEM 7\CVProject\datasets\bottles_occluded\image_14.jpg,1859,3562,2061,3999
D:\SEM 7\CVProject\datasets\bottles_occluded\image_14.jpg,294,481,716,688
D:\SEM 7\CVProject\datasets\bottles_occluded\image_14.jpg,0,2661,246,3010
D:\SEM 7\CVProject\datasets\bottles_occluded\image_14.jpg,1662,1480,1850,1925
D:\SEM 7\CVProject\datasets\bottles_occluded\image_14.jpg,424,0,721,281
D:\SEM 7\CVProject\datasets\bottles_occluded\image_14.jpg,889,401,1139,725
D:\SEM 7\CVProject\datasets\bottles_occluded\image_14.jpg,692,0,934,319
D:\SEM 7\CVProject\datasets\bottles_occluded\image_14.jpg,1086,1930,1316,2262
D:\SEM 7\CVProject\datasets\bottles_occluded\image_14.jpg,2625,2917,2999,3113
D:\SEM 7\CVProject\datasets\bottles_occluded\image_14.jpg,2820,3518,2999,3921
D:\SEM 7\CVProject\datasets\bottles_occluded\image_14.jpg,2715,1365,2896,1755
D:\SEM 7\CVProject\datasets\bottles_occluded\image_14.jpg,1613,3637,1806,3999
D:\SEM 7\CVProject\datasets\bottles_occluded\image_14.jpg,0,1741,392,1911
D:\SEM 7\CVProject\datasets\bottles_occluded\image_14.jpg,1980,1542,2163,1905
D:\SEM 7\CVProject\datasets\bottles_occluded\image_14.jpg,1935,1359,2180,1630
D:\SEM 7\CVProject\datasets\bottles_occluded\image_14.jpg,1811,3205,2103,3430
D:\SEM 7\CVProject\datasets\bottles_occluded\image_14.jpg,2784,1611,2999,1894
D:\SEM 7\CVProject\datasets\bottles_occluded\image_14.jpg,2812,1198,2999,1521
D:\SEM 7\CVProject\datasets\bottles_occluded\image_14.jpg,721,2038,889,2377
D:\SEM 7\CVProject\datasets\bottles_occluded\image_14.jpg,466,1562,810,1721
D:\SEM 7\CVProject\datasets\bottles_occluded\image_14.jpg,2649,133,2822,444
D:\SEM 7\CVProject\datasets\bottles_occluded\image_14.jpg,0,2482,209,2738
D:\SEM 7\CVProject\datasets\bottles_occluded\image_14.jpg,2484,3005,2613,3390
D:\SEM 7\CVProject\datasets\bottles_occluded\image_14.jpg,1403,1932,1510,2374
D:\SEM 7\CVProject\datasets\bottles_occluded\image_14.jpg,2046,1452,2204,1751
D:\SEM 7\CVProject\datasets\bottles_occluded\image_14.jpg,2253,2866,2375,3240
D:\SEM 7\CVProject\datasets\bottles_occluded\image_14.jpg,739,590,975,782
D:\SEM 7\CVProject\datasets\bottles_occluded\image_14.jpg,2549,2465,2799,2640
D:\SEM 7\CVProject\datasets\bottles_occluded\image_14.jpg,1775,1946,1943,2200
D:\SEM 7\CVProject\datasets\bottles_occluded\image_14.jpg,2607,1706,2761,1974
D:\SEM 7\CVProject\datasets\bottles_occluded\image_14.jpg,1641,13,1875,186
D:\SEM 7\CVProject\datasets\bottles_occluded\image_14.jpg,2113,3309,2283,3543
D:\SEM 7\CVProject\datasets\bottles_occluded\image_14.jpg,2227,3773,2399,3999
D:\SEM 7\CVProject\datasets\bottles_occluded\image_14.jpg,1368,2870,1528,3111
D:\SEM 7\CVProject\datasets\bottles_occluded\image_14.jpg,363,0,571,176
D:\SEM 7\CVProject\datasets\bottles_occluded\image_14.jpg,2629,74,2887,214
D:\SEM 7\CVProject\datasets\bottles_occluded\image_14.jpg,2458,325,2580,615
D:\SEM 7\CVProject\datasets\bottles_occluded\image_14.jpg,2048,3817,2238,3999
D:\SEM 7\CVProject\datasets\bottles_occluded\image_14.jpg,2379,2671,2550,2870
D:\SEM 7\CVProject\datasets\bottles_occluded\image_14.jpg,2823,1449,2999,1640
D:\SEM 7\CVProject\datasets\bottles_occluded\image_14.jpg,1788,3386,2016,3533
D:\SEM 7\CVProject\datasets\bottles_occluded\image_14.jpg,1572,2345,1710,2586
D:\SEM 7\CVProject\datasets\bottles_occluded\image_14.jpg,295,0,475,183
D:\SEM 7\CVProject\datasets\bottles_occluded\image_14.jpg,2583,0,2830,132
D:\SEM 7\CVProject\datasets\bottles_occluded\image_14.jpg,1403,1168,1495,1520
D:\SEM 7\CVProject\datasets\bottles_occluded\image_14.jpg,1256,2438,1389,2677
D:\SEM 7\CVProject\datasets\bottles_occluded\image_14.jpg,1397,1725,1506,2013
D:\SEM 7\CVProject\datasets\bottles_occluded\image_14.jpg,2805,414,2999,572
D:\SEM 7\CVProject\datasets\bottles_occluded\image_14.jpg,2128,2106,2219,2442
D:\SEM 7\CVProject\datasets\bottles_occluded\image_14.jpg,551,729,750,883
D:\SEM 7\CVProject\datasets\bottles_occluded\image_14.jpg,1519,3791,1662,3999
D:\SEM 7\CVProject\datasets\bottles_occluded\image_14.jpg,1647,1332,1845,1482
D:\SEM 7\CVProject\datasets\bottles_occluded\image_14.jpg,2542,3051,2652,3320
D:\SEM 7\CVProject\datasets\bottles_occluded\image_14.jpg,2356,2581,2445,2909
D:\SEM 7\CVProject\datasets\bottles_occluded\image_14.jpg,72,2456,238,2630
D:\SEM 7\CVProject\datasets\bottles_occluded\image_14.jpg,2706,2352,2878,2518
D:\SEM 7\CVProject\datasets\bottles_occluded\image_14.jpg,2131,2429,2275,2626
D:\SEM 7\CVProject\datasets\bottles_occluded\image_14.jpg,2118,700,2251,910
D:\SEM 7\CVProject\datasets\bottles_occluded\image_14.jpg,239,1487,452,1618
D:\SEM 7\CVProject\datasets\bottles_occluded\image_14.jpg,2885,1096,2999,1340
D:\SEM 7\CVProject\datasets\bottles_occluded\image_14.jpg,2827,478,2999,639
D:\SEM 7\CVProject\datasets\bottles_occluded\image_14.jpg,2771,1512,2876,1771
D:\SEM 7\CVProject\datasets\bottles_occluded\image_14.jpg,2634,2266,2828,2406
D:\SEM 7\CVProject\datasets\bottles_occluded\image_14.jpg,2825,139,2953,349
D:\SEM 7\CVProject\datasets\bottles_occluded\image_14.jpg,2783,236,2912,442
D:\SEM 7\CVProject\datasets\bottles_occluded\image_14.jpg,2153,2730,2308,2901
D:\SEM 7\CVProject\datasets\bottles_occluded\image_14.jpg,269,2062,454,2205
D:\SEM 7\CVProject\datasets\bottles_occluded\image_14.jpg,2545,3851,2719,3999
D:\SEM 7\CVProject\datasets\bottles_occluded\image_14.jpg,1960,3243,2105,3420
D:\SEM 7\CVProject\datasets\bottles_occluded\image_14.jpg,2498,2348,2664,2501
D:\SEM 7\CVProject\datasets\bottles_occluded\image_14.jpg,2914,1949,2999,2244
D:\SEM 7\CVProject\datasets\bottles_occluded\image_14.jpg,1843,1622,1944,1868
D:\SEM 7\CVProject\datasets\bottles_occluded\image_14.jpg,2811,1824,2999,1955
D:\SEM 7\CVProject\datasets\bottles_occluded\image_14.jpg,0,3384,165,3533
D:\SEM 7\CVProject\datasets\bottles_occluded\image_14.jpg,2902,12,2999,264
D:\SEM 7\CVProject\datasets\bottles_occluded\image_14.jpg,2437,2752,2575,2928
D:\SEM 7\CVProject\datasets\bottles_occluded\image_14.jpg,2144,1268,2233,1536
D:\SEM 7\CVProject\datasets\bottles_occluded\image_14.jpg,1214,1373,1378,1517
D:\SEM 7\CVProject\datasets\bottles_occluded\image_14.jpg,2840,2058,2960,2252
D:\SEM 7\CVProject\datasets\bottles_occluded\image_14.jpg,969,1866,1148,1996
D:\SEM 7\CVProject\datasets\bottles_occluded\image_14.jpg,2539,1365,2687,1522
D:\SEM 7\CVProject\datasets\bottles_occluded\image_14.jpg,1526,2933,1631,3154
D:\SEM 7\CVProject\datasets\bottles_occluded\image_14.jpg,2531,556,2641,766
D:\SEM 7\CVProject\datasets\bottles_occluded\image_14.jpg,2280,2525,2391,2733
D:\SEM 7\CVProject\datasets\bottles_occluded\image_14.jpg,1903,3723,2001,3957
D:\SEM 7\CVProject\datasets\bottles_occluded\image_14.jpg,2027,3564,2113,3826
D:\SEM 7\CVProject\datasets\bottles_occluded\image_14.jpg,2078,2991,2181,3210
D:\SEM 7\CVProject\datasets\bottles_occluded\image_14.jpg,2002,2619,2141,2781
D:\SEM 7\CVProject\datasets\bottles_occluded\image_14.jpg,166,1852,264,2081
D:\SEM 7\CVProject\datasets\bottles_occluded\image_14.jpg,1605,3356,1688,3624
D:\SEM 7\CVProject\datasets\bottles_occluded\image_14.jpg,1511,1279,1639,1451
D:\SEM 7\CVProject\datasets\bottles_occluded\image_14.jpg,2241,3573,2382,3729
D:\SEM 7\CVProject\datasets\bottles_occluded\image_14.jpg,2265,2670,2360,2901
D:\SEM 7\CVProject\datasets\bottles_occluded\image_14.jpg,1643,3400,1755,3595
D:\SEM 7\CVProject\datasets\bottles_occluded\image_14.jpg,2493,3057,2585,3289
D:\SEM 7\CVProject\datasets\bottles_occluded\image_14.jpg,2007,1840,2148,1991
D:\SEM 7\CVProject\datasets\bottles_occluded\image_14.jpg,375,655,511,811
D:\SEM 7\CVProject\datasets\bottles_occluded\image_14.jpg,2484,1217,2557,1505
D:\SEM 7\CVProject\datasets\bottles_occluded\image_14.jpg,1765,2911,1879,3093
D:\SEM 7\CVProject\datasets\bottles_occluded\image_14.jpg,2524,1922,2623,2131
D:\SEM 7\CVProject\datasets\bottles_occluded\image_14.jpg,2419,3436,2597,3552
D:\SEM 7\CVProject\datasets\bottles_occluded\image_14.jpg,1439,2294,1508,2592
D:\SEM 7\CVProject\datasets\bottles_occluded\image_14.jpg,2763,1662,2901,1810
D:\SEM 7\CVProject\datasets\bottles_occluded\image_14.jpg,2669,1519,2766,1729
D:\SEM 7\CVProject\datasets\bottles_occluded\image_14.jpg,0,1855,167,1977
D:\SEM 7\CVProject\datasets\bottles_occluded\image_14.jpg,0,1459,220,1551
D:\SEM 7\CVProject\datasets\bottles_occluded\image_14.jpg,1394,3232,1523,3388
D:\SEM 7\CVProject\datasets\bottles_occluded\image_14.jpg,2788,1298,2873,1533
D:\SEM 7\CVProject\datasets\bottles_occluded\image_14.jpg,1497,2012,1575,2267
D:\SEM 7\CVProject\datasets\bottles_occluded\image_14.jpg,2266,3216,2371,3404
D:\SEM 7\CVProject\datasets\bottles_occluded\image_14.jpg,2887,364,2999,539
D:\SEM 7\CVProject\datasets\bottles_occluded\image_14.jpg,455,368,559,556
D:\SEM 7\CVProject\datasets\bottles_occluded\image_14.jpg,2651,3795,2773,3955
D:\SEM 7\CVProject\datasets\bottles_occluded\image_14.jpg,1551,3399,1643,3610
D:\SEM 7\CVProject\datasets\bottles_occluded\image_14.jpg,2388,2203,2465,2454
D:\SEM 7\CVProject\datasets\bottles_occluded\image_14.jpg,579,0,736,122
D:\SEM 7\CVProject\datasets\bottles_occluded\image_14.jpg,2752,3528,2853,3717
D:\SEM 7\CVProject\datasets\bottles_occluded\image_14.jpg,1589,3539,1687,3732
D:\SEM 7\CVProject\datasets\bottles_occluded\image_14.jpg,461,181,585,331
D:\SEM 7\CVProject\datasets\bottles_occluded\image_14.jpg,1887,3492,1970,3713
D:\SEM 7\CVProject\datasets\bottles_occluded\image_14.jpg,2413,1350,2534,1501
D:\SEM 7\CVProject\datasets\bottles_occluded\image_14.jpg,2328,2941,2456,3083
D:\SEM 7\CVProject\datasets\bottles_occluded\image_14.jpg,2086,2170,2169,2388
D:\SEM 7\CVProject\datasets\bottles_occluded\image_14.jpg,268,233,396,374
D:\SEM 7\CVProject\datasets\bottles_occluded\image_14.jpg,2728,1806,2830,1979
D:\SEM 7\CVProject\datasets\bottles_occluded\image_14.jpg,1594,2421,1682,2621
D:\SEM 7\CVProject\datasets\bottles_occluded\image_14.jpg,176,299,290,451
D:\SEM 7\CVProject\datasets\bottles_occluded\image_14.jpg,764,817,910,935
D:\SEM 7\CVProject\datasets\bottles_occluded\image_14.jpg,2798,2757,2925,2892
D:\SEM 7\CVProject\datasets\bottles_occluded\image_14.jpg,2675,2654,2784,2811
D:\SEM 7\CVProject\datasets\bottles_occluded\image_14.jpg,2346,1352,2455,1508
D:\SEM 7\CVProject\datasets\bottles_occluded\image_14.jpg,1164,1971,1293,2102
D:\SEM 7\CVProject\datasets\bottles_occluded\image_14.jpg,1171,3848,1282,3999
D:\SEM 7\CVProject\datasets\bottles_occluded\image_14.jpg,2806,473,2927,611
D:\SEM 7\CVProject\datasets\bottles_occluded\image_14.jpg,2702,3588,2782,3796
D:\SEM 7\CVProject\datasets\bottles_occluded\image_14.jpg,1448,2725,1551,2886
D:\SEM 7\CVProject\datasets\bottles_occluded\image_14.jpg,2299,3825,2394,3999
D:\SEM 7\CVProject\datasets\bottles_occluded\image_14.jpg,2260,2817,2379,2956
D:\SEM 7\CVProject\datasets\bottles_occluded\image_14.jpg,1088,2003,1245,2107
D:\SEM 7\CVProject\datasets\bottles_occluded\image_14.jpg,2932,3312,2999,3551
D:\SEM 7\CVProject\datasets\bottles_occluded\image_14.jpg,119,283,199,483
D:\SEM 7\CVProject\datasets\bottles_occluded\image_14.jpg,1765,3401,1888,3530
D:\SEM 7\CVProject\datasets\bottles_occluded\image_14.jpg,2235,3802,2339,3953
D:\SEM 7\CVProject\datasets\bottles_occluded\image_14.jpg,1958,3195,2046,3373
D:\SEM 7\CVProject\datasets\bottles_occluded\image_14.jpg,1490,1575,1591,1730
D:\SEM 7\CVProject\datasets\bottles_occluded\image_14.jpg,2429,2259,2500,2478
D:\SEM 7\CVProject\datasets\bottles_occluded\image_14.jpg,2902,3082,2999,3239
D:\SEM 7\CVProject\datasets\bottles_occluded\image_14.jpg,2879,583,2988,721
D:\SEM 7\CVProject\datasets\bottles_occluded\image_14.jpg,2872,280,2999,398
D:\SEM 7\CVProject\datasets\bottles_occluded\image_14.jpg,2149,3307,2284,3418
D:\SEM 7\CVProject\datasets\bottles_occluded\image_14.jpg,1389,1701,1469,1888
D:\SEM 7\CVProject\datasets\bottles_occluded\image_14.jpg,2695,1797,2768,2000
D:\SEM 7\CVProject\datasets\bottles_occluded\image_14.jpg,2230,3746,2323,3902
D:\SEM 7\CVProject\datasets\bottles_occluded\image_14.jpg,2145,3792,2235,3953
D:\SEM 7\CVProject\datasets\bottles_occluded\image_14.jpg,2864,1929,2953,2091
D:\SEM 7\CVProject\datasets\bottles_occluded\image_14.jpg,1637,3734,1737,3878
D:\SEM 7\CVProject\datasets\bottles_occluded\image_14.jpg,1899,3099,2010,3228
D:\SEM 7\CVProject\datasets\bottles_occluded\image_14.jpg,1898,2879,1981,3050
D:\SEM 7\CVProject\datasets\bottles_occluded\image_14.jpg,0,1792,177,1872
D:\SEM 7\CVProject\datasets\bottles_occluded\image_14.jpg,2555,1467,2650,1616
D:\SEM 7\CVProject\datasets\bottles_occluded\image_14.jpg,1017,3598,1110,3750
D:\SEM 7\CVProject\datasets\bottles_occluded\image_14.jpg,484,3780,565,3952
D:\SEM 7\CVProject\datasets\bottles_occluded\image_14.jpg,2069,883,2153,1048
D:\SEM 7\CVProject\datasets\bottles_occluded\image_14.jpg,2308,1531,2423,1651
D:\SEM 7\CVProject\datasets\bottles_occluded\image_14.jpg,2571,2092,2635,2306
D:\SEM 7\CVProject\datasets\bottles_occluded\image_14.jpg,2333,3281,2431,3421
D:\SEM 7\CVProject\datasets\bottles_occluded\image_14.jpg,2255,1990,2396,2086
D:\SEM 7\CVProject\datasets\bottles_occluded\image_14.jpg,1338,3881,1452,3999
D:\SEM 7\CVProject\datasets\bottles_occluded\image_14.jpg,2894,2316,2999,2444
D:\SEM 7\CVProject\datasets\bottles_occluded\image_14.jpg,2098,2562,2210,2682
D:\SEM 7\CVProject\datasets\bottles_occluded\image_14.jpg,2703,1406,2783,1572
D:\SEM 7\CVProject\datasets\bottles_occluded\image_14.jpg,2186,3237,2285,3371
D:\SEM 7\CVProject\datasets\bottles_occluded\image_14.jpg,2571,3330,2663,3474
D:\SEM 7\CVProject\datasets\bottles_occluded\image_14.jpg,2887,1050,2967,1213
D:\SEM 7\CVProject\datasets\bottles_occluded\image_14.jpg,2464,1481,2590,1584
D:\SEM 7\CVProject\datasets\bottles_occluded\image_14.jpg,2439,721,2532,857
D:\SEM 7\CVProject\datasets\bottles_occluded\image_14.jpg,2500,3202,2583,3353
D:\SEM 7\CVProject\datasets\bottles_occluded\image_14.jpg,2145,2729,2310,2804
D:\SEM 7\CVProject\datasets\bottles_occluded\image_14.jpg,2869,1126,2960,1261
D:\SEM 7\CVProject\datasets\bottles_occluded\image_14.jpg,2849,0,2973,98
D:\SEM 7\CVProject\datasets\bottles_occluded\image_14.jpg,363,19,431,197
D:\SEM 7\CVProject\datasets\bottles_occluded\image_14.jpg,2243,2404,2340,2528
D:\SEM 7\CVProject\datasets\bottles_occluded\image_14.jpg,2828,476,2970,560
D:\SEM 7\CVProject\datasets\bottles_occluded\image_14.jpg,2894,2406,2999,2519
D:\SEM 7\CVProject\datasets\bottles_occluded\image_14.jpg,359,180,440,326
D:\SEM 7\CVProject\datasets\bottles_occluded\image_14.jpg,1802,191,1939,277
D:\SEM 7\CVProject\datasets\bottles_occluded\image_15.jpg,0,2041,2667,3999
D:\SEM 7\CVProject\datasets\bottles_occluded\image_15.jpg,1048,0,2999,2404
D:\SEM 7\CVProject\datasets\bottles_occluded\image_15.jpg,0,314,1930,1659
D:\SEM 7\CVProject\datasets\bottles_occluded\image_15.jpg,1393,2437,2999,3999
D:\SEM 7\CVProject\datasets\bottles_occluded\image_15.jpg,0,2545,1041,3752
D:\SEM 7\CVProject\datasets\bottles_occluded\image_15.jpg,2342,716,2999,2223
D:\SEM 7\CVProject\datasets\bottles_occluded\image_15.jpg,556,1555,1746,2286
D:\SEM 7\CVProject\datasets\bottles_occluded\image_15.jpg,27,2263,945,2819
D:\SEM 7\CVProject\datasets\bottles_occluded\image_15.jpg,2039,2032,2999,2550
D:\SEM 7\CVProject\datasets\bottles_occluded\image_15.jpg,2561,875,2999,1844
D:\SEM 7\CVProject\datasets\bottles_occluded\image_15.jpg,2387,0,2999,672
D:\SEM 7\CVProject\datasets\bottles_occluded\image_15.jpg,2516,2117,2999,2838
D:\SEM 7\CVProject\datasets\bottles_occluded\image_15.jpg,1607,2301,2404,2686
D:\SEM 7\CVProject\datasets\bottles_occluded\image_15.jpg,1077,1971,1669,2476
D:\SEM 7\CVProject\datasets\bottles_occluded\image_15.jpg,848,2464,1273,3123
D:\SEM 7\CVProject\datasets\bottles_occluded\image_15.jpg,0,3141,344,3912
D:\SEM 7\CVProject\datasets\bottles_occluded\image_15.jpg,210,2746,542,3376
D:\SEM 7\CVProject\datasets\bottles_occluded\image_15.jpg,0,358,419,839
D:\SEM 7\CVProject\datasets\bottles_occluded\image_15.jpg,2485,108,2818,707
D:\SEM 7\CVProject\datasets\bottles_occluded\image_15.jpg,786,1678,1207,2097
D:\SEM 7\CVProject\datasets\bottles_occluded\image_15.jpg,0,1572,561,1884
D:\SEM 7\CVProject\datasets\bottles_occluded\image_15.jpg,20,1651,366,2096
D:\SEM 7\CVProject\datasets\bottles_occluded\image_15.jpg,1378,1769,1671,2265
D:\SEM 7\CVProject\datasets\bottles_occluded\image_15.jpg,1963,2836,2419,3143
D:\SEM 7\CVProject\datasets\bottles_occluded\image_15.jpg,479,1717,924,2023
D:\SEM 7\CVProject\datasets\bottles_occluded\image_15.jpg,2235,2179,2774,2431
D:\SEM 7\CVProject\datasets\bottles_occluded\image_15.jpg,622,123,1053,435
D:\SEM 7\CVProject\datasets\bottles_occluded\image_15.jpg,1908,270,2236,676
D:\SEM 7\CVProject\datasets\bottles_occluded\image_15.jpg,0,804,396,1131
D:\SEM 7\CVProject\datasets\bottles_occluded\image_15.jpg,1819,0,2234,303
D:\SEM 7\CVProject\datasets\bottles_occluded\image_15.jpg,0,660,462,930
D:\SEM 7\CVProject\datasets\bottles_occluded\image_15.jpg,374,75,839,332
D:\SEM 7\CVProject\datasets\bottles_occluded\image_15.jpg,2224,0,2424,593
D:\SEM 7\CVProject\datasets\bottles_occluded\image_15.jpg,1215,2441,1496,2852
D:\SEM 7\CVProject\datasets\bottles_occluded\image_15.jpg,2699,3436,2999,3820
D:\SEM 7\CVProject\datasets\bottles_occluded\image_15.jpg,1287,3700,1651,3999
D:\SEM 7\CVProject\datasets\bottles_occluded\image_15.jpg,1558,352,1891,678
D:\SEM 7\CVProject\datasets\bottles_occluded\image_15.jpg,1447,2497,1764,2837
D:\SEM 7\CVProject\datasets\bottles_occluded\image_15.jpg,1095,109,1403,457
D:\SEM 7\CVProject\datasets\bottles_occluded\image_15.jpg,2649,137,2999,442
D:\SEM 7\CVProject\datasets\bottles_occluded\image_15.jpg,1931,2604,2425,2815
D:\SEM 7\CVProject\datasets\bottles_occluded\image_15.jpg,2263,1734,2522,2129
D:\SEM 7\CVProject\datasets\bottles_occluded\image_15.jpg,710,2092,1043,2391
D:\SEM 7\CVProject\datasets\bottles_occluded\image_15.jpg,1091,1669,1438,1954
D:\SEM 7\CVProject\datasets\bottles_occluded\image_15.jpg,1418,2266,1678,2642
D:\SEM 7\CVProject\datasets\bottles_occluded\image_15.jpg,2137,1497,2501,1755
D:\SEM 7\CVProject\datasets\bottles_occluded\image_15.jpg,197,1690,453,2049
D:\SEM 7\CVProject\datasets\bottles_occluded\image_15.jpg,0,2558,336,2828
D:\SEM 7\CVProject\datasets\bottles_occluded\image_15.jpg,2562,179,2784,581
D:\SEM 7\CVProject\datasets\bottles_occluded\image_15.jpg,1198,2063,1359,2594
D:\SEM 7\CVProject\datasets\bottles_occluded\image_15.jpg,1944,1797,2150,2201
D:\SEM 7\CVProject\datasets\bottles_occluded\image_15.jpg,2472,353,2689,724
D:\SEM 7\CVProject\datasets\bottles_occluded\image_15.jpg,1972,3177,2406,3362
D:\SEM 7\CVProject\datasets\bottles_occluded\image_15.jpg,0,1251,266,1544
D:\SEM 7\CVProject\datasets\bottles_occluded\image_15.jpg,2808,440,2999,821
D:\SEM 7\CVProject\datasets\bottles_occluded\image_15.jpg,2601,3533,2751,3999
D:\SEM 7\CVProject\datasets\bottles_occluded\image_15.jpg,2743,1623,2999,1892
D:\SEM 7\CVProject\datasets\bottles_occluded\image_15.jpg,1604,2441,1855,2715
D:\SEM 7\CVProject\datasets\bottles_occluded\image_15.jpg,2462,2417,2850,2591
D:\SEM 7\CVProject\datasets\bottles_occluded\image_15.jpg,1093,462,1470,641
D:\SEM 7\CVProject\datasets\bottles_occluded\image_15.jpg,2727,3752,2999,3999
D:\SEM 7\CVProject\datasets\bottles_occluded\image_15.jpg,2151,0,2270,558
D:\SEM 7\CVProject\datasets\bottles_occluded\image_15.jpg,376,916,652,1147
D:\SEM 7\CVProject\datasets\bottles_occluded\image_15.jpg,2231,1633,2344,2193
D:\SEM 7\CVProject\datasets\bottles_occluded\image_15.jpg,604,2803,711,3379
D:\SEM 7\CVProject\datasets\bottles_occluded\image_15.jpg,2626,2897,2873,3142
D:\SEM 7\CVProject\datasets\bottles_occluded\image_15.jpg,2468,2843,2584,3354
D:\SEM 7\CVProject\datasets\bottles_occluded\image_15.jpg,701,2862,837,3285
D:\SEM 7\CVProject\datasets\bottles_occluded\image_15.jpg,2880,796,2999,1271
D:\SEM 7\CVProject\datasets\bottles_occluded\image_15.jpg,2355,1860,2601,2090
D:\SEM 7\CVProject\datasets\bottles_occluded\image_15.jpg,1427,58,1632,332
D:\SEM 7\CVProject\datasets\bottles_occluded\image_15.jpg,803,2751,909,3266
D:\SEM 7\CVProject\datasets\bottles_occluded\image_15.jpg,151,3033,411,3235
D:\SEM 7\CVProject\datasets\bottles_occluded\image_15.jpg,92,1585,370,1773
D:\SEM 7\CVProject\datasets\bottles_occluded\image_15.jpg,118,2580,402,2764
D:\SEM 7\CVProject\datasets\bottles_occluded\image_15.jpg,0,57,152,388
D:\SEM 7\CVProject\datasets\bottles_occluded\image_15.jpg,1913,2278,2244,2430
D:\SEM 7\CVProject\datasets\bottles_occluded\image_15.jpg,522,1742,794,1926
D:\SEM 7\CVProject\datasets\bottles_occluded\image_15.jpg,1867,1313,2143,1493
D:\SEM 7\CVProject\datasets\bottles_occluded\image_15.jpg,2334,1937,2560,2156
D:\SEM 7\CVProject\datasets\bottles_occluded\image_15.jpg,2626,1670,2771,2011
D:\SEM 7\CVProject\datasets\bottles_occluded\image_15.jpg,2216,3220,2511,3387
D:\SEM 7\CVProject\datasets\bottles_occluded\image_15.jpg,2319,3645,2507,3902
D:\SEM 7\CVProject\datasets\bottles_occluded\image_15.jpg,2766,1839,2999,2046
D:\SEM 7\CVProject\datasets\bottles_occluded\image_15.jpg,2694,3127,2946,3318
D:\SEM 7\CVProject\datasets\bottles_occluded\image_15.jpg,2577,3428,2698,3821
D:\SEM 7\CVProject\datasets\bottles_occluded\image_15.jpg,1326,2230,1608,2396
D:\SEM 7\CVProject\datasets\bottles_occluded\image_15.jpg,15,394,140,765
D:\SEM 7\CVProject\datasets\bottles_occluded\image_15.jpg,1719,1638,1833,2038
D:\SEM 7\CVProject\datasets\bottles_occluded\image_15.jpg,1779,1579,1946,1852
D:\SEM 7\CVProject\datasets\bottles_occluded\image_15.jpg,1832,854,1976,1166
D:\SEM 7\CVProject\datasets\bottles_occluded\image_15.jpg,1606,2076,1797,2311
D:\SEM 7\CVProject\datasets\bottles_occluded\image_15.jpg,2753,2100,2898,2397
D:\SEM 7\CVProject\datasets\bottles_occluded\image_15.jpg,1535,983,1811,1139
D:\SEM 7\CVProject\datasets\bottles_occluded\image_15.jpg,2060,1169,2375,1302
D:\SEM 7\CVProject\datasets\bottles_occluded\image_15.jpg,1363,1666,1507,1957
D:\SEM 7\CVProject\datasets\bottles_occluded\image_15.jpg,75,2531,335,2692
D:\SEM 7\CVProject\datasets\bottles_occluded\image_15.jpg,230,1688,437,1890
D:\SEM 7\CVProject\datasets\bottles_occluded\image_15.jpg,1979,3300,2285,3433
D:\SEM 7\CVProject\datasets\bottles_occluded\image_15.jpg,1845,1063,2075,1237
D:\SEM 7\CVProject\datasets\bottles_occluded\image_15.jpg,1174,2145,1283,2511
D:\SEM 7\CVProject\datasets\bottles_occluded\image_15.jpg,923,2533,1126,2727
D:\SEM 7\CVProject\datasets\bottles_occluded\image_15.jpg,1771,1022,1887,1360
D:\SEM 7\CVProject\datasets\bottles_occluded\image_15.jpg,2253,1688,2370,2023
D:\SEM 7\CVProject\datasets\bottles_occluded\image_15.jpg,2677,1254,2844,1488
D:\SEM 7\CVProject\datasets\bottles_occluded\image_15.jpg,2882,2441,2999,2774
D:\SEM 7\CVProject\datasets\bottles_occluded\image_15.jpg,1460,2059,1609,2320
D:\SEM 7\CVProject\datasets\bottles_occluded\image_15.jpg,1722,1279,1902,1489
D:\SEM 7\CVProject\datasets\bottles_occluded\image_15.jpg,1220,1896,1463,2050
D:\SEM 7\CVProject\datasets\bottles_occluded\image_15.jpg,1566,2692,1868,2814
D:\SEM 7\CVProject\datasets\bottles_occluded\image_15.jpg,2856,3080,2999,3336
D:\SEM 7\CVProject\datasets\bottles_occluded\image_15.jpg,2408,2037,2661,2178
D:\SEM 7\CVProject\datasets\bottles_occluded\image_15.jpg,2223,2042,2393,2250
D:\SEM 7\CVProject\datasets\bottles_occluded\image_15.jpg,1141,1648,1301,1862
D:\SEM 7\CVProject\datasets\bottles_occluded\image_15.jpg,1670,1876,1801,2136
D:\SEM 7\CVProject\datasets\bottles_occluded\image_15.jpg,2535,391,2676,627
D:\SEM 7\CVProject\datasets\bottles_occluded\image_15.jpg,1284,3756,1420,3999
D:\SEM 7\CVProject\datasets\bottles_occluded\image_15.jpg,2281,0,2343,529
D:\SEM 7\CVProject\datasets\bottles_occluded\image_15.jpg,882,1381,1116,1522
D:\SEM 7\CVProject\datasets\bottles_occluded\image_15.jpg,119,1868,245,2127
D:\SEM 7\CVProject\datasets\bottles_occluded\image_15.jpg,1339,308,1497,513
D:\SEM 7\CVProject\datasets\bottles_occluded\image_15.jpg,1649,1534,1785,1771
D:\SEM 7\CVProject\datasets\bottles_occluded\image_15.jpg,2387,2106,2650,2228
D:\SEM 7\CVProject\datasets\bottles_occluded\image_15.jpg,2745,3438,2949,3595
D:\SEM 7\CVProject\datasets\bottles_occluded\image_15.jpg,2378,669,2535,872
D:\SEM 7\CVProject\datasets\bottles_occluded\image_15.jpg,2458,3433,2599,3658
D:\SEM 7\CVProject\datasets\bottles_occluded\image_15.jpg,658,1797,842,1968
D:\SEM 7\CVProject\datasets\bottles_occluded\image_15.jpg,2517,2129,2706,2294
D:\SEM 7\CVProject\datasets\bottles_occluded\image_15.jpg,176,1315,299,1567
D:\SEM 7\CVProject\datasets\bottles_occluded\image_15.jpg,1653,790,1832,963
D:\SEM 7\CVProject\datasets\bottles_occluded\image_15.jpg,2184,3452,2349,3636
D:\SEM 7\CVProject\datasets\bottles_occluded\image_15.jpg,245,1837,402,2030
D:\SEM 7\CVProject\datasets\bottles_occluded\image_15.jpg,386,173,617,303
D:\SEM 7\CVProject\datasets\bottles_occluded\image_15.jpg,2422,2775,2560,2989
D:\SEM 7\CVProject\datasets\bottles_occluded\image_15.jpg,1649,2266,1848,2414
D:\SEM 7\CVProject\datasets\bottles_occluded\image_15.jpg,2386,2457,2476,2782
D:\SEM 7\CVProject\datasets\bottles_occluded\image_15.jpg,1166,1184,1309,1388
D:\SEM 7\CVProject\datasets\bottles_occluded\image_15.jpg,537,15,735,162
D:\SEM 7\CVProject\datasets\bottles_occluded\image_15.jpg,2091,2092,2221,2309
D:\SEM 7\CVProject\datasets\bottles_occluded\image_15.jpg,1947,915,2190,1030
D:\SEM 7\CVProject\datasets\bottles_occluded\image_15.jpg,0,1791,259,1898
D:\SEM 7\CVProject\datasets\bottles_occluded\image_15.jpg,2176,2535,2363,2681
D:\SEM 7\CVProject\datasets\bottles_occluded\image_15.jpg,1158,24,1289,232
D:\SEM 7\CVProject\datasets\bottles_occluded\image_15.jpg,1589,778,1738,960
D:\SEM 7\CVProject\datasets\bottles_occluded\image_15.jpg,2440,130,2635,269
D:\SEM 7\CVProject\datasets\bottles_occluded\image_15.jpg,1280,67,1443,231
D:\SEM 7\CVProject\datasets\bottles_occluded\image_15.jpg,1930,774,2125,910
D:\SEM 7\CVProject\datasets\bottles_occluded\image_15.jpg,1710,3038,1843,3236
D:\SEM 7\CVProject\datasets\bottles_occluded\image_15.jpg,2762,2548,2905,2732
D:\SEM 7\CVProject\datasets\bottles_occluded\image_15.jpg,437,953,573,1137
D:\SEM 7\CVProject\datasets\bottles_occluded\image_15.jpg,2301,1042,2466,1193
D:\SEM 7\CVProject\datasets\bottles_occluded\image_15.jpg,1882,2124,2007,2323
D:\SEM 7\CVProject\datasets\bottles_occluded\image_15.jpg,319,3327,491,3470
D:\SEM 7\CVProject\datasets\bottles_occluded\image_15.jpg,2871,579,2999,771
D:\SEM 7\CVProject\datasets\bottles_occluded\image_15.jpg,2740,3060,2897,3216
D:\SEM 7\CVProject\datasets\bottles_occluded\image_15.jpg,1895,2865,1951,3290
D:\SEM 7\CVProject\datasets\bottles_occluded\image_15.jpg,2067,2416,2179,2626
D:\SEM 7\CVProject\datasets\bottles_occluded\image_15.jpg,2559,2421,2706,2581
D:\SEM 7\CVProject\datasets\bottles_occluded\image_15.jpg,1398,1575,1545,1735
D:\SEM 7\CVProject\datasets\bottles_occluded\image_15.jpg,2426,3669,2588,3813
D:\SEM 7\CVProject\datasets\bottles_occluded\image_15.jpg,1471,350,1640,488
D:\SEM 7\CVProject\datasets\bottles_occluded\image_15.jpg,2275,3033,2394,3228
D:\SEM 7\CVProject\datasets\bottles_occluded\image_15.jpg,679,564,855,695
D:\SEM 7\CVProject\datasets\bottles_occluded\image_15.jpg,2705,2870,2849,3030
D:\SEM 7\CVProject\datasets\bottles_occluded\image_15.jpg,1394,2409,1496,2634
D:\SEM 7\CVProject\datasets\bottles_occluded\image_15.jpg,2789,2706,2980,2826
D:\SEM 7\CVProject\datasets\bottles_occluded\image_15.jpg,870,339,1064,457
D:\SEM 7\CVProject\datasets\bottles_occluded\image_15.jpg,2852,1175,2992,1338
D:\SEM 7\CVProject\datasets\bottles_occluded\image_15.jpg,2132,2672,2320,2792
D:\SEM 7\CVProject\datasets\bottles_occluded\image_15.jpg,627,1603,788,1743
D:\SEM 7\CVProject\datasets\bottles_occluded\image_15.jpg,2869,2262,2999,2435
D:\SEM 7\CVProject\datasets\bottles_occluded\image_15.jpg,2453,3705,2569,3898
D:\SEM 7\CVProject\datasets\bottles_occluded\image_15.jpg,1867,1292,1957,1539
D:\SEM 7\CVProject\datasets\bottles_occluded\image_15.jpg,1275,2237,1390,2430
D:\SEM 7\CVProject\datasets\bottles_occluded\image_15.jpg,0,1900,150,2048
D:\SEM 7\CVProject\datasets\bottles_occluded\image_15.jpg,634,1005,841,1112
D:\SEM 7\CVProject\datasets\bottles_occluded\image_15.jpg,2593,1244,2698,1452
D:\SEM 7\CVProject\datasets\bottles_occluded\image_15.jpg,452,1677,634,1797
D:\SEM 7\CVProject\datasets\bottles_occluded\image_15.jpg,2660,3069,2782,3247
D:\SEM 7\CVProject\datasets\bottles_occluded\image_15.jpg,2277,1939,2375,2160
D:\SEM 7\CVProject\datasets\bottles_occluded\image_15.jpg,2233,730,2448,830
D:\SEM 7\CVProject\datasets\bottles_occluded\image_15.jpg,113,3075,223,3270
D:\SEM 7\CVProject\datasets\bottles_occluded\image_15.jpg,277,983,421,1132
D:\SEM 7\CVProject\datasets\bottles_occluded\image_15.jpg,20,1960,147,2128
D:\SEM 7\CVProject\datasets\bottles_occluded\image_15.jpg,1408,2296,1532,2467
D:\SEM 7\CVProject\datasets\bottles_occluded\image_15.jpg,2382,3695,2498,3877
D:\SEM 7\CVProject\datasets\bottles_occluded\image_15.jpg,1536,1019,1679,1166
D:\SEM 7\CVProject\datasets\bottles_occluded\image_15.jpg,459,1833,643,1947
D:\SEM 7\CVProject\datasets\bottles_occluded\image_15.jpg,1508,850,1692,964
D:\SEM 7\CVProject\datasets\bottles_occluded\image_15.jpg,2747,3862,2898,3999
D:\SEM 7\CVProject\datasets\bottles_occluded\image_15.jpg,2206,1001,2332,1164
D:\SEM 7\CVProject\datasets\bottles_occluded\image_15.jpg,2474,1450,2593,1622
D:\SEM 7\CVProject\datasets\bottles_occluded\image_15.jpg,140,3360,316,3476
D:\SEM 7\CVProject\datasets\bottles_occluded\image_15.jpg,1356,3879,1525,3999
D:\SEM 7\CVProject\datasets\bottles_occluded\image_15.jpg,2025,2284,2158,2436
D:\SEM 7\CVProject\datasets\bottles_occluded\image_15.jpg,1183,1775,1321,1919
D:\SEM 7\CVProject\datasets\bottles_occluded\image_15.jpg,2055,2609,2195,2750
D:\SEM 7\CVProject\datasets\bottles_occluded\image_15.jpg,2079,1812,2212,1958
D:\SEM 7\CVProject\datasets\bottles_occluded\image_15.jpg,2023,597,2143,758
D:\SEM 7\CVProject\datasets\bottles_occluded\image_15.jpg,1861,2436,1913,2804
D:\SEM 7\CVProject\datasets\bottles_occluded\image_15.jpg,2010,677,2208,774
D:\SEM 7\CVProject\datasets\bottles_occluded\image_15.jpg,1915,356,2011,555
D:\SEM 7\CVProject\datasets\bottles_occluded\image_15.jpg,2666,3151,2846,3257
D:\SEM 7\CVProject\datasets\bottles_occluded\image_15.jpg,2854,32,2999,163
D:\SEM 7\CVProject\datasets\bottles_occluded\image_15.jpg,1096,1796,1234,1932
D:\SEM 7\CVProject\datasets\bottles_occluded\image_15.jpg,970,1554,1182,1641
D:\SEM 7\CVProject\datasets\bottles_occluded\image_15.jpg,1935,1947,2027,2147
D:\SEM 7\CVProject\datasets\bottles_occluded\image_15.jpg,2316,3022,2431,3182
D:\SEM 7\CVProject\datasets\bottles_occluded\image_15.jpg,2442,3145,2539,3334
D:\SEM 7\CVProject\datasets\bottles_occluded\image_15.jpg,1057,149,1169,312
D:\SEM 7\CVProject\datasets\bottles_occluded\image_15.jpg,527,679,641,839
D:\SEM 7\CVProject\datasets\bottles_occluded\image_15.jpg,98,3232,201,3409
D:\SEM 7\CVProject\datasets\bottles_occluded\image_15.jpg,2576,3169,2683,3338
D:\SEM 7\CVProject\datasets\bottles_occluded\image_15.jpg,2904,3555,2996,3751
D:\SEM 7\CVProject\datasets\bottles_occluded\image_15.jpg,2759,3529,2858,3711
D:\SEM 7\CVProject\datasets\bottles_occluded\image_15.jpg,1363,246,1488,390
D:\SEM 7\CVProject\datasets\bottles_occluded\image_15.jpg,2796,3623,2900,3796
D:\SEM 7\CVProject\datasets\bottles_occluded\image_15.jpg,2869,3625,2984,3781
D:\SEM 7\CVProject\datasets\bottles_occluded\image_15.jpg,1709,2556,1821,2716
D:\SEM 7\CVProject\datasets\bottles_occluded\image_15.jpg,1304,2082,1386,2300
D:\SEM 7\CVProject\datasets\bottles_occluded\image_15.jpg,2665,2465,2822,2579
D:\SEM 7\CVProject\datasets\bottles_occluded\image_15.jpg,1141,679,1272,815
D:\SEM 7\CVProject\datasets\bottles_occluded\image_15.jpg,151,1833,252,2009
D:\SEM 7\CVProject\datasets\bottles_occluded\image_15.jpg,1952,1363,2065,1518
D:\SEM 7\CVProject\datasets\bottles_occluded\image_15.jpg,2504,2648,2611,2810
D:\SEM 7\CVProject\datasets\bottles_occluded\image_15.jpg,2456,2491,2576,2635
D:\SEM 7\CVProject\datasets\bottles_occluded\image_15.jpg,1891,1075,2004,1227
D:\SEM 7\CVProject\datasets\bottles_occluded\image_15.jpg,1437,1865,1539,2033
D:\SEM 7\CVProject\datasets\bottles_occluded\image_15.jpg,1440,132,1524,335
D:\SEM 7\CVProject\datasets\bottles_occluded\image_15.jpg,2529,3743,2645,3890
D:\SEM 7\CVProject\datasets\bottles_occluded\image_15.jpg,2639,3417,2746,3576
D:\SEM 7\CVProject\datasets\bottles_occluded\image_15.jpg,1686,1839,1769,2043
D:\SEM 7\CVProject\datasets\bottles_occluded\image_15.jpg,2357,2052,2477,2193
D:\SEM 7\CVProject\datasets\bottles_occluded\image_15.jpg,2581,3515,2649,3763
D:\SEM 7\CVProject\datasets\bottles_occluded\image_15.jpg,0,2437,54,2746
D:\SEM 7\CVProject\datasets\bottles_occluded\image_15.jpg,1096,272,1180,471
D:\SEM 7\CVProject\datasets\bottles_occluded\image_15.jpg,1558,2885,1671,3032
D:\SEM 7\CVProject\datasets\bottles_occluded\image_15.jpg,955,1241,1089,1364
D:\SEM 7\CVProject\datasets\bottles_occluded\image_15.jpg,463,1565,612,1675
D:\SEM 7\CVProject\datasets\bottles_occluded\image_15.jpg,2000,1911,2069,2147
D:\SEM 7\CVProject\datasets\bottles_occluded\image_15.jpg,1633,50,1702,286
D:\SEM 7\CVProject\datasets\bottles_occluded\image_15.jpg,1773,2832,1857,3025
D:\SEM 7\CVProject\datasets\bottles_occluded\image_15.jpg,1542,8,1739,90
D:\SEM 7\CVProject\datasets\bottles_occluded\image_15.jpg,207,1872,316,2020
D:\SEM 7\CVProject\datasets\bottles_occluded\image_15.jpg,1735,226,1822,410
D:\SEM 7\CVProject\datasets\bottles_occluded\image_15.jpg,2011,1892,2098,2076
D:\SEM 7\CVProject\datasets\bottles_occluded\image_15.jpg,1451,753,1554,908
D:\SEM 7\CVProject\datasets\bottles_occluded\image_15.jpg,241,3031,412,3124
D:\SEM 7\CVProject\datasets\bottles_occluded\image_15.jpg,1687,771,1847,870
D:\SEM 7\CVProject\datasets\bottles_occluded\image_15.jpg,970,2554,1083,2694
D:\SEM 7\CVProject\datasets\bottles_occluded\image_15.jpg,2400,983,2512,1124
D:\SEM 7\CVProject\datasets\bottles_occluded\image_15.jpg,1709,1179,1768,1443
D:\SEM 7\CVProject\datasets\bottles_occluded\image_15.jpg,2737,2963,2824,3142
D:\SEM 7\CVProject\datasets\bottles_occluded\image_15.jpg,2701,3611,2785,3796
D:\SEM 7\CVProject\datasets\bottles_occluded\image_15.jpg,3,3395,60,3663
D:\SEM 7\CVProject\datasets\bottles_occluded\image_15.jpg,2066,1614,2113,1936
D:\SEM 7\CVProject\datasets\bottles_occluded\image_15.jpg,1754,479,1873,607
D:\SEM 7\CVProject\datasets\bottles_occluded\image_15.jpg,304,1714,436,1829
D:\SEM 7\CVProject\datasets\bottles_occluded\image_15.jpg,1844,264,1938,425
D:\SEM 7\CVProject\datasets\bottles_occluded\image_15.jpg,2109,2617,2238,2733
D:\SEM 7\CVProject\datasets\bottles_occluded\image_15.jpg,1930,2060,2040,2196
D:\SEM 7\CVProject\datasets\bottles_occluded\image_15.jpg,2815,1779,2999,1860
D:\SEM 7\CVProject\datasets\bottles_occluded\image_15.jpg,1399,662,1512,793
D:\SEM 7\CVProject\datasets\bottles_occluded\image_15.jpg,629,0,742,130
D:\SEM 7\CVProject\datasets\bottles_occluded\image_15.jpg,2093,1946,2151,2198
D:\SEM 7\CVProject\datasets\bottles_occluded\image_15.jpg,2572,415,2666,571
D:\SEM 7\CVProject\datasets\bottles_occluded\image_15.jpg,682,1783,848,1871
D:\SEM 7\CVProject\datasets\bottles_occluded\image_15.jpg,1325,3014,1418,3171
D:\SEM 7\CVProject\datasets\bottles_occluded\image_15.jpg,1531,492,1611,674
D:\SEM 7\CVProject\datasets\bottles_occluded\image_15.jpg,2820,2510,2914,2664
D:\SEM 7\CVProject\datasets\bottles_occluded\image_15.jpg,2673,2897,2786,3025
D:\SEM 7\CVProject\datasets\bottles_occluded\image_15.jpg,1953,3243,2060,3377
D:\SEM 7\CVProject\datasets\bottles_occluded\image_15.jpg,290,1897,449,1987
D:\SEM 7\CVProject\datasets\bottles_occluded\image_15.jpg,2840,687,2956,810
D:\SEM 7\CVProject\datasets\bottles_occluded\image_15.jpg,1363,336,1472,466
D:\SEM 7\CVProject\datasets\bottles_occluded\image_15.jpg,379,1860,515,1964
D:\SEM 7\CVProject\datasets\bottles_occluded\image_15.jpg,2183,1943,2256,2136
D:\SEM 7\CVProject\datasets\bottles_occluded\image_15.jpg,762,1379,878,1500
D:\SEM 7\CVProject\datasets\bottles_occluded\image_15.jpg,746,2105,854,2234
D:\SEM 7\CVProject\datasets\bottles_occluded\image_15.jpg,1569,1294,1718,1387
D:\SEM 7\CVProject\datasets\bottles_occluded\image_15.jpg,443,3176,536,3324
D:\SEM 7\CVProject\datasets\bottles_occluded\image_15.jpg,257,1138,336,1311
D:\SEM 7\CVProject\datasets\bottles_occluded\image_15.jpg,2060,1974,2116,2217
D:\SEM 7\CVProject\datasets\bottles_occluded\image_15.jpg,1529,2480,1630,2615
D:\SEM 7\CVProject\datasets\bottles_occluded\image_15.jpg,2321,2583,2422,2718
D:\SEM 7\CVProject\datasets\bottles_occluded\image_15.jpg,2171,2035,2251,2204
D:\SEM 7\CVProject\datasets\bottles_occluded\image_15.jpg,2532,2480,2658,2587
D:\SEM 7\CVProject\datasets\bottles_occluded\image_15.jpg,934,2565,1026,2711
D:\SEM 7\CVProject\datasets\bottles_occluded\image_15.jpg,2946,1591,2999,1843
D:\SEM 7\CVProject\datasets\bottles_occluded\image_15.jpg,2525,2825,2594,3019
D:\SEM 7\CVProject\datasets\bottles_occluded\image_15.jpg,1747,0,1814,199
D:\SEM 7\CVProject\datasets\bottles_occluded\image_15.jpg,2199,3509,2301,3640
D:\SEM 7\CVProject\datasets\bottles_occluded\image_15.jpg,143,1690,281,1786
D:\SEM 7\CVProject\datasets\bottles_occluded\image_15.jpg,1318,1768,1417,1901
D:\SEM 7\CVProject\datasets\bottles_occluded\image_15.jpg,1448,14,1539,158
D:\SEM 7\CVProject\datasets\bottles_occluded\image_15.jpg,739,725,841,853
D:\SEM 7\CVProject\datasets\bottles_occluded\image_15.jpg,1146,34,1236,179
D:\SEM 7\CVProject\datasets\bottles_occluded\image_15.jpg,1675,375,1751,546
D:\SEM 7\CVProject\datasets\bottles_occluded\image_15.jpg,2404,1360,2496,1501
D:\SEM 7\CVProject\datasets\bottles_occluded\image_15.jpg,1360,624,1465,747
D:\SEM 7\CVProject\datasets\bottles_occluded\image_15.jpg,1140,754,1239,884
D:\SEM 7\CVProject\datasets\bottles_occluded\image_15.jpg,2217,3589,2319,3715
D:\SEM 7\CVProject\datasets\bottles_occluded\image_15.jpg,1720,1718,1793,1893
D:\SEM 7\CVProject\datasets\bottles_occluded\image_15.jpg,2004,911,2121,1020
D:\SEM 7\CVProject\datasets\bottles_occluded\image_15.jpg,1979,2146,2104,2248
D:\SEM 7\CVProject\datasets\bottles_occluded\image_15.jpg,2951,900,2999,1163
D:\SEM 7\CVProject\datasets\bottles_occluded\image_15.jpg,2366,2237,2533,2313
D:\SEM 7\CVProject\datasets\bottles_occluded\image_15.jpg,1448,397,1512,595
D:\SEM 7\CVProject\datasets\bottles_occluded\image_15.jpg,2253,2282,2375,2386
D:\SEM 7\CVProject\datasets\bottles_occluded\image_15.jpg,2812,3289,2944,3385
D:\SEM 7\CVProject\datasets\bottles_occluded\image_15.jpg,491,357,582,496
D:\SEM 7\CVProject\datasets\bottles_occluded\image_15.jpg,1799,2579,1883,2729
D:\SEM 7\CVProject\datasets\bottles_occluded\image_15.jpg,1140,2919,1236,3050
D:\SEM 7\CVProject\datasets\bottles_occluded\image_15.jpg,636,1796,793,1876
D:\SEM 7\CVProject\datasets\bottles_occluded\image_15.jpg,608,1583,691,1734
D:\SEM 7\CVProject\datasets\bottles_occluded\image_15.jpg,2040,2194,2104,2389
D:\SEM 7\CVProject\datasets\bottles_occluded\image_15.jpg,1638,1998,1703,2190
D:\SEM 7\CVProject\datasets\bottles_occluded\image_15.jpg,2106,2880,2248,2968
D:\SEM 7\CVProject\datasets\bottles_occluded\image_15.jpg,388,1426,507,1531
D:\SEM 7\CVProject\datasets\bottles_occluded\image_15.jpg,2426,608,2520,739
D:\SEM 7\CVProject\datasets\bottles_occluded\image_15.jpg,1951,699,2030,854
D:\SEM 7\CVProject\datasets\bottles_occluded\image_15.jpg,1593,1748,1668,1911
D:\SEM 7\CVProject\datasets\bottles_occluded\image_15.jpg,178,1981,323,2064
D:\SEM 7\CVProject\datasets\bottles_occluded\image_15.jpg,2564,3072,2675,3180
D:\SEM 7\CVProject\datasets\bottles_occluded\image_15.jpg,2302,1022,2409,1134
D:\SEM 7\CVProject\datasets\bottles_occluded\image_15.jpg,1,302,108,414
D:\SEM 7\CVProject\datasets\bottles_occluded\image_15.jpg,2466,2009,2542,2166
D:\SEM 7\CVProject\datasets\bottles_occluded\image_15.jpg,2627,1965,2712,2105
D:\SEM 7\CVProject\datasets\bottles_occluded\image_15.jpg,2496,1645,2595,1765
D:\SEM 7\CVProject\datasets\bottles_occluded\image_15.jpg,1481,1240,1593,1346
D:\SEM 7\CVProject\datasets\bottles_occluded\image_15.jpg,392,1747,525,1836
D:\SEM 7\CVProject\datasets\bottles_occluded\image_15.jpg,574,1369,655,1515
D:\SEM 7\CVProject\datasets\bottles_occluded\image_15.jpg,1174,58,1259,197
D:\SEM 7\CVProject\datasets\bottles_occluded\image_15.jpg,1635,809,1730,933
D:\SEM 7\CVProject\datasets\bottles_occluded\image_16.jpg,98,0,2999,3148
D:\SEM 7\CVProject\datasets\bottles_occluded\image_16.jpg,0,1431,2215,3999
D:\SEM 7\CVProject\datasets\bottles_occluded\image_16.jpg,103,0,1335,1091
D:\SEM 7\CVProject\datasets\bottles_occluded\image_16.jpg,160,1732,1260,2924
D:\SEM 7\CVProject\datasets\bottles_occluded\image_16.jpg,2312,0,2999,1514
D:\SEM 7\CVProject\datasets\bottles_occluded\image_16.jpg,0,972,1387,1645
D:\SEM 7\CVProject\datasets\bottles_occluded\image_16.jpg,0,1634,530,3038
D:\SEM 7\CVProject\datasets\bottles_occluded\image_16.jpg,1452,3146,2315,3999
D:\SEM 7\CVProject\datasets\bottles_occluded\image_16.jpg,2221,3134,2858,3999
D:\SEM 7\CVProject\datasets\bottles_occluded\image_16.jpg,0,453,516,1314
D:\SEM 7\CVProject\datasets\bottles_occluded\image_16.jpg,305,1589,972,2054
D:\SEM 7\CVProject\datasets\bottles_occluded\image_16.jpg,2568,2844,2999,3545
D:\SEM 7\CVProject\datasets\bottles_occluded\image_16.jpg,32,1761,275,2998
D:\SEM 7\CVProject\datasets\bottles_occluded\image_16.jpg,0,0,457,617
D:\SEM 7\CVProject\datasets\bottles_occluded\image_16.jpg,2371,3506,2936,3999
D:\SEM 7\CVProject\datasets\bottles_occluded\image_16.jpg,265,381,743,933
D:\SEM 7\CVProject\datasets\bottles_occluded\image_16.jpg,2386,2674,2999,3090
D:\SEM 7\CVProject\datasets\bottles_occluded\image_16.jpg,0,1085,790,1405
D:\SEM 7\CVProject\datasets\bottles_occluded\image_16.jpg,0,3318,377,3949
D:\SEM 7\CVProject\datasets\bottles_occluded\image_16.jpg,0,1600,283,2389
D:\SEM 7\CVProject\datasets\bottles_occluded\image_16.jpg,1321,1588,1862,1984
D:\SEM 7\CVProject\datasets\bottles_occluded\image_16.jpg,1420,0,1654,900
D:\SEM 7\CVProject\datasets\bottles_occluded\image_16.jpg,633,750,1179,1132
D:\SEM 7\CVProject\datasets\bottles_occluded\image_16.jpg,2169,3143,2384,3980
D:\SEM 7\CVProject\datasets\bottles_occluded\image_16.jpg,82,319,405,862
D:\SEM 7\CVProject\datasets\bottles_occluded\image_16.jpg,2265,2617,2680,3017
D:\SEM 7\CVProject\datasets\bottles_occluded\image_16.jpg,196,3032,538,3473
D:\SEM 7\CVProject\datasets\bottles_occluded\image_16.jpg,1828,3413,2314,3712
D:\SEM 7\CVProject\datasets\bottles_occluded\image_16.jpg,927,1217,1375,1533
D:\SEM 7\CVProject\datasets\bottles_occluded\image_16.jpg,2370,3179,2676,3634
D:\SEM 7\CVProject\datasets\bottles_occluded\image_16.jpg,1914,3696,2361,3999
D:\SEM 7\CVProject\datasets\bottles_occluded\image_16.jpg,1246,1494,1602,1851
D:\SEM 7\CVProject\datasets\bottles_occluded\image_16.jpg,2312,3120,2718,3427
D:\SEM 7\CVProject\datasets\bottles_occluded\image_16.jpg,260,2483,483,2987
D:\SEM 7\CVProject\datasets\bottles_occluded\image_16.jpg,2402,1583,2787,1869
D:\SEM 7\CVProject\datasets\bottles_occluded\image_16.jpg,2772,28,2999,487
D:\SEM 7\CVProject\datasets\bottles_occluded\image_16.jpg,1928,2938,2217,3287
D:\SEM 7\CVProject\datasets\bottles_occluded\image_16.jpg,976,359,1216,770
D:\SEM 7\CVProject\datasets\bottles_occluded\image_16.jpg,253,134,534,482
D:\SEM 7\CVProject\datasets\bottles_occluded\image_16.jpg,2161,2984,2463,3306
D:\SEM 7\CVProject\datasets\bottles_occluded\image_16.jpg,2144,1315,2434,1649
D:\SEM 7\CVProject\datasets\bottles_occluded\image_16.jpg,1340,2518,1692,2791
D:\SEM 7\CVProject\datasets\bottles_occluded\image_16.jpg,2365,3426,2770,3658
D:\SEM 7\CVProject\datasets\bottles_occluded\image_16.jpg,2160,2280,2512,2546
D:\SEM 7\CVProject\datasets\bottles_occluded\image_16.jpg,1244,79,1381,757
D:\SEM 7\CVProject\datasets\bottles_occluded\image_16.jpg,916,1742,1137,2154
D:\SEM 7\CVProject\datasets\bottles_occluded\image_16.jpg,0,631,193,1098
D:\SEM 7\CVProject\datasets\bottles_occluded\image_16.jpg,2806,3544,2999,3999
D:\SEM 7\CVProject\datasets\bottles_occluded\image_16.jpg,2639,2665,2999,2909
D:\SEM 7\CVProject\datasets\bottles_occluded\image_16.jpg,2738,362,2999,695
D:\SEM 7\CVProject\datasets\bottles_occluded\image_16.jpg,1946,3232,2261,3484
D:\SEM 7\CVProject\datasets\bottles_occluded\image_16.jpg,989,1411,1337,1633
D:\SEM 7\CVProject\datasets\bottles_occluded\image_16.jpg,2489,3795,2858,3999
D:\SEM 7\CVProject\datasets\bottles_occluded\image_16.jpg,1918,910,2200,1175
D:\SEM 7\CVProject\datasets\bottles_occluded\image_16.jpg,1729,1919,2064,2141
D:\SEM 7\CVProject\datasets\bottles_occluded\image_16.jpg,2503,1895,2833,2118
D:\SEM 7\CVProject\datasets\bottles_occluded\image_16.jpg,2566,2434,2936,2631
D:\SEM 7\CVProject\datasets\bottles_occluded\image_16.jpg,277,510,547,772
D:\SEM 7\CVProject\datasets\bottles_occluded\image_16.jpg,134,788,432,1016
D:\SEM 7\CVProject\datasets\bottles_occluded\image_16.jpg,1326,142,1431,784
D:\SEM 7\CVProject\datasets\bottles_occluded\image_16.jpg,2835,3191,2999,3596
D:\SEM 7\CVProject\datasets\bottles_occluded\image_16.jpg,1732,2133,2095,2309
D:\SEM 7\CVProject\datasets\bottles_occluded\image_16.jpg,0,1344,207,1652
D:\SEM 7\CVProject\datasets\bottles_occluded\image_16.jpg,2119,2068,2471,2247
D:\SEM 7\CVProject\datasets\bottles_occluded\image_16.jpg,2569,197,2783,470
D:\SEM 7\CVProject\datasets\bottles_occluded\image_16.jpg,845,1963,987,2370
D:\SEM 7\CVProject\datasets\bottles_occluded\image_16.jpg,2453,3327,2753,3516
D:\SEM 7\CVProject\datasets\bottles_occluded\image_16.jpg,358,3514,550,3805
D:\SEM 7\CVProject\datasets\bottles_occluded\image_16.jpg,249,849,596,1007
D:\SEM 7\CVProject\datasets\bottles_occluded\image_16.jpg,1853,460,2128,656
D:\SEM 7\CVProject\datasets\bottles_occluded\image_16.jpg,1738,1559,2013,1753
D:\SEM 7\CVProject\datasets\bottles_occluded\image_16.jpg,180,2246,289,2733
D:\SEM 7\CVProject\datasets\bottles_occluded\image_16.jpg,1,517,149,875
D:\SEM 7\CVProject\datasets\bottles_occluded\image_16.jpg,245,2291,318,3006
D:\SEM 7\CVProject\datasets\bottles_occluded\image_16.jpg,1224,759,1411,1036
D:\SEM 7\CVProject\datasets\bottles_occluded\image_16.jpg,2222,3171,2337,3615
D:\SEM 7\CVProject\datasets\bottles_occluded\image_16.jpg,1936,1124,2081,1472
D:\SEM 7\CVProject\datasets\bottles_occluded\image_16.jpg,2816,2713,2999,2987
D:\SEM 7\CVProject\datasets\bottles_occluded\image_16.jpg,74,1399,396,1553
D:\SEM 7\CVProject\datasets\bottles_occluded\image_16.jpg,1606,3540,1807,3783
D:\SEM 7\CVProject\datasets\bottles_occluded\image_16.jpg,1092,35,1269,308
D:\SEM 7\CVProject\datasets\bottles_occluded\image_16.jpg,2573,2685,2696,3076
D:\SEM 7\CVProject\datasets\bottles_occluded\image_16.jpg,272,439,426,745
D:\SEM 7\CVProject\datasets\bottles_occluded\image_16.jpg,161,2442,257,2931
D:\SEM 7\CVProject\datasets\bottles_occluded\image_16.jpg,2667,2316,2888,2527
D:\SEM 7\CVProject\datasets\bottles_occluded\image_16.jpg,2056,3275,2233,3533
D:\SEM 7\CVProject\datasets\bottles_occluded\image_16.jpg,1615,972,1795,1224
D:\SEM 7\CVProject\datasets\bottles_occluded\image_16.jpg,1772,3368,1919,3670
D:\SEM 7\CVProject\datasets\bottles_occluded\image_16.jpg,1640,292,1864,490
D:\SEM 7\CVProject\datasets\bottles_occluded\image_16.jpg,2302,2882,2555,3057
D:\SEM 7\CVProject\datasets\bottles_occluded\image_16.jpg,2701,3174,2819,3546
D:\SEM 7\CVProject\datasets\bottles_occluded\image_16.jpg,783,2012,908,2361
D:\SEM 7\CVProject\datasets\bottles_occluded\image_16.jpg,2708,3090,2999,3236
D:\SEM 7\CVProject\datasets\bottles_occluded\image_16.jpg,1474,1424,1733,1588
D:\SEM 7\CVProject\datasets\bottles_occluded\image_16.jpg,1298,1225,1514,1420
D:\SEM 7\CVProject\datasets\bottles_occluded\image_16.jpg,2030,1247,2252,1436
D:\SEM 7\CVProject\datasets\bottles_occluded\image_16.jpg,1374,2526,1613,2701
D:\SEM 7\CVProject\datasets\bottles_occluded\image_16.jpg,1656,1285,1813,1550
D:\SEM 7\CVProject\datasets\bottles_occluded\image_16.jpg,0,3782,223,3966
D:\SEM 7\CVProject\datasets\bottles_occluded\image_16.jpg,1730,38,1972,207
D:\SEM 7\CVProject\datasets\bottles_occluded\image_16.jpg,2085,1596,2231,1872
D:\SEM 7\CVProject\datasets\bottles_occluded\image_16.jpg,0,1155,163,1400
D:\SEM 7\CVProject\datasets\bottles_occluded\image_16.jpg,1559,979,1658,1379
D:\SEM 7\CVProject\datasets\bottles_occluded\image_16.jpg,1080,1548,1294,1732
D:\SEM 7\CVProject\datasets\bottles_occluded\image_16.jpg,2235,1970,2432,2169
D:\SEM 7\CVProject\datasets\bottles_occluded\image_16.jpg,911,1957,1028,2284
D:\SEM 7\CVProject\datasets\bottles_occluded\image_16.jpg,104,529,387,664
D:\SEM 7\CVProject\datasets\bottles_occluded\image_16.jpg,24,1635,175,1888
D:\SEM 7\CVProject\datasets\bottles_occluded\image_16.jpg,1536,557,1705,782
D:\SEM 7\CVProject\datasets\bottles_occluded\image_16.jpg,1430,3048,1593,3280
D:\SEM 7\CVProject\datasets\bottles_occluded\image_16.jpg,2484,3092,2707,3253
D:\SEM 7\CVProject\datasets\bottles_occluded\image_16.jpg,160,127,277,432
D:\SEM 7\CVProject\datasets\bottles_occluded\image_16.jpg,2199,1584,2403,1759
D:\SEM 7\CVProject\datasets\bottles_occluded\image_16.jpg,524,0,766,145
D:\SEM 7\CVProject\datasets\bottles_occluded\image_16.jpg,2660,3747,2799,3999
D:\SEM 7\CVProject\datasets\bottles_occluded\image_16.jpg,2888,2256,2986,2610
D:\SEM 7\CVProject\datasets\bottles_occluded\image_16.jpg,1946,3176,2061,3477
D:\SEM 7\CVProject\datasets\bottles_occluded\image_16.jpg,2748,1295,2999,1432
D:\SEM 7\CVProject\datasets\bottles_occluded\image_16.jpg,1762,661,1927,869
D:\SEM 7\CVProject\datasets\bottles_occluded\image_16.jpg,1875,1741,2051,1928
D:\SEM 7\CVProject\datasets\bottles_occluded\image_16.jpg,2211,2451,2417,2610
D:\SEM 7\CVProject\datasets\bottles_occluded\image_16.jpg,1303,1045,1503,1208
D:\SEM 7\CVProject\datasets\bottles_occluded\image_16.jpg,132,986,340,1141
D:\SEM 7\CVProject\datasets\bottles_occluded\image_16.jpg,2289,2518,2531,2651
D:\SEM 7\CVProject\datasets\bottles_occluded\image_16.jpg,2305,3686,2407,3999
D:\SEM 7\CVProject\datasets\bottles_occluded\image_16.jpg,669,1201,821,1410
D:\SEM 7\CVProject\datasets\bottles_occluded\image_16.jpg,479,553,605,804
D:\SEM 7\CVProject\datasets\bottles_occluded\image_16.jpg,2805,3423,2960,3626
D:\SEM 7\CVProject\datasets\bottles_occluded\image_16.jpg,355,1841,551,2000
D:\SEM 7\CVProject\datasets\bottles_occluded\image_16.jpg,2816,1897,2910,2221
D:\SEM 7\CVProject\datasets\bottles_occluded\image_16.jpg,1065,1213,1254,1374
D:\SEM 7\CVProject\datasets\bottles_occluded\image_16.jpg,2145,755,2280,978
D:\SEM 7\CVProject\datasets\bottles_occluded\image_16.jpg,1951,1301,2079,1536
D:\SEM 7\CVProject\datasets\bottles_occluded\image_16.jpg,2576,3271,2709,3497
D:\SEM 7\CVProject\datasets\bottles_occluded\image_16.jpg,2612,2108,2864,2227
D:\SEM 7\CVProject\datasets\bottles_occluded\image_16.jpg,2897,716,2976,1092
D:\SEM 7\CVProject\datasets\bottles_occluded\image_16.jpg,0,3312,249,3430
D:\SEM 7\CVProject\datasets\bottles_occluded\image_16.jpg,2415,2212,2569,2402
D:\SEM 7\CVProject\datasets\bottles_occluded\image_16.jpg,2449,923,2624,1089
D:\SEM 7\CVProject\datasets\bottles_occluded\image_16.jpg,2758,1495,2823,1939
D:\SEM 7\CVProject\datasets\bottles_occluded\image_16.jpg,2840,3106,2946,3379
D:\SEM 7\CVProject\datasets\bottles_occluded\image_16.jpg,1606,0,1748,204
D:\SEM 7\CVProject\datasets\bottles_occluded\image_16.jpg,2873,1880,2999,2109
D:\SEM 7\CVProject\datasets\bottles_occluded\image_16.jpg,2527,3657,2669,3860
D:\SEM 7\CVProject\datasets\bottles_occluded\image_16.jpg,2761,2372,2925,2547
D:\SEM 7\CVProject\datasets\bottles_occluded\image_16.jpg,263,3872,488,3999
D:\SEM 7\CVProject\datasets\bottles_occluded\image_16.jpg,109,371,289,529
D:\SEM 7\CVProject\datasets\bottles_occluded\image_16.jpg,1946,2004,2083,2207
D:\SEM 7\CVProject\datasets\bottles_occluded\image_16.jpg,2381,2974,2629,3086
D:\SEM 7\CVProject\datasets\bottles_occluded\image_16.jpg,1499,855,1617,1090
D:\SEM 7\CVProject\datasets\bottles_occluded\image_16.jpg,2101,2284,2176,2650
D:\SEM 7\CVProject\datasets\bottles_occluded\image_16.jpg,24,854,157,1060
D:\SEM 7\CVProject\datasets\bottles_occluded\image_16.jpg,2343,2378,2484,2571
D:\SEM 7\CVProject\datasets\bottles_occluded\image_16.jpg,1556,238,1669,476
D:\SEM 7\CVProject\datasets\bottles_occluded\image_16.jpg,1511,1197,1629,1424
D:\SEM 7\CVProject\datasets\bottles_occluded\image_16.jpg,2833,2604,2999,2763
D:\SEM 7\CVProject\datasets\bottles_occluded\image_16.jpg,2765,315,2861,588
D:\SEM 7\CVProject\datasets\bottles_occluded\image_16.jpg,2181,3810,2319,3999
D:\SEM 7\CVProject\datasets\bottles_occluded\image_16.jpg,1422,639,1502,959
D:\SEM 7\CVProject\datasets\bottles_occluded\image_16.jpg,2006,3493,2158,3661
D:\SEM 7\CVProject\datasets\bottles_occluded\image_16.jpg,2005,1536,2201,1666
D:\SEM 7\CVProject\datasets\bottles_occluded\image_16.jpg,2783,1045,2971,1180
D:\SEM 7\CVProject\datasets\bottles_occluded\image_16.jpg,2183,1679,2351,1829
D:\SEM 7\CVProject\datasets\bottles_occluded\image_16.jpg,2305,3282,2382,3608
D:\SEM 7\CVProject\datasets\bottles_occluded\image_16.jpg,2866,1649,2999,1837
D:\SEM 7\CVProject\datasets\bottles_occluded\image_16.jpg,1367,873,1501,1058
D:\SEM 7\CVProject\datasets\bottles_occluded\image_16.jpg,2521,3305,2674,3466
D:\SEM 7\CVProject\datasets\bottles_occluded\image_16.jpg,2403,1497,2456,1956
D:\SEM 7\CVProject\datasets\bottles_occluded\image_16.jpg,1489,484,1554,858
D:\SEM 7\CVProject\datasets\bottles_occluded\image_16.jpg,231,640,372,813
D:\SEM 7\CVProject\datasets\bottles_occluded\image_16.jpg,240,3446,296,3877
D:\SEM 7\CVProject\datasets\bottles_occluded\image_16.jpg,1861,1215,1965,1445
D:\SEM 7\CVProject\datasets\bottles_occluded\image_16.jpg,120,588,274,743
D:\SEM 7\CVProject\datasets\bottles_occluded\image_16.jpg,1933,2429,2089,2581
D:\SEM 7\CVProject\datasets\bottles_occluded\image_16.jpg,2913,3622,2999,3895
D:\SEM 7\CVProject\datasets\bottles_occluded\image_16.jpg,1925,469,2056,648
D:\SEM 7\CVProject\datasets\bottles_occluded\image_16.jpg,2201,1912,2323,2104
D:\SEM 7\CVProject\datasets\bottles_occluded\image_16.jpg,0,3257,167,3397
D:\SEM 7\CVProject\datasets\bottles_occluded\image_16.jpg,2159,1387,2303,1549
D:\SEM 7\CVProject\datasets\bottles_occluded\image_16.jpg,2181,2759,2246,3111
D:\SEM 7\CVProject\datasets\bottles_occluded\image_16.jpg,2165,1565,2274,1774
D:\SEM 7\CVProject\datasets\bottles_occluded\image_16.jpg,2715,3562,2813,3793
D:\SEM 7\CVProject\datasets\bottles_occluded\image_16.jpg,233,546,388,692
D:\SEM 7\CVProject\datasets\bottles_occluded\image_16.jpg,519,97,608,348
D:\SEM 7\CVProject\datasets\bottles_occluded\image_16.jpg,354,545,548,660
D:\SEM 7\CVProject\datasets\bottles_occluded\image_16.jpg,2443,757,2597,901
D:\SEM 7\CVProject\datasets\bottles_occluded\image_16.jpg,1725,3688,1816,3931
D:\SEM 7\CVProject\datasets\bottles_occluded\image_16.jpg,1153,444,1245,684
D:\SEM 7\CVProject\datasets\bottles_occluded\image_16.jpg,508,2176,674,2309
D:\SEM 7\CVProject\datasets\bottles_occluded\image_16.jpg,2332,2109,2472,2266
D:\SEM 7\CVProject\datasets\bottles_occluded\image_16.jpg,2445,1910,2514,2227
D:\SEM 7\CVProject\datasets\bottles_occluded\image_16.jpg,1,172,108,375
D:\SEM 7\CVProject\datasets\bottles_occluded\image_16.jpg,2627,1216,2753,1387
D:\SEM 7\CVProject\datasets\bottles_occluded\image_16.jpg,216,2335,262,2795
D:\SEM 7\CVProject\datasets\bottles_occluded\image_16.jpg,409,558,533,730
D:\SEM 7\CVProject\datasets\bottles_occluded\image_16.jpg,527,1999,648,2174
D:\SEM 7\CVProject\datasets\bottles_occluded\image_16.jpg,2104,1367,2280,1487
D:\SEM 7\CVProject\datasets\bottles_occluded\image_16.jpg,2679,742,2891,841
D:\SEM 7\CVProject\datasets\bottles_occluded\image_16.jpg,2558,2045,2717,2177
D:\SEM 7\CVProject\datasets\bottles_occluded\image_16.jpg,151,1255,376,1348
D:\SEM 7\CVProject\datasets\bottles_occluded\image_16.jpg,2595,683,2646,1090
D:\SEM 7\CVProject\datasets\bottles_occluded\image_16.jpg,2122,2102,2244,2273
D:\SEM 7\CVProject\datasets\bottles_occluded\image_16.jpg,2302,2651,2426,2819
D:\SEM 7\CVProject\datasets\bottles_occluded\image_16.jpg,2603,3308,2758,3442
D:\SEM 7\CVProject\datasets\bottles_occluded\image_16.jpg,116,641,169,1028
D:\SEM 7\CVProject\datasets\bottles_occluded\image_16.jpg,382,462,553,582
D:\SEM 7\CVProject\datasets\bottles_occluded\image_16.jpg,2836,2815,2989,2949
D:\SEM 7\CVProject\datasets\bottles_occluded\image_16.jpg,2167,148,2270,346
D:\SEM 7\CVProject\datasets\bottles_occluded\image_16.jpg,2640,2243,2733,2462
D:\SEM 7\CVProject\datasets\bottles_occluded\image_16.jpg,2521,2389,2604,2634
D:\SEM 7\CVProject\datasets\bottles_occluded\image_16.jpg,2032,1547,2082,1948
D:\SEM 7\CVProject\datasets\bottles_occluded\image_16.jpg,2073,265,2215,407
D:\SEM 7\CVProject\datasets\bottles_occluded\image_16.jpg,1559,3797,1658,3999
D:\SEM 7\CVProject\datasets\bottles_occluded\image_16.jpg,993,1754,1099,1942
D:\SEM 7\CVProject\datasets\bottles_occluded\image_16.jpg,2097,1986,2264,2105
D:\SEM 7\CVProject\datasets\bottles_occluded\image_16.jpg,2577,2468,2677,2666
D:\SEM 7\CVProject\datasets\bottles_occluded\image_16.jpg,2368,1235,2478,1414
D:\SEM 7\CVProject\datasets\bottles_occluded\image_16.jpg,2592,1678,2724,1825
D:\SEM 7\CVProject\datasets\bottles_occluded\image_16.jpg,2819,2237,2999,2344
D:\SEM 7\CVProject\datasets\bottles_occluded\image_16.jpg,1401,1330,1498,1525
D:\SEM 7\CVProject\datasets\bottles_occluded\image_16.jpg,148,3679,232,3903
D:\SEM 7\CVProject\datasets\bottles_occluded\image_16.jpg,2773,924,2937,1037
D:\SEM 7\CVProject\datasets\bottles_occluded\image_16.jpg,1691,298,1795,476
D:\SEM 7\CVProject\datasets\bottles_occluded\image_16.jpg,1813,3430,1899,3644
D:\SEM 7\CVProject\datasets\bottles_occluded\image_16.jpg,2171,2472,2257,2686
D:\SEM 7\CVProject\datasets\bottles_occluded\image_16.jpg,970,2843,1096,2988
D:\SEM 7\CVProject\datasets\bottles_occluded\image_16.jpg,1048,2751,1172,2896
D:\SEM 7\CVProject\datasets\bottles_occluded\image_16.jpg,2535,1569,2628,1762
D:\SEM 7\CVProject\datasets\bottles_occluded\image_16.jpg,370,1287,557,1383
D:\SEM 7\CVProject\datasets\bottles_occluded\image_16.jpg,361,2699,500,2828
D:\SEM 7\CVProject\datasets\bottles_occluded\image_16.jpg,2741,821,2869,961
D:\SEM 7\CVProject\datasets\bottles_occluded\image_16.jpg,1189,235,1287,417
D:\SEM 7\CVProject\datasets\bottles_occluded\image_16.jpg,2245,2270,2326,2489
D:\SEM 7\CVProject\datasets\bottles_occluded\image_16.jpg,224,842,403,941
D:\SEM 7\CVProject\datasets\bottles_occluded\image_16.jpg,1317,1764,1399,1979
D:\SEM 7\CVProject\datasets\bottles_occluded\image_16.jpg,1507,3819,1605,3999
D:\SEM 7\CVProject\datasets\bottles_occluded\image_16.jpg,1934,3203,2039,3371
D:\SEM 7\CVProject\datasets\bottles_occluded\image_16.jpg,1833,3729,1898,3999
D:\SEM 7\CVProject\datasets\bottles_occluded\image_16.jpg,2024,3725,2130,3891
D:\SEM 7\CVProject\datasets\bottles_occluded\image_16.jpg,2909,3804,2999,3999
D:\SEM 7\CVProject\datasets\bottles_occluded\image_16.jpg,1987,259,2101,413
D:\SEM 7\CVProject\datasets\bottles_occluded\image_16.jpg,500,648,623,790
D:\SEM 7\CVProject\datasets\bottles_occluded\image_16.jpg,157,3421,247,3613
D:\SEM 7\CVProject\datasets\bottles_occluded\image_16.jpg,2483,2653,2577,2836
D:\SEM 7\CVProject\datasets\bottles_occluded\image_16.jpg,185,702,312,837
D:\SEM 7\CVProject\datasets\bottles_occluded\image_16.jpg,2825,1679,2906,1890
D:\SEM 7\CVProject\datasets\bottles_occluded\image_16.jpg,2116,3364,2232,3511
D:\SEM 7\CVProject\datasets\bottles_occluded\image_16.jpg,2341,3475,2467,3610
D:\SEM 7\CVProject\datasets\bottles_occluded\image_16.jpg,73,2757,174,2925
D:\SEM 7\CVProject\datasets\bottles_occluded\image_16.jpg,2624,0,2682,291
D:\SEM 7\CVProject\datasets\bottles_occluded\image_16.jpg,1712,1517,1859,1632
D:\SEM 7\CVProject\datasets\bottles_occluded\image_16.jpg,2300,2027,2432,2155
D:\SEM 7\CVProject\datasets\bottles_occluded\image_16.jpg,632,260,745,408
D:\SEM 7\CVProject\datasets\bottles_occluded\image_16.jpg,1387,1065,1490,1227
D:\SEM 7\CVProject\datasets\bottles_occluded\image_16.jpg,2668,2329,2788,2468
D:\SEM 7\CVProject\datasets\bottles_occluded\image_16.jpg,2823,3129,2925,3292
D:\SEM 7\CVProject\datasets\bottles_occluded\image_16.jpg,2893,1554,2999,1709
D:\SEM 7\CVProject\datasets\bottles_occluded\image_16.jpg,24,423,126,584
D:\SEM 7\CVProject\datasets\bottles_occluded\image_16.jpg,2154,3850,2264,3999
D:\SEM 7\CVProject\datasets\bottles_occluded\image_16.jpg,567,826,743,918
D:\SEM 7\CVProject\datasets\bottles_occluded\image_16.jpg,672,2316,779,2466
D:\SEM 7\CVProject\datasets\bottles_occluded\image_16.jpg,89,44,256,140
D:\SEM 7\CVProject\datasets\bottles_occluded\image_16.jpg,340,3471,425,3659
D:\SEM 7\CVProject\datasets\bottles_occluded\image_16.jpg,1869,1709,1988,1843
D:\SEM 7\CVProject\datasets\bottles_occluded\image_16.jpg,2514,3742,2632,3877
D:\SEM 7\CVProject\datasets\bottles_occluded\image_16.jpg,2750,2662,2831,2857
D:\SEM 7\CVProject\datasets\bottles_occluded\image_16.jpg,1684,671,1767,861
D:\SEM 7\CVProject\datasets\bottles_occluded\image_16.jpg,2748,2927,2886,3041
D:\SEM 7\CVProject\datasets\bottles_occluded\image_16.jpg,1952,1456,2121,1549
D:\SEM 7\CVProject\datasets\bottles_occluded\image_16.jpg,1689,1424,1790,1579
D:\SEM 7\CVProject\datasets\bottles_occluded\image_16.jpg,1788,46,1900,185
D:\SEM 7\CVProject\datasets\bottles_occluded\image_16.jpg,2673,1990,2770,2150
D:\SEM 7\CVProject\datasets\bottles_occluded\image_16.jpg,1866,2063,2029,2158
D:\SEM 7\CVProject\datasets\bottles_occluded\image_16.jpg,428,1007,517,1180
D:\SEM 7\CVProject\datasets\bottles_occluded\image_16.jpg,1299,1200,1408,1341
D:\SEM 7\CVProject\datasets\bottles_occluded\image_16.jpg,1556,591,1648,757
D:\SEM 7\CVProject\datasets\bottles_occluded\image_16.jpg,2140,3130,2218,3324
D:\SEM 7\CVProject\datasets\bottles_occluded\image_16.jpg,2678,3894,2822,3999
D:\SEM 7\CVProject\datasets\bottles_occluded\image_16.jpg,1,1227,109,1367
D:\SEM 7\CVProject\datasets\bottles_occluded\image_16.jpg,273,3736,373,3887
D:\SEM 7\CVProject\datasets\bottles_occluded\image_16.jpg,2213,773,2289,971
D:\SEM 7\CVProject\datasets\bottles_occluded\image_16.jpg,639,871,799,965
D:\SEM 7\CVProject\datasets\bottles_occluded\image_16.jpg,1,626,64,863
D:\SEM 7\CVProject\datasets\bottles_occluded\image_16.jpg,2908,756,2999,920
D:\SEM 7\CVProject\datasets\bottles_occluded\image_16.jpg,503,2176,592,2343
D:\SEM 7\CVProject\datasets\bottles_occluded\image_16.jpg,2517,2086,2606,2253
D:\SEM 7\CVProject\datasets\bottles_occluded\image_16.jpg,2947,2369,2999,2653
D:\SEM 7\CVProject\datasets\bottles_occluded\image_16.jpg,2243,2968,2349,3108
D:\SEM 7\CVProject\datasets\bottles_occluded\image_16.jpg,1029,1083,1118,1249
D:\SEM 7\CVProject\datasets\bottles_occluded\image_16.jpg,0,3196,111,3329
D:\SEM 7\CVProject\datasets\bottles_occluded\image_16.jpg,2562,3798,2668,3937
D:\SEM 7\CVProject\datasets\bottles_occluded\image_16.jpg,1752,1851,1923,1937
D:\SEM 7\CVProject\datasets\bottles_occluded\image_16.jpg,2830,1833,2999,1920
D:\SEM 7\CVProject\datasets\bottles_occluded\image_16.jpg,1919,3377,1994,3572
D:\SEM 7\CVProject\datasets\bottles_occluded\image_16.jpg,868,312,952,486
D:\SEM 7\CVProject\datasets\bottles_occluded\image_16.jpg,2937,2650,2999,2885
D:\SEM 7\CVProject\datasets\bottles_occluded\image_16.jpg,1805,1596,1890,1767
D:\SEM 7\CVProject\datasets\bottles_occluded\image_16.jpg,503,2282,590,2449
D:\SEM 7\CVProject\datasets\bottles_occluded\image_16.jpg,814,2363,939,2479
D:\SEM 7\CVProject\datasets\bottles_occluded\image_16.jpg,939,1715,1088,1812
D:\SEM 7\CVProject\datasets\bottles_occluded\image_16.jpg,1464,3065,1564,3209
D:\SEM 7\CVProject\datasets\bottles_occluded\image_16.jpg,1799,3715,1852,3985
D:\SEM 7\CVProject\datasets\bottles_occluded\image_16.jpg,2072,265,2146,458
D:\SEM 7\CVProject\datasets\bottles_occluded\image_16.jpg,2672,245,2760,406
D:\SEM 7\CVProject\datasets\bottles_occluded\image_16.jpg,1989,2402,2087,2546
D:\SEM 7\CVProject\datasets\bottles_occluded\image_16.jpg,1853,1021,1899,1325
D:\SEM 7\CVProject\datasets\bottles_occluded\image_16.jpg,78,1068,148,1268
D:\SEM 7\CVProject\datasets\bottles_occluded\image_16.jpg,2739,1881,2867,1990
D:\SEM 7\CVProject\datasets\bottles_occluded\image_16.jpg,1851,3706,1931,3880
D:\SEM 7\CVProject\datasets\bottles_occluded\image_16.jpg,1852,2319,1933,2490
D:\SEM 7\CVProject\datasets\bottles_occluded\image_16.jpg,725,1237,810,1400
D:\SEM 7\CVProject\datasets\bottles_occluded\image_16.jpg,1599,1918,1675,2100
D:\SEM 7\CVProject\datasets\bottles_occluded\image_16.jpg,2004,1868,2113,1995
D:\SEM 7\CVProject\datasets\bottles_occluded\image_16.jpg,2071,1916,2113,2241
D:\SEM 7\CVProject\datasets\bottles_occluded\image_16.jpg,2916,20,2983,224
D:\SEM 7\CVProject\datasets\bottles_occluded\image_16.jpg,356,974,447,1124
D:\SEM 7\CVProject\datasets\bottles_occluded\image_16.jpg,253,340,359,468
D:\SEM 7\CVProject\datasets\bottles_occluded\image_16.jpg,1280,1742,1344,1953
D:\SEM 7\CVProject\datasets\bottles_occluded\image_16.jpg,2646,2354,2742,2495
D:\SEM 7\CVProject\datasets\bottles_occluded\image_16.jpg,2403,1256,2464,1476
D:\SEM 7\CVProject\datasets\bottles_occluded\image_16.jpg,2094,1759,2183,1910
D:\SEM 7\CVProject\datasets\bottles_occluded\image_16.jpg,2119,2777,2183,2986
D:\SEM 7\CVProject\datasets\bottles_occluded\image_16.jpg,1553,1622,1683,1725
D:\SEM 7\CVProject\datasets\bottles_occluded\image_16.jpg,193,218,276,374
D:\SEM 7\CVProject\datasets\bottles_occluded\image_16.jpg,1933,2043,2024,2184
D:\SEM 7\CVProject\datasets\bottles_occluded\image_16.jpg,554,1157,643,1301
D:\SEM 7\CVProject\datasets\bottles_occluded\image_16.jpg,85,631,174,775
D:\SEM 7\CVProject\datasets\bottles_occluded\image_16.jpg,559,2362,683,2465
D:\SEM 7\CVProject\datasets\bottles_occluded\image_16.jpg,2396,3626,2452,3852
D:\SEM 7\CVProject\datasets\bottles_occluded\image_16.jpg,1492,1446,1589,1577
D:\SEM 7\CVProject\datasets\bottles_occluded\image_16.jpg,2139,3583,2306,3659
D:\SEM 7\CVProject\datasets\bottles_occluded\image_16.jpg,1077,214,1165,358
D:\SEM 7\CVProject\datasets\bottles_occluded\image_16.jpg,2451,2959,2563,3072
D:\SEM 7\CVProject\datasets\bottles_occluded\image_16.jpg,2680,2905,2740,3115
D:\SEM 7\CVProject\datasets\bottles_occluded\image_16.jpg,2952,2242,2999,2509
D:\SEM 7\CVProject\datasets\bottles_occluded\image_16.jpg,2509,2878,2614,2998
D:\SEM 7\CVProject\datasets\bottles_occluded\image_16.jpg,340,3888,483,3976
D:\SEM 7\CVProject\datasets\bottles_occluded\image_16.jpg,1656,1259,1745,1400
D:\SEM 7\CVProject\datasets\bottles_occluded\image_16.jpg,2222,2521,2331,2636
D:\SEM 7\CVProject\datasets\bottles_occluded\image_16.jpg,2051,1545,2140,1685
D:\SEM 7\CVProject\datasets\bottles_occluded\image_16.jpg,1232,483,1317,629
D:\SEM 7\CVProject\datasets\bottles_occluded\image_16.jpg,0,3921,159,3999
D:\SEM 7\CVProject\datasets\bottles_occluded\image_16.jpg,2805,1570,2883,1729
D:\SEM 7\CVProject\datasets\bottles_occluded\image_16.jpg,1537,1673,1625,1814
D:\SEM 7\CVProject\datasets\bottles_occluded\image_16.jpg,2758,1430,2849,1566
D:\SEM 7\CVProject\datasets\bottles_occluded\image_16.jpg,1522,868,1586,1060
D:\SEM 7\CVProject\datasets\bottles_occluded\image_16.jpg,308,3463,392,3609
D:\SEM 7\CVProject\datasets\bottles_occluded\image_16.jpg,2826,2213,2902,2374
D:\SEM 7\CVProject\datasets\bottles_occluded\image_16.jpg,2562,3869,2656,3999
D:\SEM 7\CVProject\datasets\bottles_occluded\image_16.jpg,1220,128,1283,321
D:\SEM 7\CVProject\datasets\bottles_occluded\image_16.jpg,2720,247,2778,456
D:\SEM 7\CVProject\datasets\bottles_occluded\image_16.jpg,2687,3820,2774,3959
D:\SEM 7\CVProject\datasets\bottles_occluded\image_16.jpg,1127,619,1213,759
D:\SEM 7\CVProject\datasets\bottles_occluded\image_16.jpg,869,513,951,659
D:\SEM 7\CVProject\datasets\bottles_occluded\image_16.jpg,1358,1661,1464,1774
D:\SEM 7\CVProject\datasets\bottles_occluded\image_16.jpg,2896,2071,2967,2239
D:\SEM 7\CVProject\datasets\bottles_occluded\image_16.jpg,444,2609,519,2767
D:\SEM 7\CVProject\datasets\bottles_occluded\image_16.jpg,452,588,515,775
D:\SEM 7\CVProject\datasets\bottles_occluded\image_17.jpg,0,1232,2999,3999
D:\SEM 7\CVProject\datasets\bottles_occluded\image_17.jpg,0,287,2142,1437
D:\SEM 7\CVProject\datasets\bottles_occluded\image_17.jpg,0,1862,1389,3533
D:\SEM 7\CVProject\datasets\bottles_occluded\image_17.jpg,286,0,1534,775
D:\SEM 7\CVProject\datasets\bottles_occluded\image_17.jpg,1395,1433,2375,2392
D:\SEM 7\CVProject\datasets\bottles_occluded\image_17.jpg,0,1493,649,2128
D:\SEM 7\CVProject\datasets\bottles_occluded\image_17.jpg,1408,60,2032,703
D:\SEM 7\CVProject\datasets\bottles_occluded\image_17.jpg,716,1028,1625,1431
D:\SEM 7\CVProject\datasets\bottles_occluded\image_17.jpg,1648,2165,2277,2650
D:\SEM 7\CVProject\datasets\bottles_occluded\image_17.jpg,2204,2248,2894,2647
D:\SEM 7\CVProject\datasets\bottles_occluded\image_17.jpg,2374,2518,2999,2947
D:\SEM 7\CVProject\datasets\bottles_occluded\image_17.jpg,2247,1711,2936,2092
D:\SEM 7\CVProject\datasets\bottles_occluded\image_17.jpg,1,2463,226,3466
D:\SEM 7\CVProject\datasets\bottles_occluded\image_17.jpg,364,2390,589,3299
D:\SEM 7\CVProject\datasets\bottles_occluded\image_17.jpg,0,980,413,1446
D:\SEM 7\CVProject\datasets\bottles_occluded\image_17.jpg,1331,1583,1898,1922
D:\SEM 7\CVProject\datasets\bottles_occluded\image_17.jpg,2641,2688,2999,3191
D:\SEM 7\CVProject\datasets\bottles_occluded\image_17.jpg,2766,487,2997,1172
D:\SEM 7\CVProject\datasets\bottles_occluded\image_17.jpg,1634,1048,2226,1309
D:\SEM 7\CVProject\datasets\bottles_occluded\image_17.jpg,2578,1687,2999,2051
D:\SEM 7\CVProject\datasets\bottles_occluded\image_17.jpg,2173,682,2442,1238
D:\SEM 7\CVProject\datasets\bottles_occluded\image_17.jpg,1858,1297,2386,1577
D:\SEM 7\CVProject\datasets\bottles_occluded\image_17.jpg,581,2000,976,2364
D:\SEM 7\CVProject\datasets\bottles_occluded\image_17.jpg,2394,2022,2881,2308
D:\SEM 7\CVProject\datasets\bottles_occluded\image_17.jpg,0,0,433,314
D:\SEM 7\CVProject\datasets\bottles_occluded\image_17.jpg,2176,0,2460,470
D:\SEM 7\CVProject\datasets\bottles_occluded\image_17.jpg,1691,740,2140,1005
D:\SEM 7\CVProject\datasets\bottles_occluded\image_17.jpg,2631,3246,2999,3558
D:\SEM 7\CVProject\datasets\bottles_occluded\image_17.jpg,1887,364,2179,739
D:\SEM 7\CVProject\datasets\bottles_occluded\image_17.jpg,2302,364,2519,857
D:\SEM 7\CVProject\datasets\bottles_occluded\image_17.jpg,1795,936,2175,1194
D:\SEM 7\CVProject\datasets\bottles_occluded\image_17.jpg,2470,61,2755,381
D:\SEM 7\CVProject\datasets\bottles_occluded\image_17.jpg,2036,0,2236,430
D:\SEM 7\CVProject\datasets\bottles_occluded\image_17.jpg,1460,1674,1793,1922
D:\SEM 7\CVProject\datasets\bottles_occluded\image_17.jpg,2144,3003,2390,3336
D:\SEM 7\CVProject\datasets\bottles_occluded\image_17.jpg,2767,2942,2999,3289
D:\SEM 7\CVProject\datasets\bottles_occluded\image_17.jpg,2486,356,2776,625
D:\SEM 7\CVProject\datasets\bottles_occluded\image_17.jpg,2596,1244,2853,1546
D:\SEM 7\CVProject\datasets\bottles_occluded\image_17.jpg,1348,3823,1781,3999
D:\SEM 7\CVProject\datasets\bottles_occluded\image_17.jpg,0,2655,163,3113
D:\SEM 7\CVProject\datasets\bottles_occluded\image_17.jpg,2732,1324,2999,1592
D:\SEM 7\CVProject\datasets\bottles_occluded\image_17.jpg,204,1174,463,1450
D:\SEM 7\CVProject\datasets\bottles_occluded\image_17.jpg,176,219,516,413
D:\SEM 7\CVProject\datasets\bottles_occluded\image_17.jpg,1405,2098,1526,2627
D:\SEM 7\CVProject\datasets\bottles_occluded\image_17.jpg,2401,2692,2571,3048
D:\SEM 7\CVProject\datasets\bottles_occluded\image_17.jpg,1720,1294,1980,1519
D:\SEM 7\CVProject\datasets\bottles_occluded\image_17.jpg,2559,1535,2907,1693
D:\SEM 7\CVProject\datasets\bottles_occluded\image_17.jpg,2150,1956,2398,2169
D:\SEM 7\CVProject\datasets\bottles_occluded\image_17.jpg,2517,809,2738,1029
D:\SEM 7\CVProject\datasets\bottles_occluded\image_17.jpg,1888,1353,2133,1549
D:\SEM 7\CVProject\datasets\bottles_occluded\image_17.jpg,1556,773,1649,1256
D:\SEM 7\CVProject\datasets\bottles_occluded\image_17.jpg,587,1505,731,1806
D:\SEM 7\CVProject\datasets\bottles_occluded\image_17.jpg,2878,782,2980,1199
D:\SEM 7\CVProject\datasets\bottles_occluded\image_17.jpg,1813,2790,2076,2950
D:\SEM 7\CVProject\datasets\bottles_occluded\image_17.jpg,718,163,930,358
D:\SEM 7\CVProject\datasets\bottles_occluded\image_17.jpg,1535,2377,1733,2581
D:\SEM 7\CVProject\datasets\bottles_occluded\image_17.jpg,2709,1116,2925,1297
D:\SEM 7\CVProject\datasets\bottles_occluded\image_17.jpg,1484,464,1610,766
D:\SEM 7\CVProject\datasets\bottles_occluded\image_17.jpg,1150,2484,1284,2763
D:\SEM 7\CVProject\datasets\bottles_occluded\image_17.jpg,2364,1826,2564,2005
D:\SEM 7\CVProject\datasets\bottles_occluded\image_17.jpg,1907,810,2108,987
D:\SEM 7\CVProject\datasets\bottles_occluded\image_17.jpg,1067,1693,1237,1902
D:\SEM 7\CVProject\datasets\bottles_occluded\image_17.jpg,1948,2037,2064,2337
D:\SEM 7\CVProject\datasets\bottles_occluded\image_17.jpg,2201,1536,2402,1703
D:\SEM 7\CVProject\datasets\bottles_occluded\image_17.jpg,2593,3062,2757,3266
D:\SEM 7\CVProject\datasets\bottles_occluded\image_17.jpg,0,361,183,535
D:\SEM 7\CVProject\datasets\bottles_occluded\image_17.jpg,2292,2726,2447,2930
D:\SEM 7\CVProject\datasets\bottles_occluded\image_17.jpg,603,2054,717,2319
D:\SEM 7\CVProject\datasets\bottles_occluded\image_17.jpg,228,2722,332,3000
D:\SEM 7\CVProject\datasets\bottles_occluded\image_17.jpg,2104,1578,2352,1693
D:\SEM 7\CVProject\datasets\bottles_occluded\image_17.jpg,2361,1551,2515,1734
D:\SEM 7\CVProject\datasets\bottles_occluded\image_17.jpg,2735,907,2869,1116
D:\SEM 7\CVProject\datasets\bottles_occluded\image_17.jpg,1778,1161,2021,1275
D:\SEM 7\CVProject\datasets\bottles_occluded\image_17.jpg,277,2039,372,2324
D:\SEM 7\CVProject\datasets\bottles_occluded\image_17.jpg,1404,2910,1575,3068
D:\SEM 7\CVProject\datasets\bottles_occluded\image_17.jpg,2018,1905,2140,2119
D:\SEM 7\CVProject\datasets\bottles_occluded\image_17.jpg,1439,960,1581,1143
D:\SEM 7\CVProject\datasets\bottles_occluded\image_17.jpg,2723,3448,2937,3564
D:\SEM 7\CVProject\datasets\bottles_occluded\image_17.jpg,1568,2163,1713,2330
D:\SEM 7\CVProject\datasets\bottles_occluded\image_17.jpg,2117,1737,2274,1887
D:\SEM 7\CVProject\datasets\bottles_occluded\image_17.jpg,110,2093,192,2372
D:\SEM 7\CVProject\datasets\bottles_occluded\image_17.jpg,500,464,642,622
D:\SEM 7\CVProject\datasets\bottles_occluded\image_17.jpg,1020,2775,1199,2897
D:\SEM 7\CVProject\datasets\bottles_occluded\image_17.jpg,1823,2813,1962,2970
D:\SEM 7\CVProject\datasets\bottles_occluded\image_17.jpg,1028,1240,1253,1333
D:\SEM 7\CVProject\datasets\bottles_occluded\image_17.jpg,1,692,93,913
D:\SEM 7\CVProject\datasets\bottles_occluded\image_17.jpg,2747,110,2882,259
D:\SEM 7\CVProject\datasets\bottles_occluded\image_17.jpg,1988,413,2165,524
D:\SEM 7\CVProject\datasets\bottles_occluded\image_17.jpg,2808,2854,2954,2987
D:\SEM 7\CVProject\datasets\bottles_occluded\image_17.jpg,2855,2387,2999,2521
D:\SEM 7\CVProject\datasets\bottles_occluded\image_17.jpg,2081,2700,2229,2829
D:\SEM 7\CVProject\datasets\bottles_occluded\image_17.jpg,1018,824,1166,953
D:\SEM 7\CVProject\datasets\bottles_occluded\image_17.jpg,2778,2012,2886,2186
D:\SEM 7\CVProject\datasets\bottles_occluded\image_17.jpg,2391,3267,2489,3455
D:\SEM 7\CVProject\datasets\bottles_occluded\image_17.jpg,2404,711,2510,884
D:\SEM 7\CVProject\datasets\bottles_occluded\image_17.jpg,2597,1381,2737,1511
D:\SEM 7\CVProject\datasets\bottles_occluded\image_17.jpg,1295,1377,1452,1491
D:\SEM 7\CVProject\datasets\bottles_occluded\image_17.jpg,2878,1494,2976,1676
D:\SEM 7\CVProject\datasets\bottles_occluded\image_17.jpg,1769,1381,1897,1520
D:\SEM 7\CVProject\datasets\bottles_occluded\image_17.jpg,1668,1279,1795,1419
D:\SEM 7\CVProject\datasets\bottles_occluded\image_17.jpg,99,672,172,914
D:\SEM 7\CVProject\datasets\bottles_occluded\image_17.jpg,1377,252,1575,338
D:\SEM 7\CVProject\datasets\bottles_occluded\image_17.jpg,2890,1587,2999,1743
D:\SEM 7\CVProject\datasets\bottles_occluded\image_17.jpg,0,878,180,971
D:\SEM 7\CVProject\datasets\bottles_occluded\image_17.jpg,1286,1958,1429,2075
D:\SEM 7\CVProject\datasets\bottles_occluded\image_17.jpg,2259,83,2350,264
D:\SEM 7\CVProject\datasets\bottles_occluded\image_17.jpg,2826,1514,2908,1714
D:\SEM 7\CVProject\datasets\bottles_occluded\image_17.jpg,1433,3900,1598,3999
D:\SEM 7\CVProject\datasets\bottles_occluded\image_17.jpg,2294,3100,2385,3277
D:\SEM 7\CVProject\datasets\bottles_occluded\image_17.jpg,15,2419,91,2630
D:\SEM 7\CVProject\datasets\bottles_occluded\image_17.jpg,2290,1523,2389,1683
D:\SEM 7\CVProject\datasets\bottles_occluded\image_17.jpg,1224,1854,1296,2070
D:\SEM 7\CVProject\datasets\bottles_occluded\image_17.jpg,2948,1397,2999,1692
D:\SEM 7\CVProject\datasets\bottles_occluded\image_17.jpg,2922,2737,2999,2929
D:\SEM 7\CVProject\datasets\bottles_occluded\image_17.jpg,2746,264,2872,381
D:\SEM 7\CVProject\datasets\bottles_occluded\image_17.jpg,1892,2225,2004,2356
D:\SEM 7\CVProject\datasets\bottles_occluded\image_17.jpg,1108,1434,1174,1655
D:\SEM 7\CVProject\datasets\bottles_occluded\image_17.jpg,1650,1160,1783,1269
D:\SEM 7\CVProject\datasets\bottles_occluded\image_17.jpg,2570,1027,2695,1142
D:\SEM 7\CVProject\datasets\bottles_occluded\image_17.jpg,2896,784,2999,923
D:\SEM 7\CVProject\datasets\bottles_occluded\image_17.jpg,2844,1375,2960,1498
D:\SEM 7\CVProject\datasets\bottles_occluded\image_17.jpg,1447,754,1547,895
D:\SEM 7\CVProject\datasets\bottles_occluded\image_17.jpg,2918,1157,2999,1326
D:\SEM 7\CVProject\datasets\bottles_occluded\image_17.jpg,1025,1428,1116,1578
D:\SEM 7\CVProject\datasets\bottles_occluded\image_17.jpg,1193,2359,1294,2494
D:\SEM 7\CVProject\datasets\bottles_occluded\image_17.jpg,2016,2048,2096,2218
D:\SEM 7\CVProject\datasets\bottles_occluded\image_17.jpg,2600,1720,2725,1828
D:\SEM 7\CVProject\datasets\bottles_occluded\image_17.jpg,247,662,316,855
D:\SEM 7\CVProject\datasets\bottles_occluded\image_17.jpg,2087,1479,2208,1589
D:\SEM 7\CVProject\datasets\bottles_occluded\image_17.jpg,2027,2951,2129,3080
D:\SEM 7\CVProject\datasets\bottles_occluded\image_17.jpg,2644,723,2725,883
D:\SEM 7\CVProject\datasets\bottles_occluded\image_17.jpg,787,2092,887,2220
D:\SEM 7\CVProject\datasets\bottles_occluded\image_17.jpg,2811,2085,2865,2320
D:\SEM 7\CVProject\datasets\bottles_occluded\image_17.jpg,1143,2886,1230,3032
D:\SEM 7\CVProject\datasets\bottles_occluded\image_17.jpg,1043,2761,1198,2842
D:\SEM 7\CVProject\datasets\bottles_occluded\image_17.jpg,1959,940,2112,1022
D:\SEM 7\CVProject\datasets\bottles_occluded\image_17.jpg,2755,998,2832,1158
D:\SEM 7\CVProject\datasets\bottles_occluded\image_17.jpg,1645,949,1756,1058
D:\SEM 7\CVProject\datasets\bottles_occluded\image_17.jpg,333,3004,400,3184
D:\SEM 7\CVProject\datasets\bottles_occluded\image_17.jpg,819,2009,918,2129
D:\SEM 7\CVProject\datasets\bottles_occluded\image_17.jpg,2238,1550,2353,1653
D:\SEM 7\CVProject\datasets\bottles_occluded\image_18.jpg,0,652,2353,3999
D:\SEM 7\CVProject\datasets\bottles_occluded\image_18.jpg,0,0,2999,1688
D:\SEM 7\CVProject\datasets\bottles_occluded\image_18.jpg,658,2200,2999,3951
D:\SEM 7\CVProject\datasets\bottles_occluded\image_18.jpg,0,293,878,1433
D:\SEM 7\CVProject\datasets\bottles_occluded\image_18.jpg,0,0,1059,604
D:\SEM 7\CVProject\datasets\bottles_occluded\image_18.jpg,1287,2233,2002,3025
D:\SEM 7\CVProject\datasets\bottles_occluded\image_18.jpg,0,2007,627,2824
D:\SEM 7\CVProject\datasets\bottles_occluded\image_18.jpg,2366,1536,2999,2320
D:\SEM 7\CVProject\datasets\bottles_occluded\image_18.jpg,2160,508,2999,1058
D:\SEM 7\CVProject\datasets\bottles_occluded\image_18.jpg,963,1904,1833,2387
D:\SEM 7\CVProject\datasets\bottles_occluded\image_18.jpg,1316,66,2198,524
D:\SEM 7\CVProject\datasets\bottles_occluded\image_18.jpg,1981,3403,2671,3987
D:\SEM 7\CVProject\datasets\bottles_occluded\image_18.jpg,678,562,1433,1065
D:\SEM 7\CVProject\datasets\bottles_occluded\image_18.jpg,2433,0,2999,650
D:\SEM 7\CVProject\datasets\bottles_occluded\image_18.jpg,2461,1206,2999,1734
D:\SEM 7\CVProject\datasets\bottles_occluded\image_18.jpg,1390,2093,1885,2595
D:\SEM 7\CVProject\datasets\bottles_occluded\image_18.jpg,1329,344,1765,908
D:\SEM 7\CVProject\datasets\bottles_occluded\image_18.jpg,1252,3515,1730,3999
D:\SEM 7\CVProject\datasets\bottles_occluded\image_18.jpg,1377,2635,1842,3126
D:\SEM 7\CVProject\datasets\bottles_occluded\image_18.jpg,2221,2213,2770,2612
D:\SEM 7\CVProject\datasets\bottles_occluded\image_18.jpg,1693,3376,1991,3999
D:\SEM 7\CVProject\datasets\bottles_occluded\image_18.jpg,2209,80,2537,645
D:\SEM 7\CVProject\datasets\bottles_occluded\image_18.jpg,2546,1820,2993,2215
D:\SEM 7\CVProject\datasets\bottles_occluded\image_18.jpg,1978,3634,2422,3999
D:\SEM 7\CVProject\datasets\bottles_occluded\image_18.jpg,1794,733,2197,1129
D:\SEM 7\CVProject\datasets\bottles_occluded\image_18.jpg,2090,936,2560,1272
D:\SEM 7\CVProject\datasets\bottles_occluded\image_18.jpg,2490,1171,2999,1469
D:\SEM 7\CVProject\datasets\bottles_occluded\image_18.jpg,373,293,771,663
D:\SEM 7\CVProject\datasets\bottles_occluded\image_18.jpg,2451,3498,2741,3999
D:\SEM 7\CVProject\datasets\bottles_occluded\image_18.jpg,1132,3546,1491,3930
D:\SEM 7\CVProject\datasets\bottles_occluded\image_18.jpg,2430,1445,2862,1759
D:\SEM 7\CVProject\datasets\bottles_occluded\image_18.jpg,1964,2477,2314,2855
D:\SEM 7\CVProject\datasets\bottles_occluded\image_18.jpg,2705,3578,2999,3999
D:\SEM 7\CVProject\datasets\bottles_occluded\image_18.jpg,2556,405,2999,682
D:\SEM 7\CVProject\datasets\bottles_occluded\image_18.jpg,1532,1042,1888,1376
D:\SEM 7\CVProject\datasets\bottles_occluded\image_18.jpg,262,2370,605,2705
D:\SEM 7\CVProject\datasets\bottles_occluded\image_18.jpg,2556,0,2775,512
D:\SEM 7\CVProject\datasets\bottles_occluded\image_18.jpg,2256,2643,2758,2862
D:\SEM 7\CVProject\datasets\bottles_occluded\image_18.jpg,1219,2421,1448,2899
D:\SEM 7\CVProject\datasets\bottles_occluded\image_18.jpg,2323,0,2564,450
D:\SEM 7\CVProject\datasets\bottles_occluded\image_18.jpg,771,123,1235,354
D:\SEM 7\CVProject\datasets\bottles_occluded\image_18.jpg,1323,579,1630,921
D:\SEM 7\CVProject\datasets\bottles_occluded\image_18.jpg,227,835,528,1176
D:\SEM 7\CVProject\datasets\bottles_occluded\image_18.jpg,423,810,685,1198
D:\SEM 7\CVProject\datasets\bottles_occluded\image_18.jpg,731,2883,1018,3230
D:\SEM 7\CVProject\datasets\bottles_occluded\image_18.jpg,2468,53,2679,520
D:\SEM 7\CVProject\datasets\bottles_occluded\image_18.jpg,953,2960,1151,3425
D:\SEM 7\CVProject\datasets\bottles_occluded\image_18.jpg,1027,2752,1338,3047
D:\SEM 7\CVProject\datasets\bottles_occluded\image_18.jpg,2287,3300,2720,3500
D:\SEM 7\CVProject\datasets\bottles_occluded\image_18.jpg,2256,3650,2494,3999
D:\SEM 7\CVProject\datasets\bottles_occluded\image_18.jpg,1451,2504,1812,2734
D:\SEM 7\CVProject\datasets\bottles_occluded\image_18.jpg,1775,1973,2216,2157
D:\SEM 7\CVProject\datasets\bottles_occluded\image_18.jpg,1934,3367,2151,3727
D:\SEM 7\CVProject\datasets\bottles_occluded\image_18.jpg,1632,2788,1890,3064
D:\SEM 7\CVProject\datasets\bottles_occluded\image_18.jpg,2521,306,2764,590
D:\SEM 7\CVProject\datasets\bottles_occluded\image_18.jpg,1869,2081,2105,2369
D:\SEM 7\CVProject\datasets\bottles_occluded\image_18.jpg,1070,3812,1429,3999
D:\SEM 7\CVProject\datasets\bottles_occluded\image_18.jpg,643,3636,998,3823
D:\SEM 7\CVProject\datasets\bottles_occluded\image_18.jpg,0,2342,216,2648
D:\SEM 7\CVProject\datasets\bottles_occluded\image_18.jpg,2379,3444,2716,3637
D:\SEM 7\CVProject\datasets\bottles_occluded\image_18.jpg,2183,3503,2357,3873
D:\SEM 7\CVProject\datasets\bottles_occluded\image_18.jpg,2211,1587,2455,1851
D:\SEM 7\CVProject\datasets\bottles_occluded\image_18.jpg,1506,3104,1816,3309
D:\SEM 7\CVProject\datasets\bottles_occluded\image_18.jpg,2730,2913,2828,3554
D:\SEM 7\CVProject\datasets\bottles_occluded\image_18.jpg,2789,1483,2999,1782
D:\SEM 7\CVProject\datasets\bottles_occluded\image_18.jpg,855,2656,1159,2861
D:\SEM 7\CVProject\datasets\bottles_occluded\image_18.jpg,1148,3046,1303,3446
D:\SEM 7\CVProject\datasets\bottles_occluded\image_18.jpg,893,3165,1091,3476
D:\SEM 7\CVProject\datasets\bottles_occluded\image_18.jpg,1033,3355,1183,3764
D:\SEM 7\CVProject\datasets\bottles_occluded\image_18.jpg,2842,2909,2999,3298
D:\SEM 7\CVProject\datasets\bottles_occluded\image_18.jpg,2813,3262,2999,3580
D:\SEM 7\CVProject\datasets\bottles_occluded\image_18.jpg,1710,1994,1974,2218
D:\SEM 7\CVProject\datasets\bottles_occluded\image_18.jpg,1940,2692,2087,3092
D:\SEM 7\CVProject\datasets\bottles_occluded\image_18.jpg,1971,2812,2086,3318
D:\SEM 7\CVProject\datasets\bottles_occluded\image_18.jpg,2053,3747,2286,3997
D:\SEM 7\CVProject\datasets\bottles_occluded\image_18.jpg,546,2245,672,2702
D:\SEM 7\CVProject\datasets\bottles_occluded\image_18.jpg,1456,1969,1644,2275
D:\SEM 7\CVProject\datasets\bottles_occluded\image_18.jpg,2415,524,2732,704
D:\SEM 7\CVProject\datasets\bottles_occluded\image_18.jpg,1049,2282,1415,2436
D:\SEM 7\CVProject\datasets\bottles_occluded\image_18.jpg,2393,2440,2645,2663
D:\SEM 7\CVProject\datasets\bottles_occluded\image_18.jpg,968,602,1111,984
D:\SEM 7\CVProject\datasets\bottles_occluded\image_18.jpg,86,1467,259,1759
D:\SEM 7\CVProject\datasets\bottles_occluded\image_18.jpg,1524,3134,1636,3582
D:\SEM 7\CVProject\datasets\bottles_occluded\image_18.jpg,1703,1856,1963,2044
D:\SEM 7\CVProject\datasets\bottles_occluded\image_18.jpg,1096,3591,1311,3818
D:\SEM 7\CVProject\datasets\bottles_occluded\image_18.jpg,2068,1221,2363,1381
D:\SEM 7\CVProject\datasets\bottles_occluded\image_18.jpg,2456,985,2659,1217
D:\SEM 7\CVProject\datasets\bottles_occluded\image_18.jpg,2373,1969,2625,2154
D:\SEM 7\CVProject\datasets\bottles_occluded\image_18.jpg,1,817,116,1214
D:\SEM 7\CVProject\datasets\bottles_occluded\image_18.jpg,2332,2750,2486,3046
D:\SEM 7\CVProject\datasets\bottles_occluded\image_18.jpg,2443,3005,2599,3296
D:\SEM 7\CVProject\datasets\bottles_occluded\image_18.jpg,2447,2104,2768,2244
D:\SEM 7\CVProject\datasets\bottles_occluded\image_18.jpg,0,2778,149,3068
D:\SEM 7\CVProject\datasets\bottles_occluded\image_18.jpg,1731,3574,1860,3907
D:\SEM 7\CVProject\datasets\bottles_occluded\image_18.jpg,786,2276,931,2571
D:\SEM 7\CVProject\datasets\bottles_occluded\image_18.jpg,2435,1077,2545,1463
D:\SEM 7\CVProject\datasets\bottles_occluded\image_18.jpg,2367,402,2550,633
D:\SEM 7\CVProject\datasets\bottles_occluded\image_18.jpg,2120,2152,2227,2541
D:\SEM 7\CVProject\datasets\bottles_occluded\image_18.jpg,2108,753,2224,1107
D:\SEM 7\CVProject\datasets\bottles_occluded\image_18.jpg,2575,2414,2706,2726
D:\SEM 7\CVProject\datasets\bottles_occluded\image_18.jpg,1326,1413,1537,1606
D:\SEM 7\CVProject\datasets\bottles_occluded\image_18.jpg,2206,1791,2326,2129
D:\SEM 7\CVProject\datasets\bottles_occluded\image_18.jpg,778,2815,1049,2964
D:\SEM 7\CVProject\datasets\bottles_occluded\image_18.jpg,2833,2079,2999,2321
D:\SEM 7\CVProject\datasets\bottles_occluded\image_18.jpg,2166,2983,2349,3199
D:\SEM 7\CVProject\datasets\bottles_occluded\image_18.jpg,1188,1206,1392,1397
D:\SEM 7\CVProject\datasets\bottles_occluded\image_18.jpg,1827,2658,2018,2861
D:\SEM 7\CVProject\datasets\bottles_occluded\image_18.jpg,2563,1774,2826,1920
D:\SEM 7\CVProject\datasets\bottles_occluded\image_18.jpg,867,3285,1002,3561
D:\SEM 7\CVProject\datasets\bottles_occluded\image_18.jpg,2809,3571,2999,3766
D:\SEM 7\CVProject\datasets\bottles_occluded\image_18.jpg,2043,3064,2216,3277
D:\SEM 7\CVProject\datasets\bottles_occluded\image_18.jpg,2664,1021,2907,1170
D:\SEM 7\CVProject\datasets\bottles_occluded\image_18.jpg,1865,3679,1977,3999
D:\SEM 7\CVProject\datasets\bottles_occluded\image_18.jpg,2102,1702,2248,1947
D:\SEM 7\CVProject\datasets\bottles_occluded\image_18.jpg,177,660,370,844
D:\SEM 7\CVProject\datasets\bottles_occluded\image_18.jpg,893,3491,1082,3677
D:\SEM 7\CVProject\datasets\bottles_occluded\image_18.jpg,2743,2313,2850,2637
D:\SEM 7\CVProject\datasets\bottles_occluded\image_18.jpg,2711,3619,2802,3999
D:\SEM 7\CVProject\datasets\bottles_occluded\image_18.jpg,2303,1756,2511,1917
D:\SEM 7\CVProject\datasets\bottles_occluded\image_18.jpg,2033,3253,2269,3393
D:\SEM 7\CVProject\datasets\bottles_occluded\image_18.jpg,2163,3348,2381,3498
D:\SEM 7\CVProject\datasets\bottles_occluded\image_18.jpg,2739,0,2944,158
D:\SEM 7\CVProject\datasets\bottles_occluded\image_18.jpg,1797,2842,1961,3036
D:\SEM 7\CVProject\datasets\bottles_occluded\image_18.jpg,2469,1372,2716,1500
D:\SEM 7\CVProject\datasets\bottles_occluded\image_18.jpg,1356,2811,1507,3017
D:\SEM 7\CVProject\datasets\bottles_occluded\image_18.jpg,2417,3381,2602,3547
D:\SEM 7\CVProject\datasets\bottles_occluded\image_18.jpg,1109,2333,1208,2639
D:\SEM 7\CVProject\datasets\bottles_occluded\image_18.jpg,2767,3689,2864,3999
D:\SEM 7\CVProject\datasets\bottles_occluded\image_18.jpg,2524,425,2760,552
D:\SEM 7\CVProject\datasets\bottles_occluded\image_18.jpg,1832,2528,2075,2650
D:\SEM 7\CVProject\datasets\bottles_occluded\image_18.jpg,2005,2135,2135,2361
D:\SEM 7\CVProject\datasets\bottles_occluded\image_18.jpg,1951,278,2079,503
D:\SEM 7\CVProject\datasets\bottles_occluded\image_18.jpg,2446,3825,2607,3999
D:\SEM 7\CVProject\datasets\bottles_occluded\image_18.jpg,2139,1833,2288,2019
D:\SEM 7\CVProject\datasets\bottles_occluded\image_18.jpg,1674,1131,1838,1300
D:\SEM 7\CVProject\datasets\bottles_occluded\image_18.jpg,2859,2271,2999,2465
D:\SEM 7\CVProject\datasets\bottles_occluded\image_18.jpg,1822,3212,1911,3513
D:\SEM 7\CVProject\datasets\bottles_occluded\image_18.jpg,2302,1001,2559,1104
D:\SEM 7\CVProject\datasets\bottles_occluded\image_18.jpg,1945,2363,2118,2516
D:\SEM 7\CVProject\datasets\bottles_occluded\image_18.jpg,2821,2672,2962,2857
D:\SEM 7\CVProject\datasets\bottles_occluded\image_18.jpg,2027,1003,2120,1277
D:\SEM 7\CVProject\datasets\bottles_occluded\image_18.jpg,2165,2487,2330,2641
D:\SEM 7\CVProject\datasets\bottles_occluded\image_18.jpg,1896,2260,1960,2650
D:\SEM 7\CVProject\datasets\bottles_occluded\image_18.jpg,1491,2002,1601,2229
D:\SEM 7\CVProject\datasets\bottles_occluded\image_18.jpg,1108,2288,1298,2419
D:\SEM 7\CVProject\datasets\bottles_occluded\image_18.jpg,1770,2821,1889,3029
D:\SEM 7\CVProject\datasets\bottles_occluded\image_18.jpg,1562,3860,1740,3999
D:\SEM 7\CVProject\datasets\bottles_occluded\image_18.jpg,1882,2289,2000,2495
D:\SEM 7\CVProject\datasets\bottles_occluded\image_18.jpg,1991,595,2207,707
D:\SEM 7\CVProject\datasets\bottles_occluded\image_18.jpg,2793,578,2928,757
D:\SEM 7\CVProject\datasets\bottles_occluded\image_18.jpg,2365,1358,2534,1501
D:\SEM 7\CVProject\datasets\bottles_occluded\image_18.jpg,2880,1953,2999,2156
D:\SEM 7\CVProject\datasets\bottles_occluded\image_18.jpg,171,2472,296,2665
D:\SEM 7\CVProject\datasets\bottles_occluded\image_18.jpg,0,673,124,867
D:\SEM 7\CVProject\datasets\bottles_occluded\image_18.jpg,2682,2511,2787,2737
D:\SEM 7\CVProject\datasets\bottles_occluded\image_18.jpg,1476,3180,1579,3410
D:\SEM 7\CVProject\datasets\bottles_occluded\image_18.jpg,983,2109,1138,2262
D:\SEM 7\CVProject\datasets\bottles_occluded\image_18.jpg,1898,3841,2048,3999
D:\SEM 7\CVProject\datasets\bottles_occluded\image_18.jpg,2556,857,2633,1163
D:\SEM 7\CVProject\datasets\bottles_occluded\image_18.jpg,2212,3794,2344,3971
D:\SEM 7\CVProject\datasets\bottles_occluded\image_18.jpg,2354,3830,2492,3999
D:\SEM 7\CVProject\datasets\bottles_occluded\image_18.jpg,1314,1840,1398,2115
D:\SEM 7\CVProject\datasets\bottles_occluded\image_18.jpg,331,1813,431,2042
D:\SEM 7\CVProject\datasets\bottles_occluded\image_18.jpg,2614,80,2739,262
D:\SEM 7\CVProject\datasets\bottles_occluded\image_18.jpg,2037,971,2152,1164
D:\SEM 7\CVProject\datasets\bottles_occluded\image_18.jpg,2362,1144,2461,1368
D:\SEM 7\CVProject\datasets\bottles_occluded\image_18.jpg,1135,2550,1237,2766
D:\SEM 7\CVProject\datasets\bottles_occluded\image_18.jpg,2803,1925,2866,2273
D:\SEM 7\CVProject\datasets\bottles_occluded\image_18.jpg,2065,1813,2175,2013
D:\SEM 7\CVProject\datasets\bottles_occluded\image_18.jpg,2302,2779,2415,2973
D:\SEM 7\CVProject\datasets\bottles_occluded\image_18.jpg,1526,2286,1667,2441
D:\SEM 7\CVProject\datasets\bottles_occluded\image_18.jpg,920,2256,1042,2435
D:\SEM 7\CVProject\datasets\bottles_occluded\image_18.jpg,2638,2280,2773,2439
D:\SEM 7\CVProject\datasets\bottles_occluded\image_18.jpg,528,684,676,829
D:\SEM 7\CVProject\datasets\bottles_occluded\image_18.jpg,0,1325,119,1505
D:\SEM 7\CVProject\datasets\bottles_occluded\image_18.jpg,2292,3251,2467,3373
D:\SEM 7\CVProject\datasets\bottles_occluded\image_18.jpg,1307,3077,1434,3245
D:\SEM 7\CVProject\datasets\bottles_occluded\image_18.jpg,884,191,1109,284
D:\SEM 7\CVProject\datasets\bottles_occluded\image_18.jpg,2862,978,2999,1130
D:\SEM 7\CVProject\datasets\bottles_occluded\image_18.jpg,2148,231,2230,484
D:\SEM 7\CVProject\datasets\bottles_occluded\image_18.jpg,2849,1607,2910,1946
D:\SEM 7\CVProject\datasets\bottles_occluded\image_18.jpg,2481,1036,2588,1230
D:\SEM 7\CVProject\datasets\bottles_occluded\image_18.jpg,2488,0,2575,237
D:\SEM 7\CVProject\datasets\bottles_occluded\image_18.jpg,2896,1017,2999,1217
D:\SEM 7\CVProject\datasets\bottles_occluded\image_18.jpg,1448,2557,1547,2765
D:\SEM 7\CVProject\datasets\bottles_occluded\image_18.jpg,1057,2591,1158,2794
D:\SEM 7\CVProject\datasets\bottles_occluded\image_18.jpg,1919,3315,1999,3570
D:\SEM 7\CVProject\datasets\bottles_occluded\image_18.jpg,2493,3233,2637,3374
D:\SEM 7\CVProject\datasets\bottles_occluded\image_18.jpg,834,2954,949,3130
D:\SEM 7\CVProject\datasets\bottles_occluded\image_18.jpg,2374,1362,2447,1637
D:\SEM 7\CVProject\datasets\bottles_occluded\image_18.jpg,1325,3436,1418,3652
D:\SEM 7\CVProject\datasets\bottles_occluded\image_18.jpg,917,2524,1037,2691
D:\SEM 7\CVProject\datasets\bottles_occluded\image_18.jpg,2289,3528,2404,3702
D:\SEM 7\CVProject\datasets\bottles_occluded\image_18.jpg,2313,2888,2404,3107
D:\SEM 7\CVProject\datasets\bottles_occluded\image_18.jpg,1723,3118,1856,3268
D:\SEM 7\CVProject\datasets\bottles_occluded\image_18.jpg,2485,1790,2575,2011
D:\SEM 7\CVProject\datasets\bottles_occluded\image_18.jpg,1888,2260,2029,2401
D:\SEM 7\CVProject\datasets\bottles_occluded\image_18.jpg,1437,625,1585,758
D:\SEM 7\CVProject\datasets\bottles_occluded\image_18.jpg,2338,1723,2452,1894
D:\SEM 7\CVProject\datasets\bottles_occluded\image_18.jpg,1927,3692,2027,3886
D:\SEM 7\CVProject\datasets\bottles_occluded\image_18.jpg,351,978,461,1154
D:\SEM 7\CVProject\datasets\bottles_occluded\image_18.jpg,2403,3190,2532,3339
D:\SEM 7\CVProject\datasets\bottles_occluded\image_18.jpg,2102,519,2281,626
D:\SEM 7\CVProject\datasets\bottles_occluded\image_18.jpg,113,1659,281,1773
D:\SEM 7\CVProject\datasets\bottles_occluded\image_18.jpg,1788,1735,1904,1898
D:\SEM 7\CVProject\datasets\bottles_occluded\image_18.jpg,60,3423,231,3532
D:\SEM 7\CVProject\datasets\bottles_occluded\image_18.jpg,827,3797,927,3981
D:\SEM 7\CVProject\datasets\bottles_occluded\image_18.jpg,1214,970,1335,1122
D:\SEM 7\CVProject\datasets\bottles_occluded\image_18.jpg,2173,3627,2287,3788
D:\SEM 7\CVProject\datasets\bottles_occluded\image_18.jpg,2259,2005,2399,2136
D:\SEM 7\CVProject\datasets\bottles_occluded\image_18.jpg,1573,302,1716,430
D:\SEM 7\CVProject\datasets\bottles_occluded\image_18.jpg,738,3186,856,3341
D:\SEM 7\CVProject\datasets\bottles_occluded\image_18.jpg,1393,2089,1500,2259
D:\SEM 7\CVProject\datasets\bottles_occluded\image_18.jpg,2210,1905,2279,2167
D:\SEM 7\CVProject\datasets\bottles_occluded\image_18.jpg,1829,2097,1932,2273
D:\SEM 7\CVProject\datasets\bottles_occluded\image_18.jpg,200,629,320,778
D:\SEM 7\CVProject\datasets\bottles_occluded\image_18.jpg,1722,2608,1867,2731
D:\SEM 7\CVProject\datasets\bottles_occluded\image_18.jpg,2309,0,2413,171
D:\SEM 7\CVProject\datasets\bottles_occluded\image_18.jpg,2624,2844,2718,3033
D:\SEM 7\CVProject\datasets\bottles_occluded\image_18.jpg,2484,120,2600,273
D:\SEM 7\CVProject\datasets\bottles_occluded\image_18.jpg,0,377,95,563
D:\SEM 7\CVProject\datasets\bottles_occluded\image_18.jpg,1062,2350,1153,2544
D:\SEM 7\CVProject\datasets\bottles_occluded\image_18.jpg,942,3834,1049,3999
D:\SEM 7\CVProject\datasets\bottles_occluded\image_18.jpg,2230,1582,2352,1726
D:\SEM 7\CVProject\datasets\bottles_occluded\image_18.jpg,2103,2304,2161,2603
D:\SEM 7\CVProject\datasets\bottles_occluded\image_18.jpg,125,3340,275,3456
D:\SEM 7\CVProject\datasets\bottles_occluded\image_18.jpg,2638,3246,2747,3405
D:\SEM 7\CVProject\datasets\bottles_occluded\image_18.jpg,1869,2797,1951,3007
D:\SEM 7\CVProject\datasets\bottles_occluded\image_18.jpg,1556,2377,1695,2501
D:\SEM 7\CVProject\datasets\bottles_occluded\image_18.jpg,2160,996,2333,1095
D:\SEM 7\CVProject\datasets\bottles_occluded\image_18.jpg,2312,2730,2498,2822
D:\SEM 7\CVProject\datasets\bottles_occluded\image_18.jpg,1854,640,1971,786
D:\SEM 7\CVProject\datasets\bottles_occluded\image_18.jpg,2461,1195,2531,1438
D:\SEM 7\CVProject\datasets\bottles_occluded\image_18.jpg,2112,3532,2211,3704
D:\SEM 7\CVProject\datasets\bottles_occluded\image_18.jpg,1940,2918,2035,3097
D:\SEM 7\CVProject\datasets\bottles_occluded\image_18.jpg,1378,2439,1441,2708
D:\SEM 7\CVProject\datasets\bottles_occluded\image_18.jpg,798,2107,960,2212
D:\SEM 7\CVProject\datasets\bottles_occluded\image_18.jpg,1289,3899,1459,3999
D:\SEM 7\CVProject\datasets\bottles_occluded\image_18.jpg,2659,3615,2722,3882
D:\SEM 7\CVProject\datasets\bottles_occluded\image_18.jpg,659,316,773,464
D:\SEM 7\CVProject\datasets\bottles_occluded\image_18.jpg,0,917,88,1108
D:\SEM 7\CVProject\datasets\bottles_occluded\image_18.jpg,2315,3667,2399,3867
D:\SEM 7\CVProject\datasets\bottles_occluded\image_18.jpg,2727,1837,2803,2057
D:\SEM 7\CVProject\datasets\bottles_occluded\image_18.jpg,1947,2766,2018,3001
D:\SEM 7\CVProject\datasets\bottles_occluded\image_18.jpg,2269,396,2383,542
D:\SEM 7\CVProject\datasets\bottles_occluded\image_18.jpg,2590,1308,2765,1403
D:\SEM 7\CVProject\datasets\bottles_occluded\image_18.jpg,2933,1263,2999,1514
D:\SEM 7\CVProject\datasets\bottles_occluded\image_18.jpg,1488,3321,1578,3505
D:\SEM 7\CVProject\datasets\bottles_occluded\image_18.jpg,507,794,654,906
D:\SEM 7\CVProject\datasets\bottles_occluded\image_18.jpg,2799,3255,2915,3396
D:\SEM 7\CVProject\datasets\bottles_occluded\image_18.jpg,2642,952,2826,1040
D:\SEM 7\CVProject\datasets\bottles_occluded\image_18.jpg,1955,2457,2104,2565
D:\SEM 7\CVProject\datasets\bottles_occluded\image_18.jpg,2873,2813,2999,2940
D:\SEM 7\CVProject\datasets\bottles_occluded\image_18.jpg,1682,3708,1757,3919
D:\SEM 7\CVProject\datasets\bottles_occluded\image_18.jpg,411,2271,531,2403
D:\SEM 7\CVProject\datasets\bottles_occluded\image_18.jpg,2518,1788,2610,1960
D:\SEM 7\CVProject\datasets\bottles_occluded\image_18.jpg,1797,1308,1929,1427
D:\SEM 7\CVProject\datasets\bottles_occluded\image_18.jpg,1471,2480,1552,2673
D:\SEM 7\CVProject\datasets\bottles_occluded\image_18.jpg,1386,1427,1511,1552
D:\SEM 7\CVProject\datasets\bottles_occluded\image_18.jpg,42,841,160,973
D:\SEM 7\CVProject\datasets\bottles_occluded\image_18.jpg,940,1116,1086,1220
D:\SEM 7\CVProject\datasets\bottles_occluded\image_18.jpg,1872,3747,1932,3999
D:\SEM 7\CVProject\datasets\bottles_occluded\image_18.jpg,87,1584,180,1747
D:\SEM 7\CVProject\datasets\bottles_occluded\image_18.jpg,2439,3252,2548,3391
D:\SEM 7\CVProject\datasets\bottles_occluded\image_18.jpg,1926,533,2090,625
D:\SEM 7\CVProject\datasets\bottles_occluded\image_18.jpg,2256,3504,2348,3668
D:\SEM 7\CVProject\datasets\bottles_occluded\image_18.jpg,2933,3032,2999,3258
D:\SEM 7\CVProject\datasets\bottles_occluded\image_18.jpg,1421,3902,1575,3999
D:\SEM 7\CVProject\datasets\bottles_occluded\image_18.jpg,2335,841,2428,1001
D:\SEM 7\CVProject\datasets\bottles_occluded\image_18.jpg,2014,412,2140,530
D:\SEM 7\CVProject\datasets\bottles_occluded\image_18.jpg,1646,2761,1749,2905
D:\SEM 7\CVProject\datasets\bottles_occluded\image_18.jpg,71,764,202,877
D:\SEM 7\CVProject\datasets\bottles_occluded\image_18.jpg,2289,2963,2365,3157
D:\SEM 7\CVProject\datasets\bottles_occluded\image_18.jpg,1174,0,1307,111
D:\SEM 7\CVProject\datasets\bottles_occluded\image_18.jpg,2638,404,2761,524
D:\SEM 7\CVProject\datasets\bottles_occluded\image_18.jpg,2393,2249,2487,2405
D:\SEM 7\CVProject\datasets\bottles_occluded\image_18.jpg,2397,1576,2488,1737
D:\SEM 7\CVProject\datasets\bottles_occluded\image_18.jpg,2841,2153,2924,2329
D:\SEM 7\CVProject\datasets\bottles_occluded\image_18.jpg,2756,1311,2863,1447
D:\SEM 7\CVProject\datasets\bottles_occluded\image_18.jpg,2144,2694,2249,2831
D:\SEM 7\CVProject\datasets\bottles_occluded\image_18.jpg,2478,1295,2585,1429
D:\SEM 7\CVProject\datasets\bottles_occluded\image_18.jpg,1760,1392,1907,1489
D:\SEM 7\CVProject\datasets\bottles_occluded\image_18.jpg,2081,2087,2151,2290
D:\SEM 7\CVProject\datasets\bottles_occluded\image_18.jpg,2720,1607,2814,1758
D:\SEM 7\CVProject\datasets\bottles_occluded\image_18.jpg,2131,784,2198,995
D:\SEM 7\CVProject\datasets\bottles_occluded\image_18.jpg,2058,2948,2157,3091
D:\SEM 7\CVProject\datasets\bottles_occluded\image_18.jpg,762,2611,855,2763
D:\SEM 7\CVProject\datasets\bottles_occluded\image_18.jpg,2207,3021,2331,3135
D:\SEM 7\CVProject\datasets\bottles_occluded\image_18.jpg,1829,522,1948,640
D:\SEM 7\CVProject\datasets\bottles_occluded\image_18.jpg,705,2882,803,3025
D:\SEM 7\CVProject\datasets\bottles_occluded\image_18.jpg,1583,1914,1696,2037
D:\SEM 7\CVProject\datasets\bottles_occluded\image_18.jpg,2516,2232,2683,2314
D:\SEM 7\CVProject\datasets\bottles_occluded\image_18.jpg,2019,3324,2151,3427
D:\SEM 7\CVProject\datasets\bottles_occluded\image_18.jpg,2023,3736,2086,3951
D:\SEM 7\CVProject\datasets\bottles_occluded\image_18.jpg,2867,1336,2950,1498
D:\SEM 7\CVProject\datasets\bottles_occluded\image_18.jpg,2324,3025,2439,3142
D:\SEM 7\CVProject\datasets\bottles_occluded\image_18.jpg,1,1450,87,1606
D:\SEM 7\CVProject\datasets\bottles_occluded\image_18.jpg,1720,1966,1858,2063
D:\SEM 7\CVProject\datasets\bottles_occluded\image_18.jpg,1065,2453,1140,2631
D:\SEM 7\CVProject\datasets\bottles_occluded\image_18.jpg,1504,3140,1668,3221
D:\SEM 7\CVProject\datasets\bottles_occluded\image_18.jpg,1991,2345,2120,2448
D:\SEM 7\CVProject\datasets\bottles_occluded\image_18.jpg,2347,520,2421,699
D:\SEM 7\CVProject\datasets\bottles_occluded\image_18.jpg,2615,3471,2749,3569
D:\SEM 7\CVProject\datasets\bottles_occluded\image_18.jpg,936,2781,1064,2883
D:\SEM 7\CVProject\datasets\bottles_occluded\image_18.jpg,2390,2806,2468,2973
D:\SEM 7\CVProject\datasets\bottles_occluded\image_18.jpg,1834,2560,1949,2673
D:\SEM 7\CVProject\datasets\bottles_occluded\image_18.jpg,2888,1778,2999,1895
D:\SEM 7\CVProject\datasets\bottles_occluded\image_18.jpg,2147,950,2256,1069
D:\SEM 7\CVProject\datasets\bottles_occluded\image_18.jpg,2311,3132,2440,3232
D:\SEM 7\CVProject\datasets\bottles_occluded\image_18.jpg,2771,112,2891,219
D:\SEM 7\CVProject\datasets\bottles_occluded\image_18.jpg,2671,1183,2742,1362
D:\SEM 7\CVProject\datasets\bottles_occluded\image_18.jpg,1369,1270,1475,1389
D:\SEM 7\CVProject\datasets\bottles_occluded\image_18.jpg,1147,3928,1324,3999
D:\SEM 7\CVProject\datasets\bottles_occluded\image_18.jpg,1109,2474,1205,2605
D:\SEM 7\CVProject\datasets\bottles_occluded\image_18.jpg,96,1512,182,1658
D:\SEM 7\CVProject\datasets\bottles_occluded\image_18.jpg,1755,827,1838,978
D:\SEM 7\CVProject\datasets\bottles_occluded\image_18.jpg,2766,2899,2810,3181
D:\SEM 7\CVProject\datasets\bottles_occluded\image_18.jpg,1583,3716,1655,3889
D:\SEM 7\CVProject\datasets\bottles_occluded\image_18.jpg,1803,2076,1885,2228
D:\SEM 7\CVProject\datasets\bottles_occluded\image_18.jpg,2854,621,2969,729
D:\SEM 7\CVProject\datasets\bottles_occluded\image_18.jpg,167,2035,313,2120
D:\SEM 7\CVProject\datasets\bottles_occluded\image_18.jpg,2015,1316,2168,1397
D:\SEM 7\CVProject\datasets\bottles_occluded\image_18.jpg,1410,2745,1515,2863
D:\SEM 7\CVProject\datasets\bottles_occluded\image_18.jpg,788,1123,954,1197
D:\SEM 7\CVProject\datasets\bottles_occluded\image_18.jpg,2740,368,2820,520
D:\SEM 7\CVProject\datasets\bottles_occluded\image_18.jpg,2566,165,2649,311
D:\SEM 7\CVProject\datasets\bottles_occluded\image_18.jpg,1105,2345,1169,2533
D:\SEM 7\CVProject\datasets\bottles_occluded\image_18.jpg,1,654,97,779
D:\SEM 7\CVProject\datasets\bottles_occluded\image_18.jpg,1549,2318,1634,2459
D:\SEM 7\CVProject\datasets\bottles_occluded\image_18.jpg,2649,0,2790,85
D:\SEM 7\CVProject\datasets\bottles_occluded\image_18.jpg,2358,2858,2440,3004
D:\SEM 7\CVProject\datasets\bottles_occluded\image_18.jpg,2273,229,2349,386
D:\SEM 7\CVProject\datasets\bottles_occluded\image_18.jpg,1856,2977,1957,3095
D:\SEM 7\CVProject\datasets\bottles_occluded\image_18.jpg,2317,603,2418,721
D:\SEM 7\CVProject\datasets\bottles_occluded\image_18.jpg,1,249,66,431
D:\SEM 7\CVProject\datasets\bottles_occluded\image_18.jpg,280,3321,371,3451
D:\SEM 7\CVProject\datasets\bottles_occluded\image_18.jpg,1565,3487,1661,3610
D:\SEM 7\CVProject\datasets\bottles_occluded\image_18.jpg,2100,179,2178,330
D:\SEM 7\CVProject\datasets\bottles_occluded\image_19.jpg,445,2261,2999,3999
D:\SEM 7\CVProject\datasets\bottles_occluded\image_19.jpg,473,0,2999,1748
D:\SEM 7\CVProject\datasets\bottles_occluded\image_19.jpg,0,0,1053,3999
D:\SEM 7\CVProject\datasets\bottles_occluded\image_19.jpg,433,1862,1427,3562
D:\SEM 7\CVProject\datasets\bottles_occluded\image_19.jpg,922,773,2033,1916
D:\SEM 7\CVProject\datasets\bottles_occluded\image_19.jpg,409,338,1022,1846
D:\SEM 7\CVProject\datasets\bottles_occluded\image_19.jpg,0,3193,691,3999
D:\SEM 7\CVProject\datasets\bottles_occluded\image_19.jpg,0,0,542,648
D:\SEM 7\CVProject\datasets\bottles_occluded\image_19.jpg,1065,2498,1470,3231
D:\SEM 7\CVProject\datasets\bottles_occluded\image_19.jpg,294,1712,683,2376
D:\SEM 7\CVProject\datasets\bottles_occluded\image_19.jpg,242,262,703,774
D:\SEM 7\CVProject\datasets\bottles_occluded\image_19.jpg,785,1556,1092,2311
D:\SEM 7\CVProject\datasets\bottles_occluded\image_19.jpg,146,3409,717,3747
D:\SEM 7\CVProject\datasets\bottles_occluded\image_19.jpg,2333,1154,2957,1447
D:\SEM 7\CVProject\datasets\bottles_occluded\image_19.jpg,1048,2292,1599,2619
D:\SEM 7\CVProject\datasets\bottles_occluded\image_19.jpg,2506,0,2830,517
D:\SEM 7\CVProject\datasets\bottles_occluded\image_19.jpg,632,189,977,599
D:\SEM 7\CVProject\datasets\bottles_occluded\image_19.jpg,0,489,322,918
D:\SEM 7\CVProject\datasets\bottles_occluded\image_19.jpg,958,635,1334,971
D:\SEM 7\CVProject\datasets\bottles_occluded\image_19.jpg,2024,0,2497,259
D:\SEM 7\CVProject\datasets\bottles_occluded\image_19.jpg,1573,2277,2016,2551
D:\SEM 7\CVProject\datasets\bottles_occluded\image_19.jpg,219,3195,530,3564
D:\SEM 7\CVProject\datasets\bottles_occluded\image_19.jpg,155,2457,327,3106
D:\SEM 7\CVProject\datasets\bottles_occluded\image_19.jpg,1153,3333,1529,3624
D:\SEM 7\CVProject\datasets\bottles_occluded\image_19.jpg,0,895,289,1248
D:\SEM 7\CVProject\datasets\bottles_occluded\image_19.jpg,54,3050,282,3466
D:\SEM 7\CVProject\datasets\bottles_occluded\image_19.jpg,0,2418,226,2836
D:\SEM 7\CVProject\datasets\bottles_occluded\image_19.jpg,615,686,777,1255
D:\SEM 7\CVProject\datasets\bottles_occluded\image_19.jpg,80,0,522,200
D:\SEM 7\CVProject\datasets\bottles_occluded\image_19.jpg,1099,2206,1523,2414
D:\SEM 7\CVProject\datasets\bottles_occluded\image_19.jpg,2439,2251,2756,2521
D:\SEM 7\CVProject\datasets\bottles_occluded\image_19.jpg,1190,1983,1629,2176
D:\SEM 7\CVProject\datasets\bottles_occluded\image_19.jpg,1002,1558,1210,1956
D:\SEM 7\CVProject\datasets\bottles_occluded\image_19.jpg,247,2793,506,3109
D:\SEM 7\CVProject\datasets\bottles_occluded\image_19.jpg,628,0,1068,185
D:\SEM 7\CVProject\datasets\bottles_occluded\image_19.jpg,0,1421,394,1616
D:\SEM 7\CVProject\datasets\bottles_occluded\image_19.jpg,543,2034,825,2300
D:\SEM 7\CVProject\datasets\bottles_occluded\image_19.jpg,2114,2191,2388,2457
D:\SEM 7\CVProject\datasets\bottles_occluded\image_19.jpg,659,521,830,940
D:\SEM 7\CVProject\datasets\bottles_occluded\image_19.jpg,401,991,507,1665
D:\SEM 7\CVProject\datasets\bottles_occluded\image_19.jpg,625,1501,945,1714
D:\SEM 7\CVProject\datasets\bottles_occluded\image_19.jpg,510,346,653,818
D:\SEM 7\CVProject\datasets\bottles_occluded\image_19.jpg,932,2313,1123,2648
D:\SEM 7\CVProject\datasets\bottles_occluded\image_19.jpg,2526,1125,2897,1275
D:\SEM 7\CVProject\datasets\bottles_occluded\image_19.jpg,1997,3395,2247,3615
D:\SEM 7\CVProject\datasets\bottles_occluded\image_19.jpg,0,2172,298,2355
D:\SEM 7\CVProject\datasets\bottles_occluded\image_19.jpg,1014,3110,1142,3533
D:\SEM 7\CVProject\datasets\bottles_occluded\image_19.jpg,527,1263,800,1458
D:\SEM 7\CVProject\datasets\bottles_occluded\image_19.jpg,2878,782,2999,1219
D:\SEM 7\CVProject\datasets\bottles_occluded\image_19.jpg,1018,2048,1276,2241
D:\SEM 7\CVProject\datasets\bottles_occluded\image_19.jpg,995,1463,1093,1960
D:\SEM 7\CVProject\datasets\bottles_occluded\image_19.jpg,565,3749,759,3999
D:\SEM 7\CVProject\datasets\bottles_occluded\image_19.jpg,674,2410,847,2685
D:\SEM 7\CVProject\datasets\bottles_occluded\image_19.jpg,290,1025,419,1379
D:\SEM 7\CVProject\datasets\bottles_occluded\image_19.jpg,0,1241,237,1433
D:\SEM 7\CVProject\datasets\bottles_occluded\image_19.jpg,918,696,1078,978
D:\SEM 7\CVProject\datasets\bottles_occluded\image_19.jpg,2665,3864,2999,3999
D:\SEM 7\CVProject\datasets\bottles_occluded\image_19.jpg,2638,861,2914,1001
D:\SEM 7\CVProject\datasets\bottles_occluded\image_19.jpg,0,2887,180,3094
D:\SEM 7\CVProject\datasets\bottles_occluded\image_19.jpg,639,255,733,642
D:\SEM 7\CVProject\datasets\bottles_occluded\image_19.jpg,1023,2122,1227,2300
D:\SEM 7\CVProject\datasets\bottles_occluded\image_19.jpg,2797,464,2999,643
D:\SEM 7\CVProject\datasets\bottles_occluded\image_19.jpg,1138,1938,1389,2078
D:\SEM 7\CVProject\datasets\bottles_occluded\image_19.jpg,2038,0,2264,155
D:\SEM 7\CVProject\datasets\bottles_occluded\image_19.jpg,1207,3723,1384,3920
D:\SEM 7\CVProject\datasets\bottles_occluded\image_19.jpg,188,515,347,734
D:\SEM 7\CVProject\datasets\bottles_occluded\image_19.jpg,1477,536,1649,738
D:\SEM 7\CVProject\datasets\bottles_occluded\image_19.jpg,815,563,879,1099
D:\SEM 7\CVProject\datasets\bottles_occluded\image_19.jpg,1073,2366,1227,2585
D:\SEM 7\CVProject\datasets\bottles_occluded\image_19.jpg,903,147,1043,372
D:\SEM 7\CVProject\datasets\bottles_occluded\image_19.jpg,1419,521,1583,711
D:\SEM 7\CVProject\datasets\bottles_occluded\image_19.jpg,453,3422,597,3611
D:\SEM 7\CVProject\datasets\bottles_occluded\image_19.jpg,1,1993,89,2294
D:\SEM 7\CVProject\datasets\bottles_occluded\image_19.jpg,1730,165,1930,295
D:\SEM 7\CVProject\datasets\bottles_occluded\image_19.jpg,206,1176,304,1434
D:\SEM 7\CVProject\datasets\bottles_occluded\image_19.jpg,400,3378,565,3531
D:\SEM 7\CVProject\datasets\bottles_occluded\image_19.jpg,905,583,999,850
D:\SEM 7\CVProject\datasets\bottles_occluded\image_19.jpg,1815,0,2021,121
D:\SEM 7\CVProject\datasets\bottles_occluded\image_19.jpg,340,705,471,894
D:\SEM 7\CVProject\datasets\bottles_occluded\image_19.jpg,1048,1882,1141,2147
D:\SEM 7\CVProject\datasets\bottles_occluded\image_19.jpg,170,408,290,608
D:\SEM 7\CVProject\datasets\bottles_occluded\image_19.jpg,1022,1558,1099,1863
D:\SEM 7\CVProject\datasets\bottles_occluded\image_19.jpg,210,1701,322,1908
D:\SEM 7\CVProject\datasets\bottles_occluded\image_19.jpg,600,1954,773,2083
D:\SEM 7\CVProject\datasets\bottles_occluded\image_19.jpg,621,1718,815,1833
D:\SEM 7\CVProject\datasets\bottles_occluded\image_19.jpg,160,2276,306,2428
D:\SEM 7\CVProject\datasets\bottles_occluded\image_19.jpg,652,0,814,136
D:\SEM 7\CVProject\datasets\bottles_occluded\image_19.jpg,802,2394,994,2507
D:\SEM 7\CVProject\datasets\bottles_occluded\image_19.jpg,0,3464,109,3663
D:\SEM 7\CVProject\datasets\bottles_occluded\image_19.jpg,1103,1745,1303,1853
D:\SEM 7\CVProject\datasets\bottles_occluded\image_19.jpg,1286,1939,1424,2094
D:\SEM 7\CVProject\datasets\bottles_occluded\image_19.jpg,45,2064,182,2217
D:\SEM 7\CVProject\datasets\bottles_occluded\image_19.jpg,1,1624,204,1726
D:\SEM 7\CVProject\datasets\bottles_occluded\image_19.jpg,74,1928,165,2149
D:\SEM 7\CVProject\datasets\bottles_occluded\image_19.jpg,32,925,126,1134
D:\SEM 7\CVProject\datasets\bottles_occluded\image_19.jpg,1211,3832,1324,3999
D:\SEM 7\CVProject\datasets\bottles_occluded\image_19.jpg,619,1999,765,2127
D:\SEM 7\CVProject\datasets\bottles_occluded\image_19.jpg,84,282,165,507
D:\SEM 7\CVProject\datasets\bottles_occluded\image_19.jpg,365,2399,448,2617
D:\SEM 7\CVProject\datasets\bottles_occluded\image_19.jpg,1212,1913,1351,2043
D:\SEM 7\CVProject\datasets\bottles_occluded\image_19.jpg,859,2008,925,2276
D:\SEM 7\CVProject\datasets\bottles_occluded\image_19.jpg,1350,1345,1491,1466
D:\SEM 7\CVProject\datasets\bottles_occluded\image_19.jpg,842,281,925,486
D:\SEM 7\CVProject\datasets\bottles_occluded\image_19.jpg,268,1562,400,1691
D:\SEM 7\CVProject\datasets\bottles_occluded\image_19.jpg,0,3185,101,3352
D:\SEM 7\CVProject\datasets\bottles_occluded\image_19.jpg,841,2174,948,2330
D:\SEM 7\CVProject\datasets\bottles_occluded\image_19.jpg,1730,3759,1865,3882
D:\SEM 7\CVProject\datasets\bottles_occluded\image_19.jpg,341,3303,444,3464
D:\SEM 7\CVProject\datasets\bottles_occluded\image_19.jpg,545,1825,648,1985
D:\SEM 7\CVProject\datasets\bottles_occluded\image_19.jpg,2877,630,2999,764
D:\SEM 7\CVProject\datasets\bottles_occluded\image_19.jpg,713,3170,831,3307
D:\SEM 7\CVProject\datasets\bottles_occluded\image_19.jpg,92,156,288,238
D:\SEM 7\CVProject\datasets\bottles_occluded\image_19.jpg,425,101,559,221
D:\SEM 7\CVProject\datasets\bottles_occluded\image_19.jpg,723,1370,817,1537
D:\SEM 7\CVProject\datasets\bottles_occluded\image_19.jpg,561,1932,683,2056
D:\SEM 7\CVProject\datasets\bottles_occluded\image_19.jpg,1,2782,116,2912
D:\SEM 7\CVProject\datasets\bottles_occluded\image_19.jpg,449,3249,548,3399
D:\SEM 7\CVProject\datasets\bottles_occluded\image_19.jpg,95,2775,208,2905
D:\SEM 7\CVProject\datasets\bottles_occluded\image_19.jpg,1163,1865,1291,1978
D:\SEM 7\CVProject\datasets\bottles_occluded\image_19.jpg,1,2741,129,2854
D:\SEM 7\CVProject\datasets\bottles_occluded\image_19.jpg,186,2465,261,2652
D:\SEM 7\CVProject\datasets\bottles_occluded\image_19.jpg,459,1481,540,1649
D:\SEM 7\CVProject\datasets\bottles_occluded\image_19.jpg,540,2765,620,2934
D:\SEM 7\CVProject\datasets\bottles_occluded\image_19.jpg,1085,1966,1159,2148
D:\SEM 7\CVProject\datasets\bottles_occluded\image_19.jpg,58,1933,215,2017
D:\SEM 7\CVProject\datasets\bottles_occluded\image_19.jpg,1165,0,1264,133
D:\SEM 7\CVProject\datasets\bottles_occluded\image_19.jpg,1,955,69,1148
D:\SEM 7\CVProject\datasets\bottles_occluded\image_19.jpg,1,733,91,879
D:\SEM 7\CVProject\datasets\bottles_occluded\image_19.jpg,1358,545,1453,683
D:\SEM 7\CVProject\datasets\bottles_occluded\image_19.jpg,150,230,213,430
D:\SEM 7\CVProject\datasets\bottles_occluded\image_19.jpg,916,2121,1000,2271
D:\SEM 7\CVProject\datasets\bottles_occluded\image_19.jpg,120,1958,231,2070
D:\SEM 7\CVProject\datasets\bottles_occluded\image_19.jpg,2432,228,2493,426
D:\SEM 7\CVProject\datasets\bottles_occluded\image_19.jpg,1605,1972,1724,2073
D:\SEM 7\CVProject\datasets\bottles_occluded\image_19.jpg,374,2854,453,3006
D:\SEM 7\CVProject\datasets\bottles_occluded\image_19.jpg,235,0,382,81
D:\SEM 7\CVProject\datasets\bottles_occluded\image_19.jpg,1735,3729,1802,3905
D:\SEM 7\CVProject\datasets\bottles_occluded\image_2.jpg,0,485,3023,3655
D:\SEM 7\CVProject\datasets\bottles_occluded\image_2.jpg,0,1855,2132,4031
D:\SEM 7\CVProject\datasets\bottles_occluded\image_2.jpg,1643,948,3023,3581
D:\SEM 7\CVProject\datasets\bottles_occluded\image_2.jpg,1456,2307,3015,3873
D:\SEM 7\CVProject\datasets\bottles_occluded\image_2.jpg,771,1056,2101,2319
D:\SEM 7\CVProject\datasets\bottles_occluded\image_2.jpg,420,823,1123,1571
D:\SEM 7\CVProject\datasets\bottles_occluded\image_2.jpg,284,1542,984,2258
D:\SEM 7\CVProject\datasets\bottles_occluded\image_2.jpg,2202,3583,3023,4031
D:\SEM 7\CVProject\datasets\bottles_occluded\image_2.jpg,506,3661,1395,4031
D:\SEM 7\CVProject\datasets\bottles_occluded\image_2.jpg,2251,2383,2918,2829
D:\SEM 7\CVProject\datasets\bottles_occluded\image_2.jpg,489,2216,1061,2635
D:\SEM 7\CVProject\datasets\bottles_occluded\image_2.jpg,2255,3317,2885,3665
D:\SEM 7\CVProject\datasets\bottles_occluded\image_2.jpg,0,3456,357,4031
D:\SEM 7\CVProject\datasets\bottles_occluded\image_2.jpg,557,1129,1035,1545
D:\SEM 7\CVProject\datasets\bottles_occluded\image_2.jpg,1009,1169,1221,2044
D:\SEM 7\CVProject\datasets\bottles_occluded\image_2.jpg,1120,1283,1381,1870
D:\SEM 7\CVProject\datasets\bottles_occluded\image_2.jpg,105,1492,426,1861
D:\SEM 7\CVProject\datasets\bottles_occluded\image_2.jpg,614,828,980,1123
D:\SEM 7\CVProject\datasets\bottles_occluded\image_2.jpg,1427,3278,1725,3592
D:\SEM 7\CVProject\datasets\bottles_occluded\image_2.jpg,2341,2920,2639,3232
D:\SEM 7\CVProject\datasets\bottles_occluded\image_2.jpg,1046,1691,1455,1911
D:\SEM 7\CVProject\datasets\bottles_occluded\image_2.jpg,1031,0,1402,229
D:\SEM 7\CVProject\datasets\bottles_occluded\image_2.jpg,478,2602,882,2796
D:\SEM 7\CVProject\datasets\bottles_occluded\image_2.jpg,411,2832,615,3204
D:\SEM 7\CVProject\datasets\bottles_occluded\image_2.jpg,1013,2099,1236,2405
D:\SEM 7\CVProject\datasets\bottles_occluded\image_2.jpg,1306,32,1581,280
D:\SEM 7\CVProject\datasets\bottles_occluded\image_2.jpg,1457,1468,1619,1884
D:\SEM 7\CVProject\datasets\bottles_occluded\image_2.jpg,1460,1207,1620,1623
D:\SEM 7\CVProject\datasets\bottles_occluded\image_2.jpg,1382,1314,1509,1826
D:\SEM 7\CVProject\datasets\bottles_occluded\image_2.jpg,2323,0,2636,197
D:\SEM 7\CVProject\datasets\bottles_occluded\image_2.jpg,170,3804,427,4031
D:\SEM 7\CVProject\datasets\bottles_occluded\image_2.jpg,2724,1551,2928,1831
D:\SEM 7\CVProject\datasets\bottles_occluded\image_2.jpg,2305,1048,2591,1246
D:\SEM 7\CVProject\datasets\bottles_occluded\image_2.jpg,1352,1662,1571,1920
D:\SEM 7\CVProject\datasets\bottles_occluded\image_2.jpg,564,2763,869,2944
D:\SEM 7\CVProject\datasets\bottles_occluded\image_2.jpg,1258,3459,1436,3765
D:\SEM 7\CVProject\datasets\bottles_occluded\image_2.jpg,557,1687,823,1883
D:\SEM 7\CVProject\datasets\bottles_occluded\image_2.jpg,2504,2670,2723,2905
D:\SEM 7\CVProject\datasets\bottles_occluded\image_2.jpg,2268,3075,2460,3343
D:\SEM 7\CVProject\datasets\bottles_occluded\image_2.jpg,2428,285,2754,441
D:\SEM 7\CVProject\datasets\bottles_occluded\image_2.jpg,2669,3787,2870,4031
D:\SEM 7\CVProject\datasets\bottles_occluded\image_2.jpg,2140,2073,2419,2247
D:\SEM 7\CVProject\datasets\bottles_occluded\image_2.jpg,1561,2401,1742,2664
D:\SEM 7\CVProject\datasets\bottles_occluded\image_2.jpg,2114,3469,2316,3701
D:\SEM 7\CVProject\datasets\bottles_occluded\image_2.jpg,886,2449,1056,2723
D:\SEM 7\CVProject\datasets\bottles_occluded\image_2.jpg,2741,664,2889,976
D:\SEM 7\CVProject\datasets\bottles_occluded\image_2.jpg,874,2699,1047,2963
D:\SEM 7\CVProject\datasets\bottles_occluded\image_2.jpg,2667,862,2862,1088
D:\SEM 7\CVProject\datasets\bottles_occluded\image_2.jpg,2298,1871,2480,2113
D:\SEM 7\CVProject\datasets\bottles_occluded\image_2.jpg,2346,2889,2485,3205
D:\SEM 7\CVProject\datasets\bottles_occluded\image_2.jpg,2049,1021,2289,1199
D:\SEM 7\CVProject\datasets\bottles_occluded\image_2.jpg,2386,3399,2602,3590
D:\SEM 7\CVProject\datasets\bottles_occluded\image_2.jpg,1170,2682,1322,2949
D:\SEM 7\CVProject\datasets\bottles_occluded\image_2.jpg,2761,3500,2900,3791
D:\SEM 7\CVProject\datasets\bottles_occluded\image_2.jpg,1261,2924,1471,3115
D:\SEM 7\CVProject\datasets\bottles_occluded\image_2.jpg,30,2051,202,2281
D:\SEM 7\CVProject\datasets\bottles_occluded\image_2.jpg,2757,1375,2901,1644
D:\SEM 7\CVProject\datasets\bottles_occluded\image_2.jpg,2055,245,2270,424
D:\SEM 7\CVProject\datasets\bottles_occluded\image_2.jpg,2566,1799,2703,2078
D:\SEM 7\CVProject\datasets\bottles_occluded\image_2.jpg,2762,2481,2911,2737
D:\SEM 7\CVProject\datasets\bottles_occluded\image_2.jpg,2327,787,2463,1065
D:\SEM 7\CVProject\datasets\bottles_occluded\image_2.jpg,2288,3773,2467,3983
D:\SEM 7\CVProject\datasets\bottles_occluded\image_2.jpg,1560,784,1699,1053
D:\SEM 7\CVProject\datasets\bottles_occluded\image_2.jpg,2211,788,2346,1062
D:\SEM 7\CVProject\datasets\bottles_occluded\image_2.jpg,2703,3287,2903,3472
D:\SEM 7\CVProject\datasets\bottles_occluded\image_2.jpg,2523,3609,2676,3850
D:\SEM 7\CVProject\datasets\bottles_occluded\image_2.jpg,2871,2148,3023,2390
D:\SEM 7\CVProject\datasets\bottles_occluded\image_2.jpg,2100,3011,2263,3236
D:\SEM 7\CVProject\datasets\bottles_occluded\image_2.jpg,1325,2880,1534,3055
D:\SEM 7\CVProject\datasets\bottles_occluded\image_2.jpg,491,3196,645,3433
D:\SEM 7\CVProject\datasets\bottles_occluded\image_2.jpg,625,831,905,961
D:\SEM 7\CVProject\datasets\bottles_occluded\image_2.jpg,1755,1060,2023,1195
D:\SEM 7\CVProject\datasets\bottles_occluded\image_2.jpg,2640,2994,2859,3159
D:\SEM 7\CVProject\datasets\bottles_occluded\image_2.jpg,2556,1383,2736,1582
D:\SEM 7\CVProject\datasets\bottles_occluded\image_2.jpg,2487,1972,2670,2166
D:\SEM 7\CVProject\datasets\bottles_occluded\image_2.jpg,930,3266,1067,3524
D:\SEM 7\CVProject\datasets\bottles_occluded\image_2.jpg,2201,494,2369,702
D:\SEM 7\CVProject\datasets\bottles_occluded\image_2.jpg,2350,1370,2542,1552
D:\SEM 7\CVProject\datasets\bottles_occluded\image_2.jpg,2458,831,2648,1014
D:\SEM 7\CVProject\datasets\bottles_occluded\image_2.jpg,1754,660,1868,964
D:\SEM 7\CVProject\datasets\bottles_occluded\image_2.jpg,2821,1238,3009,1421
D:\SEM 7\CVProject\datasets\bottles_occluded\image_2.jpg,2173,2384,2350,2578
D:\SEM 7\CVProject\datasets\bottles_occluded\image_2.jpg,1051,3709,1192,3951
D:\SEM 7\CVProject\datasets\bottles_occluded\image_2.jpg,1877,3475,2101,3626
D:\SEM 7\CVProject\datasets\bottles_occluded\image_2.jpg,2288,230,2487,400
D:\SEM 7\CVProject\datasets\bottles_occluded\image_2.jpg,2447,642,2614,837
D:\SEM 7\CVProject\datasets\bottles_occluded\image_2.jpg,2851,1857,3023,2046
D:\SEM 7\CVProject\datasets\bottles_occluded\image_2.jpg,2631,556,2809,738
D:\SEM 7\CVProject\datasets\bottles_occluded\image_2.jpg,1572,1285,1634,1803
D:\SEM 7\CVProject\datasets\bottles_occluded\image_2.jpg,1048,1727,1220,1915
D:\SEM 7\CVProject\datasets\bottles_occluded\image_2.jpg,2410,2783,2549,3014
D:\SEM 7\CVProject\datasets\bottles_occluded\image_2.jpg,1973,2164,2109,2400
D:\SEM 7\CVProject\datasets\bottles_occluded\image_2.jpg,2327,3512,2432,3817
D:\SEM 7\CVProject\datasets\bottles_occluded\image_2.jpg,2561,1193,2704,1417
D:\SEM 7\CVProject\datasets\bottles_occluded\image_2.jpg,2869,772,3023,980
D:\SEM 7\CVProject\datasets\bottles_occluded\image_2.jpg,1310,3840,1504,4003
D:\SEM 7\CVProject\datasets\bottles_occluded\image_2.jpg,491,3466,640,3676
D:\SEM 7\CVProject\datasets\bottles_occluded\image_2.jpg,631,3537,811,3710
D:\SEM 7\CVProject\datasets\bottles_occluded\image_2.jpg,2077,2958,2211,3190
D:\SEM 7\CVProject\datasets\bottles_occluded\image_2.jpg,771,3199,923,3402
D:\SEM 7\CVProject\datasets\bottles_occluded\image_2.jpg,2259,3228,2458,3383
D:\SEM 7\CVProject\datasets\bottles_occluded\image_2.jpg,90,1858,222,2089
D:\SEM 7\CVProject\datasets\bottles_occluded\image_2.jpg,1788,3592,1951,3779
D:\SEM 7\CVProject\datasets\bottles_occluded\image_2.jpg,1147,1646,1383,1774
D:\SEM 7\CVProject\datasets\bottles_occluded\image_2.jpg,2082,2500,2230,2704
D:\SEM 7\CVProject\datasets\bottles_occluded\image_2.jpg,1198,2277,1338,2492
D:\SEM 7\CVProject\datasets\bottles_occluded\image_2.jpg,1504,3372,1700,3525
D:\SEM 7\CVProject\datasets\bottles_occluded\image_2.jpg,2612,3486,2771,3674
D:\SEM 7\CVProject\datasets\bottles_occluded\image_2.jpg,946,3681,1088,3891
D:\SEM 7\CVProject\datasets\bottles_occluded\image_2.jpg,848,3610,1002,3803
D:\SEM 7\CVProject\datasets\bottles_occluded\image_2.jpg,2437,3311,2626,3467
D:\SEM 7\CVProject\datasets\bottles_occluded\image_2.jpg,482,2425,647,2603
D:\SEM 7\CVProject\datasets\bottles_occluded\image_2.jpg,1162,3260,1305,3465
D:\SEM 7\CVProject\datasets\bottles_occluded\image_2.jpg,1721,859,1860,1068
D:\SEM 7\CVProject\datasets\bottles_occluded\image_2.jpg,1527,3882,1721,4031
D:\SEM 7\CVProject\datasets\bottles_occluded\image_2.jpg,1064,473,1205,677
D:\SEM 7\CVProject\datasets\bottles_occluded\image_2.jpg,1134,2856,1237,3134
D:\SEM 7\CVProject\datasets\bottles_occluded\image_2.jpg,2138,1165,2252,1416
D:\SEM 7\CVProject\datasets\bottles_occluded\image_2.jpg,2098,1423,2247,1615
D:\SEM 7\CVProject\datasets\bottles_occluded\image_2.jpg,2187,1869,2310,2101
D:\SEM 7\CVProject\datasets\bottles_occluded\image_2.jpg,1836,3315,2020,3470
D:\SEM 7\CVProject\datasets\bottles_occluded\image_2.jpg,2679,1936,2843,2108
D:\SEM 7\CVProject\datasets\bottles_occluded\image_2.jpg,2606,671,2734,891
D:\SEM 7\CVProject\datasets\bottles_occluded\image_2.jpg,2688,1031,2799,1284
D:\SEM 7\CVProject\datasets\bottles_occluded\image_2.jpg,2910,2584,3023,2832
D:\SEM 7\CVProject\datasets\bottles_occluded\image_2.jpg,2915,3214,3023,3472
D:\SEM 7\CVProject\datasets\bottles_occluded\image_2.jpg,2882,3835,3023,4031
D:\SEM 7\CVProject\datasets\bottles_occluded\image_2.jpg,1886,448,2014,662
D:\SEM 7\CVProject\datasets\bottles_occluded\image_2.jpg,2677,2172,2862,2320
D:\SEM 7\CVProject\datasets\bottles_occluded\image_2.jpg,1010,1354,1064,1856
D:\SEM 7\CVProject\datasets\bottles_occluded\image_2.jpg,1030,3565,1194,3731
D:\SEM 7\CVProject\datasets\bottles_occluded\image_2.jpg,1803,0,1989,145
D:\SEM 7\CVProject\datasets\bottles_occluded\image_2.jpg,149,1121,332,1268
D:\SEM 7\CVProject\datasets\bottles_occluded\image_2.jpg,1926,3169,2104,3320
D:\SEM 7\CVProject\datasets\bottles_occluded\image_2.jpg,1854,763,1988,963
D:\SEM 7\CVProject\datasets\bottles_occluded\image_2.jpg,1164,3635,1289,3849
D:\SEM 7\CVProject\datasets\bottles_occluded\image_2.jpg,2189,0,2340,175
D:\SEM 7\CVProject\datasets\bottles_occluded\image_2.jpg,1290,2600,1406,2826
D:\SEM 7\CVProject\datasets\bottles_occluded\image_2.jpg,483,1630,563,1956
D:\SEM 7\CVProject\datasets\bottles_occluded\image_2.jpg,2472,3081,2624,3253
D:\SEM 7\CVProject\datasets\bottles_occluded\image_2.jpg,1033,3184,1158,3393
D:\SEM 7\CVProject\datasets\bottles_occluded\image_2.jpg,1344,640,1460,864
D:\SEM 7\CVProject\datasets\bottles_occluded\image_2.jpg,1173,2551,1311,2738
D:\SEM 7\CVProject\datasets\bottles_occluded\image_2.jpg,19,1442,217,1572
D:\SEM 7\CVProject\datasets\bottles_occluded\image_2.jpg,1182,3077,1307,3282
D:\SEM 7\CVProject\datasets\bottles_occluded\image_2.jpg,2754,1061,2882,1261
D:\SEM 7\CVProject\datasets\bottles_occluded\image_2.jpg,2288,1500,2427,1684
D:\SEM 7\CVProject\datasets\bottles_occluded\image_2.jpg,2502,2133,2682,2274
D:\SEM 7\CVProject\datasets\bottles_occluded\image_2.jpg,1288,3286,1387,3542
D:\SEM 7\CVProject\datasets\bottles_occluded\image_2.jpg,1992,3844,2180,3977
D:\SEM 7\CVProject\datasets\bottles_occluded\image_2.jpg,2632,1728,2767,1912
D:\SEM 7\CVProject\datasets\bottles_occluded\image_2.jpg,1444,1675,1570,1868
D:\SEM 7\CVProject\datasets\bottles_occluded\image_2.jpg,0,3289,135,3469
D:\SEM 7\CVProject\datasets\bottles_occluded\image_2.jpg,2647,3449,2788,3621
D:\SEM 7\CVProject\datasets\bottles_occluded\image_2.jpg,404,1721,504,1963
D:\SEM 7\CVProject\datasets\bottles_occluded\image_2.jpg,2863,3480,2970,3706
D:\SEM 7\CVProject\datasets\bottles_occluded\image_2.jpg,2090,1324,2238,1487
D:\SEM 7\CVProject\datasets\bottles_occluded\image_2.jpg,2025,1167,2143,1371
D:\SEM 7\CVProject\datasets\bottles_occluded\image_2.jpg,1447,1365,1509,1750
D:\SEM 7\CVProject\datasets\bottles_occluded\image_2.jpg,2441,1799,2564,1994
D:\SEM 7\CVProject\datasets\bottles_occluded\image_2.jpg,1851,2599,2013,2746
D:\SEM 7\CVProject\datasets\bottles_occluded\image_2.jpg,1534,643,1653,843
D:\SEM 7\CVProject\datasets\bottles_occluded\image_2.jpg,2043,2725,2210,2867
D:\SEM 7\CVProject\datasets\bottles_occluded\image_2.jpg,2953,1345,3023,1682
D:\SEM 7\CVProject\datasets\bottles_occluded\image_2.jpg,1933,2415,2055,2609
D:\SEM 7\CVProject\datasets\bottles_occluded\image_2.jpg,2279,1261,2452,1397
D:\SEM 7\CVProject\datasets\bottles_occluded\image_2.jpg,2399,535,2532,711
D:\SEM 7\CVProject\datasets\bottles_occluded\image_2.jpg,712,3386,869,3535
D:\SEM 7\CVProject\datasets\bottles_occluded\image_2.jpg,2100,795,2220,989
D:\SEM 7\CVProject\datasets\bottles_occluded\image_2.jpg,2738,2708,2896,2853
D:\SEM 7\CVProject\datasets\bottles_occluded\image_2.jpg,2471,1691,2637,1829
D:\SEM 7\CVProject\datasets\bottles_occluded\image_2.jpg,2191,683,2361,817
D:\SEM 7\CVProject\datasets\bottles_occluded\image_2.jpg,2707,2869,2864,3012
D:\SEM 7\CVProject\datasets\bottles_occluded\image_2.jpg,2126,3304,2277,3452
D:\SEM 7\CVProject\datasets\bottles_occluded\image_2.jpg,2866,1970,3023,2112
D:\SEM 7\CVProject\datasets\bottles_occluded\image_2.jpg,953,2896,1041,3148
D:\SEM 7\CVProject\datasets\bottles_occluded\image_2.jpg,181,990,369,1108
D:\SEM 7\CVProject\datasets\bottles_occluded\image_2.jpg,2059,1899,2204,2051
D:\SEM 7\CVProject\datasets\bottles_occluded\image_2.jpg,2685,3649,2780,3879
D:\SEM 7\CVProject\datasets\bottles_occluded\image_2.jpg,2929,3652,3023,3884
D:\SEM 7\CVProject\datasets\bottles_occluded\image_2.jpg,1038,2874,1180,3027
D:\SEM 7\CVProject\datasets\bottles_occluded\image_2.jpg,995,3045,1113,3229
D:\SEM 7\CVProject\datasets\bottles_occluded\image_2.jpg,2174,3875,2313,4031
D:\SEM 7\CVProject\datasets\bottles_occluded\image_2.jpg,1863,900,1992,1068
D:\SEM 7\CVProject\datasets\bottles_occluded\image_2.jpg,2451,3242,2616,3373
D:\SEM 7\CVProject\datasets\bottles_occluded\image_2.jpg,1573,3749,1727,3889
D:\SEM 7\CVProject\datasets\bottles_occluded\image_2.jpg,2543,494,2646,703
D:\SEM 7\CVProject\datasets\bottles_occluded\image_2.jpg,1056,1312,1161,1517
D:\SEM 7\CVProject\datasets\bottles_occluded\image_2.jpg,93,1110,262,1237
D:\SEM 7\CVProject\datasets\bottles_occluded\image_2.jpg,2501,3880,2643,4031
D:\SEM 7\CVProject\datasets\bottles_occluded\image_2.jpg,1378,797,1466,1040
D:\SEM 7\CVProject\datasets\bottles_occluded\image_2.jpg,12,2976,173,3109
D:\SEM 7\CVProject\datasets\bottles_occluded\image_2.jpg,2811,614,2956,761
D:\SEM 7\CVProject\datasets\bottles_occluded\image_2.jpg,1406,3714,1550,3861
D:\SEM 7\CVProject\datasets\bottles_occluded\image_2.jpg,1472,2555,1582,2747
D:\SEM 7\CVProject\datasets\bottles_occluded\image_2.jpg,749,1640,822,1928
D:\SEM 7\CVProject\datasets\bottles_occluded\image_2.jpg,2496,2338,2611,2521
D:\SEM 7\CVProject\datasets\bottles_occluded\image_2.jpg,2286,3728,2412,3895
D:\SEM 7\CVProject\datasets\bottles_occluded\image_2.jpg,2049,563,2180,723
D:\SEM 7\CVProject\datasets\bottles_occluded\image_2.jpg,2366,661,2463,876
D:\SEM 7\CVProject\datasets\bottles_occluded\image_2.jpg,326,1748,421,1967
D:\SEM 7\CVProject\datasets\bottles_occluded\image_2.jpg,972,3462,1085,3646
D:\SEM 7\CVProject\datasets\bottles_occluded\image_2.jpg,1652,674,1749,888
D:\SEM 7\CVProject\datasets\bottles_occluded\image_2.jpg,1994,2056,2142,2196
D:\SEM 7\CVProject\datasets\bottles_occluded\image_2.jpg,776,3571,863,3806
D:\SEM 7\CVProject\datasets\bottles_occluded\image_2.jpg,1910,3762,2020,3948
D:\SEM 7\CVProject\datasets\bottles_occluded\image_2.jpg,2655,3113,2767,3295
D:\SEM 7\CVProject\datasets\bottles_occluded\image_2.jpg,242,3369,342,3572
D:\SEM 7\CVProject\datasets\bottles_occluded\image_2.jpg,1640,2732,1812,2850
D:\SEM 7\CVProject\datasets\bottles_occluded\image_2.jpg,388,3319,492,3512
D:\SEM 7\CVProject\datasets\bottles_occluded\image_2.jpg,2644,2557,2747,2751
D:\SEM 7\CVProject\datasets\bottles_occluded\image_2.jpg,2677,3402,2832,3530
D:\SEM 7\CVProject\datasets\bottles_occluded\image_2.jpg,1771,3761,1889,3929
D:\SEM 7\CVProject\datasets\bottles_occluded\image_2.jpg,1807,586,1922,758
D:\SEM 7\CVProject\datasets\bottles_occluded\image_2.jpg,60,1215,182,1377
D:\SEM 7\CVProject\datasets\bottles_occluded\image_2.jpg,1,3134,120,3300
D:\SEM 7\CVProject\datasets\bottles_occluded\image_2.jpg,2118,2491,2330,2584
D:\SEM 7\CVProject\datasets\bottles_occluded\image_2.jpg,2602,984,2677,1246
D:\SEM 7\CVProject\datasets\bottles_occluded\image_2.jpg,2672,0,2885,92
D:\SEM 7\CVProject\datasets\bottles_occluded\image_2.jpg,2381,2268,2526,2403
D:\SEM 7\CVProject\datasets\bottles_occluded\image_2.jpg,2414,3698,2514,3893
D:\SEM 7\CVProject\datasets\bottles_occluded\image_2.jpg,664,1705,764,1900
D:\SEM 7\CVProject\datasets\bottles_occluded\image_2.jpg,1332,2515,1485,2642
D:\SEM 7\CVProject\datasets\bottles_occluded\image_2.jpg,658,3236,756,3434
D:\SEM 7\CVProject\datasets\bottles_occluded\image_2.jpg,2611,2319,2795,2424
D:\SEM 7\CVProject\datasets\bottles_occluded\image_2.jpg,317,1716,379,2026
D:\SEM 7\CVProject\datasets\bottles_occluded\image_2.jpg,2918,2472,3023,2655
D:\SEM 7\CVProject\datasets\bottles_occluded\image_2.jpg,2160,2058,2271,2231
D:\SEM 7\CVProject\datasets\bottles_occluded\image_2.jpg,2914,1744,3023,1917
D:\SEM 7\CVProject\datasets\bottles_occluded\image_2.jpg,954,2521,1054,2709
D:\SEM 7\CVProject\datasets\bottles_occluded\image_2.jpg,1056,2351,1152,2546
D:\SEM 7\CVProject\datasets\bottles_occluded\image_2.jpg,2507,2946,2624,3106
D:\SEM 7\CVProject\datasets\bottles_occluded\image_2.jpg,2903,511,3020,671
D:\SEM 7\CVProject\datasets\bottles_occluded\image_2.jpg,811,126,971,243
D:\SEM 7\CVProject\datasets\bottles_occluded\image_2.jpg,2304,3327,2365,3632
D:\SEM 7\CVProject\datasets\bottles_occluded\image_2.jpg,1480,530,1582,713
D:\SEM 7\CVProject\datasets\bottles_occluded\image_2.jpg,2361,3567,2454,3767
D:\SEM 7\CVProject\datasets\bottles_occluded\image_2.jpg,2221,2897,2336,3058
D:\SEM 7\CVProject\datasets\bottles_occluded\image_2.jpg,1458,2412,1572,2573
D:\SEM 7\CVProject\datasets\bottles_occluded\image_2.jpg,2892,3037,3023,3177
D:\SEM 7\CVProject\datasets\bottles_occluded\image_2.jpg,576,1708,680,1884
D:\SEM 7\CVProject\datasets\bottles_occluded\image_2.jpg,2094,1613,2235,1742
D:\SEM 7\CVProject\datasets\bottles_occluded\image_2.jpg,132,3349,275,3476
D:\SEM 7\CVProject\datasets\bottles_occluded\image_2.jpg,1473,655,1551,885
D:\SEM 7\CVProject\datasets\bottles_occluded\image_2.jpg,1170,3445,1258,3649
D:\SEM 7\CVProject\datasets\bottles_occluded\image_2.jpg,1204,3785,1323,3936
D:\SEM 7\CVProject\datasets\bottles_occluded\image_2.jpg,329,3389,408,3615
D:\SEM 7\CVProject\datasets\bottles_occluded\image_2.jpg,294,3270,422,3409
D:\SEM 7\CVProject\datasets\bottles_occluded\image_2.jpg,1613,2301,1716,2473
D:\SEM 7\CVProject\datasets\bottles_occluded\image_2.jpg,2059,3604,2123,3878
D:\SEM 7\CVProject\datasets\bottles_occluded\image_2.jpg,2462,3452,2596,3582
D:\SEM 7\CVProject\datasets\bottles_occluded\image_2.jpg,0,1067,137,1194
D:\SEM 7\CVProject\datasets\bottles_occluded\image_2.jpg,1979,2988,2076,3167
D:\SEM 7\CVProject\datasets\bottles_occluded\image_2.jpg,185,1565,318,1695
D:\SEM 7\CVProject\datasets\bottles_occluded\image_2.jpg,2763,3770,2873,3927
D:\SEM 7\CVProject\datasets\bottles_occluded\image_2.jpg,2308,1934,2469,2041
D:\SEM 7\CVProject\datasets\bottles_occluded\image_2.jpg,95,2333,252,2442
D:\SEM 7\CVProject\datasets\bottles_occluded\image_2.jpg,1020,697,1092,933
D:\SEM 7\CVProject\datasets\bottles_occluded\image_2.jpg,602,2670,720,2814
D:\SEM 7\CVProject\datasets\bottles_occluded\image_2.jpg,1598,2510,1739,2630
D:\SEM 7\CVProject\datasets\bottles_occluded\image_2.jpg,2379,2894,2475,3070
D:\SEM 7\CVProject\datasets\bottles_occluded\image_2.jpg,2092,1763,2231,1884
D:\SEM 7\CVProject\datasets\bottles_occluded\image_2.jpg,1284,802,1379,978
D:\SEM 7\CVProject\datasets\bottles_occluded\image_2.jpg,2913,2081,3023,2233
D:\SEM 7\CVProject\datasets\bottles_occluded\image_2.jpg,2327,855,2434,1011
D:\SEM 7\CVProject\datasets\bottles_occluded\image_2.jpg,1593,3330,1686,3509
D:\SEM 7\CVProject\datasets\bottles_occluded\image_2.jpg,2057,3202,2207,3312
D:\SEM 7\CVProject\datasets\bottles_occluded\image_2.jpg,2754,1586,2924,1683
D:\SEM 7\CVProject\datasets\bottles_occluded\image_2.jpg,2724,1621,2829,1778
D:\SEM 7\CVProject\datasets\bottles_occluded\image_2.jpg,748,2791,836,2978
D:\SEM 7\CVProject\datasets\bottles_occluded\image_2.jpg,2854,1504,2949,1677
D:\SEM 7\CVProject\datasets\bottles_occluded\image_2.jpg,1104,894,1213,1044
D:\SEM 7\CVProject\datasets\bottles_occluded\image_2.jpg,2886,3114,3023,3233
D:\SEM 7\CVProject\datasets\bottles_occluded\image_2.jpg,0,1532,138,1650
D:\SEM 7\CVProject\datasets\bottles_occluded\image_2.jpg,1111,3061,1183,3285
D:\SEM 7\CVProject\datasets\bottles_occluded\image_2.jpg,1988,1314,2071,1508
D:\SEM 7\CVProject\datasets\bottles_occluded\image_2.jpg,440,827,555,967
D:\SEM 7\CVProject\datasets\bottles_occluded\image_2.jpg,2229,1751,2314,1940
D:\SEM 7\CVProject\datasets\bottles_occluded\image_2.jpg,306,3076,440,3196
D:\SEM 7\CVProject\datasets\bottles_occluded\image_2.jpg,2119,2292,2288,2387
D:\SEM 7\CVProject\datasets\bottles_occluded\image_2.jpg,0,3896,119,4031
D:\SEM 7\CVProject\datasets\bottles_occluded\image_2.jpg,2302,1790,2456,1894
D:\SEM 7\CVProject\datasets\bottles_occluded\image_2.jpg,1700,2622,1831,2744
D:\SEM 7\CVProject\datasets\bottles_occluded\image_2.jpg,1120,1501,1178,1775
D:\SEM 7\CVProject\datasets\bottles_occluded\image_2.jpg,1992,709,2167,800
D:\SEM 7\CVProject\datasets\bottles_occluded\image_2.jpg,2294,2252,2370,2461
D:\SEM 7\CVProject\datasets\bottles_occluded\image_2.jpg,1809,3937,1978,4031
D:\SEM 7\CVProject\datasets\bottles_occluded\image_2.jpg,856,1906,918,2157
D:\SEM 7\CVProject\datasets\bottles_occluded\image_2.jpg,1178,2752,1307,2873
D:\SEM 7\CVProject\datasets\bottles_occluded\image_2.jpg,2422,2057,2489,2288
D:\SEM 7\CVProject\datasets\bottles_occluded\image_2.jpg,2225,805,2298,1016
D:\SEM 7\CVProject\datasets\bottles_occluded\image_2.jpg,2890,2835,3023,2951
D:\SEM 7\CVProject\datasets\bottles_occluded\image_2.jpg,1161,2445,1268,2589
D:\SEM 7\CVProject\datasets\bottles_occluded\image_2.jpg,200,1473,292,1640
D:\SEM 7\CVProject\datasets\bottles_occluded\image_2.jpg,2755,1444,2875,1572
D:\SEM 7\CVProject\datasets\bottles_occluded\image_2.jpg,0,1916,99,2070
D:\SEM 7\CVProject\datasets\bottles_occluded\image_2.jpg,1215,574,1310,734
D:\SEM 7\CVProject\datasets\bottles_occluded\image_2.jpg,2736,1239,2796,1491
D:\SEM 7\CVProject\datasets\bottles_occluded\image_2.jpg,867,3483,981,3616
D:\SEM 7\CVProject\datasets\bottles_occluded\image_2.jpg,367,1900,441,2104
D:\SEM 7\CVProject\datasets\bottles_occluded\image_2.jpg,2210,2555,2339,2672
D:\SEM 7\CVProject\datasets\bottles_occluded\image_2.jpg,2601,2826,2681,3014
D:\SEM 7\CVProject\datasets\bottles_occluded\image_2.jpg,1053,2488,1118,2718
D:\SEM 7\CVProject\datasets\bottles_occluded\image_2.jpg,965,3133,1038,3338
D:\SEM 7\CVProject\datasets\bottles_occluded\image_2.jpg,1323,3675,1402,3864
D:\SEM 7\CVProject\datasets\bottles_occluded\image_2.jpg,2944,1600,3023,1788
D:\SEM 7\CVProject\datasets\bottles_occluded\image_2.jpg,682,3530,805,3649
D:\SEM 7\CVProject\datasets\bottles_occluded\image_2.jpg,1114,2533,1180,2754
D:\SEM 7\CVProject\datasets\bottles_occluded\image_2.jpg,2859,971,3023,1060
D:\SEM 7\CVProject\datasets\bottles_occluded\image_2.jpg,2151,3458,2279,3572
D:\SEM 7\CVProject\datasets\bottles_occluded\image_2.jpg,2665,2085,2830,2173
D:\SEM 7\CVProject\datasets\bottles_occluded\image_2.jpg,2897,2913,3023,3028
D:\SEM 7\CVProject\datasets\bottles_occluded\image_2.jpg,68,2629,183,2755
D:\SEM 7\CVProject\datasets\bottles_occluded\image_2.jpg,2097,2342,2171,2537
D:\SEM 7\CVProject\datasets\bottles_occluded\image_2.jpg,2361,2456,2494,2564
D:\SEM 7\CVProject\datasets\bottles_occluded\image_2.jpg,2724,1858,2835,1987
D:\SEM 7\CVProject\datasets\bottles_occluded\image_2.jpg,1746,2497,1869,2613
D:\SEM 7\CVProject\datasets\bottles_occluded\image_2.jpg,658,3580,755,3727
D:\SEM 7\CVProject\datasets\bottles_occluded\image_2.jpg,1269,2436,1367,2581
D:\SEM 7\CVProject\datasets\bottles_occluded\image_2.jpg,2743,724,2817,915
D:\SEM 7\CVProject\datasets\bottles_occluded\image_2.jpg,125,1597,248,1712
D:\SEM 7\CVProject\datasets\bottles_occluded\image_2.jpg,1030,607,1117,769
D:\SEM 7\CVProject\datasets\bottles_occluded\image_2.jpg,2632,591,2773,691
D:\SEM 7\CVProject\datasets\bottles_occluded\image_2.jpg,2363,1421,2530,1505
D:\SEM 7\CVProject\datasets\bottles_occluded\image_2.jpg,492,410,607,532
D:\SEM 7\CVProject\datasets\bottles_occluded\image_2.jpg,0,1649,104,1783
D:\SEM 7\CVProject\datasets\bottles_occluded\image_2.jpg,2469,1109,2578,1236
D:\SEM 7\CVProject\datasets\bottles_occluded\image_2.jpg,2018,3337,2115,3479
D:\SEM 7\CVProject\datasets\bottles_occluded\image_2.jpg,2512,1499,2574,1720
D:\SEM 7\CVProject\datasets\bottles_occluded\image_2.jpg,1562,2451,1647,2612
D:\SEM 7\CVProject\datasets\bottles_occluded\image_2.jpg,2395,1621,2483,1776
D:\SEM 7\CVProject\datasets\bottles_occluded\image_2.jpg,1081,2723,1176,2865
D:\SEM 7\CVProject\datasets\bottles_occluded\image_2.jpg,2593,1862,2695,1994
D:\SEM 7\CVProject\datasets\bottles_occluded\image_2.jpg,2702,1149,2866,1231
D:\SEM 7\CVProject\datasets\bottles_occluded\image_2.jpg,2130,3592,2309,3667
D:\SEM 7\CVProject\datasets\bottles_occluded\image_2.jpg,1815,2294,1901,2450
D:\SEM 7\CVProject\datasets\bottles_occluded\image_2.jpg,2914,706,3023,829
D:\SEM 7\CVProject\datasets\bottles_occluded\image_2.jpg,2089,476,2212,585
D:\SEM 7\CVProject\datasets\bottles_occluded\image_2.jpg,783,562,862,730
D:\SEM 7\CVProject\datasets\bottles_occluded\image_2.jpg,416,3454,510,3595
D:\SEM 7\CVProject\datasets\bottles_occluded\image_2.jpg,2005,789,2092,941
D:\SEM 7\CVProject\datasets\bottles_occluded\image_2.jpg,2213,890,2324,1009
D:\SEM 7\CVProject\datasets\bottles_occluded\image_2.jpg,1682,576,1806,682
D:\SEM 7\CVProject\datasets\bottles_occluded\image_2.jpg,1170,3294,1285,3408
D:\SEM 7\CVProject\datasets\bottles_occluded\image_2.jpg,2276,1336,2342,1534
D:\SEM 7\CVProject\datasets\bottles_occluded\image_2.jpg,439,624,523,779
D:\SEM 7\CVProject\datasets\bottles_occluded\image_2.jpg,911,2441,1062,2527
D:\SEM 7\CVProject\datasets\bottles_occluded\image_2.jpg,283,520,342,739
D:\SEM 7\CVProject\datasets\bottles_occluded\image_2.jpg,437,711,499,919
D:\SEM 7\CVProject\datasets\bottles_occluded\image_2.jpg,1117,3339,1165,3606
D:\SEM 7\CVProject\datasets\bottles_occluded\image_2.jpg,1203,2351,1334,2449
D:\SEM 7\CVProject\datasets\bottles_occluded\image_2.jpg,2345,3544,2413,3732
D:\SEM 7\CVProject\datasets\bottles_occluded\image_2.jpg,2216,728,2339,832
D:\SEM 7\CVProject\datasets\bottles_occluded\image_2.jpg,2637,3257,2699,3462
D:\SEM 7\CVProject\datasets\bottles_occluded\image_2.jpg,2265,1661,2384,1768
D:\SEM 7\CVProject\datasets\bottles_occluded\image_2.jpg,1533,3947,1684,4031
D:\SEM 7\CVProject\datasets\bottles_occluded\image_2.jpg,1990,2182,2064,2353
D:\SEM 7\CVProject\datasets\bottles_occluded\image_2.jpg,1688,2370,1767,2530
D:\SEM 7\CVProject\datasets\bottles_occluded\image_2.jpg,512,3363,590,3524
D:\SEM 7\CVProject\datasets\bottles_occluded\image_2.jpg,1744,902,1856,1014
D:\SEM 7\CVProject\datasets\bottles_occluded\image_2.jpg,1048,1737,1138,1876
D:\SEM 7\CVProject\datasets\bottles_occluded\image_2.jpg,2279,1478,2368,1618
D:\SEM 7\CVProject\datasets\bottles_occluded\image_2.jpg,121,1954,210,2094
D:\SEM 7\CVProject\datasets\bottles_occluded\image_2.jpg,2457,733,2607,816
D:\SEM 7\CVProject\datasets\bottles_occluded\image_2.jpg,1350,3211,1427,3372
D:\SEM 7\CVProject\datasets\bottles_occluded\image_2.jpg,2153,3287,2266,3396
D:\SEM 7\CVProject\datasets\bottles_occluded\image_2.jpg,1906,2306,1988,2456
D:\SEM 7\CVProject\datasets\bottles_occluded\image_2.jpg,122,2755,193,2928
D:\SEM 7\CVProject\datasets\bottles_occluded\image_2.jpg,2818,1747,2894,1908
D:\SEM 7\CVProject\datasets\bottles_occluded\image_2.jpg,2468,1249,2536,1428
D:\SEM 7\CVProject\datasets\bottles_occluded\image_2.jpg,2720,3046,2851,3139
D:\SEM 7\CVProject\datasets\bottles_occluded\image_2.jpg,1587,3460,1667,3612
D:\SEM 7\CVProject\datasets\bottles_occluded\image_2.jpg,1886,691,1981,819
D:\SEM 7\CVProject\datasets\bottles_occluded\image_2.jpg,2805,3138,2876,3309
D:\SEM 7\CVProject\datasets\bottles_occluded\image_2.jpg,2584,1376,2702,1479
D:\SEM 7\CVProject\datasets\bottles_occluded\image_2.jpg,1327,1545,1459,1637
D:\SEM 7\CVProject\datasets\bottles_occluded\image_2.jpg,161,1181,286,1278
D:\SEM 7\CVProject\datasets\bottles_occluded\image_2.jpg,0,1797,109,1908
D:\SEM 7\CVProject\datasets\bottles_occluded\image_2.jpg,828,0,936,112
D:\SEM 7\CVProject\datasets\bottles_occluded\image_2.jpg,435,3024,528,3154
D:\SEM 7\CVProject\datasets\bottles_occluded\image_2.jpg,0,277,106,391
D:\SEM 7\CVProject\datasets\bottles_occluded\image_2.jpg,1566,1505,1618,1736
D:\SEM 7\CVProject\datasets\bottles_occluded\image_2.jpg,0,116,117,219
D:\SEM 7\CVProject\datasets\bottles_occluded\image_2.jpg,2193,2455,2347,2533
D:\SEM 7\CVProject\datasets\bottles_occluded\image_20.jpg,1025,0,3912,4323
D:\SEM 7\CVProject\datasets\bottles_occluded\image_20.jpg,0,2446,1904,4788
D:\SEM 7\CVProject\datasets\bottles_occluded\image_20.jpg,2350,0,4283,1280
D:\SEM 7\CVProject\datasets\bottles_occluded\image_20.jpg,0,0,565,3321
D:\SEM 7\CVProject\datasets\bottles_occluded\image_20.jpg,486,0,1217,2529
D:\SEM 7\CVProject\datasets\bottles_occluded\image_20.jpg,3483,2803,4175,3858
D:\SEM 7\CVProject\datasets\bottles_occluded\image_20.jpg,3925,2283,4283,3849
D:\SEM 7\CVProject\datasets\bottles_occluded\image_20.jpg,3103,2551,3558,3671
D:\SEM 7\CVProject\datasets\bottles_occluded\image_20.jpg,3132,3630,4011,4146
D:\SEM 7\CVProject\datasets\bottles_occluded\image_20.jpg,2884,4335,3602,4839
D:\SEM 7\CVProject\datasets\bottles_occluded\image_20.jpg,1252,1862,1907,2318
D:\SEM 7\CVProject\datasets\bottles_occluded\image_20.jpg,3952,1019,4283,1903
D:\SEM 7\CVProject\datasets\bottles_occluded\image_20.jpg,3580,1959,4061,2563
D:\SEM 7\CVProject\datasets\bottles_occluded\image_20.jpg,2436,3173,2960,3726
D:\SEM 7\CVProject\datasets\bottles_occluded\image_20.jpg,2926,2468,3624,2828
D:\SEM 7\CVProject\datasets\bottles_occluded\image_20.jpg,2122,3921,2797,4276
D:\SEM 7\CVProject\datasets\bottles_occluded\image_20.jpg,3782,2752,4014,3726
D:\SEM 7\CVProject\datasets\bottles_occluded\image_20.jpg,2050,2845,2330,3616
D:\SEM 7\CVProject\datasets\bottles_occluded\image_20.jpg,2200,3076,2429,3998
D:\SEM 7\CVProject\datasets\bottles_occluded\image_20.jpg,1149,2307,1412,3014
D:\SEM 7\CVProject\datasets\bottles_occluded\image_20.jpg,0,1581,163,2686
D:\SEM 7\CVProject\datasets\bottles_occluded\image_20.jpg,1086,4947,1639,5273
D:\SEM 7\CVProject\datasets\bottles_occluded\image_20.jpg,828,2205,1176,2651
D:\SEM 7\CVProject\datasets\bottles_occluded\image_20.jpg,2949,2139,3355,2521
D:\SEM 7\CVProject\datasets\bottles_occluded\image_20.jpg,3096,1709,3515,2079
D:\SEM 7\CVProject\datasets\bottles_occluded\image_20.jpg,3764,1467,4054,1984
D:\SEM 7\CVProject\datasets\bottles_occluded\image_20.jpg,2933,3630,3319,4013
D:\SEM 7\CVProject\datasets\bottles_occluded\image_20.jpg,3363,0,3684,450
D:\SEM 7\CVProject\datasets\bottles_occluded\image_20.jpg,2905,0,3306,347
D:\SEM 7\CVProject\datasets\bottles_occluded\image_20.jpg,2715,0,3043,407
D:\SEM 7\CVProject\datasets\bottles_occluded\image_20.jpg,2049,3971,2379,4338
D:\SEM 7\CVProject\datasets\bottles_occluded\image_20.jpg,2843,4785,3140,5148
D:\SEM 7\CVProject\datasets\bottles_occluded\image_20.jpg,3914,71,4229,413
D:\SEM 7\CVProject\datasets\bottles_occluded\image_20.jpg,3584,4160,3994,4416
D:\SEM 7\CVProject\datasets\bottles_occluded\image_20.jpg,1255,4328,1495,4742
D:\SEM 7\CVProject\datasets\bottles_occluded\image_20.jpg,2049,3443,2248,3920
D:\SEM 7\CVProject\datasets\bottles_occluded\image_20.jpg,1818,4751,2193,4968
D:\SEM 7\CVProject\datasets\bottles_occluded\image_20.jpg,2616,2381,2754,2908
D:\SEM 7\CVProject\datasets\bottles_occluded\image_20.jpg,847,2241,1148,2469
D:\SEM 7\CVProject\datasets\bottles_occluded\image_20.jpg,0,2096,129,2625
D:\SEM 7\CVProject\datasets\bottles_occluded\image_20.jpg,3444,1082,3819,1262
D:\SEM 7\CVProject\datasets\bottles_occluded\image_20.jpg,1312,0,1551,273
D:\SEM 7\CVProject\datasets\bottles_occluded\image_20.jpg,3916,1756,4213,1970
D:\SEM 7\CVProject\datasets\bottles_occluded\image_20.jpg,4056,0,4283,280
D:\SEM 7\CVProject\datasets\bottles_occluded\image_20.jpg,1257,3064,1429,3427
D:\SEM 7\CVProject\datasets\bottles_occluded\image_20.jpg,2456,2425,2582,2915
D:\SEM 7\CVProject\datasets\bottles_occluded\image_20.jpg,3758,4377,4092,4562
D:\SEM 7\CVProject\datasets\bottles_occluded\image_20.jpg,2362,2413,2483,2895
D:\SEM 7\CVProject\datasets\bottles_occluded\image_20.jpg,3382,153,3662,356
D:\SEM 7\CVProject\datasets\bottles_occluded\image_20.jpg,2547,2432,2667,2902
D:\SEM 7\CVProject\datasets\bottles_occluded\image_20.jpg,2472,3248,2733,3452
D:\SEM 7\CVProject\datasets\bottles_occluded\image_20.jpg,3483,4436,3755,4628
D:\SEM 7\CVProject\datasets\bottles_occluded\image_20.jpg,3899,1185,4093,1452
D:\SEM 7\CVProject\datasets\bottles_occluded\image_20.jpg,3534,821,3725,1087
D:\SEM 7\CVProject\datasets\bottles_occluded\image_20.jpg,1027,2469,1188,2781
D:\SEM 7\CVProject\datasets\bottles_occluded\image_20.jpg,2298,3411,2433,3777
D:\SEM 7\CVProject\datasets\bottles_occluded\image_20.jpg,3984,3993,4162,4267
D:\SEM 7\CVProject\datasets\bottles_occluded\image_20.jpg,0,3441,196,3688
D:\SEM 7\CVProject\datasets\bottles_occluded\image_20.jpg,3508,2936,3586,3470
D:\SEM 7\CVProject\datasets\bottles_occluded\image_20.jpg,1260,2827,1464,3030
D:\SEM 7\CVProject\datasets\bottles_occluded\image_20.jpg,2576,0,2685,373
D:\SEM 7\CVProject\datasets\bottles_occluded\image_20.jpg,3867,0,4044,230
D:\SEM 7\CVProject\datasets\bottles_occluded\image_20.jpg,3387,4270,3694,4402
D:\SEM 7\CVProject\datasets\bottles_occluded\image_20.jpg,3931,3203,4073,3482
D:\SEM 7\CVProject\datasets\bottles_occluded\image_20.jpg,3669,697,3801,992
D:\SEM 7\CVProject\datasets\bottles_occluded\image_20.jpg,4188,1897,4283,2305
D:\SEM 7\CVProject\datasets\bottles_occluded\image_20.jpg,0,5408,245,5566
D:\SEM 7\CVProject\datasets\bottles_occluded\image_20.jpg,2548,3643,2773,3815
D:\SEM 7\CVProject\datasets\bottles_occluded\image_20.jpg,4146,114,4269,412
D:\SEM 7\CVProject\datasets\bottles_occluded\image_20.jpg,2878,4595,3163,4717
D:\SEM 7\CVProject\datasets\bottles_occluded\image_20.jpg,1202,2208,1324,2486
D:\SEM 7\CVProject\datasets\bottles_occluded\image_20.jpg,951,5067,1178,5213
D:\SEM 7\CVProject\datasets\bottles_occluded\image_20.jpg,1285,3682,1462,3860
D:\SEM 7\CVProject\datasets\bottles_occluded\image_20.jpg,1295,3945,1548,4062
D:\SEM 7\CVProject\datasets\bottles_occluded\image_20.jpg,1931,2458,2039,2725
D:\SEM 7\CVProject\datasets\bottles_occluded\image_20.jpg,608,208,709,493
D:\SEM 7\CVProject\datasets\bottles_occluded\image_20.jpg,2571,3886,2764,4027
D:\SEM 7\CVProject\datasets\bottles_occluded\image_20.jpg,1384,3783,1548,3947
D:\SEM 7\CVProject\datasets\bottles_occluded\image_20.jpg,1387,2733,1597,2861
D:\SEM 7\CVProject\datasets\bottles_occluded\image_20.jpg,3308,4196,3519,4318
D:\SEM 7\CVProject\datasets\bottles_occluded\image_20.jpg,1130,240,1235,482
D:\SEM 7\CVProject\datasets\bottles_occluded\image_20.jpg,1941,1819,2032,2097
D:\SEM 7\CVProject\datasets\bottles_occluded\image_20.jpg,3695,4,3752,439
D:\SEM 7\CVProject\datasets\bottles_occluded\image_20.jpg,667,4900,909,5001
D:\SEM 7\CVProject\datasets\bottles_occluded\image_20.jpg,3946,0,4134,129
D:\SEM 7\CVProject\datasets\bottles_occluded\image_21.jpg,860,356,4283,5711
D:\SEM 7\CVProject\datasets\bottles_occluded\image_21.jpg,0,1137,1117,3706
D:\SEM 7\CVProject\datasets\bottles_occluded\image_21.jpg,2616,4416,4035,5537
D:\SEM 7\CVProject\datasets\bottles_occluded\image_21.jpg,447,461,1904,1391
D:\SEM 7\CVProject\datasets\bottles_occluded\image_21.jpg,1925,3884,3053,4687
D:\SEM 7\CVProject\datasets\bottles_occluded\image_21.jpg,0,1716,803,2386
D:\SEM 7\CVProject\datasets\bottles_occluded\image_21.jpg,3255,865,4283,1299
D:\SEM 7\CVProject\datasets\bottles_occluded\image_21.jpg,3299,3709,4001,4229
D:\SEM 7\CVProject\datasets\bottles_occluded\image_21.jpg,1282,2613,1643,3620
D:\SEM 7\CVProject\datasets\bottles_occluded\image_21.jpg,2846,386,3514,870
D:\SEM 7\CVProject\datasets\bottles_occluded\image_21.jpg,135,2536,529,3199
D:\SEM 7\CVProject\datasets\bottles_occluded\image_21.jpg,1804,5245,2323,5711
D:\SEM 7\CVProject\datasets\bottles_occluded\image_21.jpg,2380,4192,2946,4598
D:\SEM 7\CVProject\datasets\bottles_occluded\image_21.jpg,1387,2200,1925,2610
D:\SEM 7\CVProject\datasets\bottles_occluded\image_21.jpg,3673,375,4283,731
D:\SEM 7\CVProject\datasets\bottles_occluded\image_21.jpg,1569,4012,1999,4501
D:\SEM 7\CVProject\datasets\bottles_occluded\image_21.jpg,2971,5286,3433,5711
D:\SEM 7\CVProject\datasets\bottles_occluded\image_21.jpg,0,0,393,488
D:\SEM 7\CVProject\datasets\bottles_occluded\image_21.jpg,3667,0,4283,304
D:\SEM 7\CVProject\datasets\bottles_occluded\image_21.jpg,0,3191,412,3604
D:\SEM 7\CVProject\datasets\bottles_occluded\image_21.jpg,3150,4610,3542,5040
D:\SEM 7\CVProject\datasets\bottles_occluded\image_21.jpg,0,2323,146,3261
D:\SEM 7\CVProject\datasets\bottles_occluded\image_21.jpg,4033,4308,4283,4788
D:\SEM 7\CVProject\datasets\bottles_occluded\image_21.jpg,391,1947,549,2699
D:\SEM 7\CVProject\datasets\bottles_occluded\image_21.jpg,2479,3609,2957,3851
D:\SEM 7\CVProject\datasets\bottles_occluded\image_21.jpg,1894,3211,2149,3643
D:\SEM 7\CVProject\datasets\bottles_occluded\image_21.jpg,2595,5187,3007,5441
D:\SEM 7\CVProject\datasets\bottles_occluded\image_21.jpg,1423,1539,1930,1743
D:\SEM 7\CVProject\datasets\bottles_occluded\image_21.jpg,3813,5229,4119,5560
D:\SEM 7\CVProject\datasets\bottles_occluded\image_21.jpg,403,3642,886,3850
D:\SEM 7\CVProject\datasets\bottles_occluded\image_21.jpg,1387,2271,1682,2587
D:\SEM 7\CVProject\datasets\bottles_occluded\image_21.jpg,2341,606,2673,881
D:\SEM 7\CVProject\datasets\bottles_occluded\image_21.jpg,2803,602,3141,872
D:\SEM 7\CVProject\datasets\bottles_occluded\image_21.jpg,1301,1435,1420,2194
D:\SEM 7\CVProject\datasets\bottles_occluded\image_21.jpg,3656,5449,4025,5679
D:\SEM 7\CVProject\datasets\bottles_occluded\image_21.jpg,0,532,412,736
D:\SEM 7\CVProject\datasets\bottles_occluded\image_21.jpg,2163,4977,2370,5375
D:\SEM 7\CVProject\datasets\bottles_occluded\image_21.jpg,990,3999,1362,4215
D:\SEM 7\CVProject\datasets\bottles_occluded\image_21.jpg,875,3503,1223,3719
D:\SEM 7\CVProject\datasets\bottles_occluded\image_21.jpg,2841,4714,3103,4990
D:\SEM 7\CVProject\datasets\bottles_occluded\image_21.jpg,2133,886,2339,1212
D:\SEM 7\CVProject\datasets\bottles_occluded\image_21.jpg,3701,3944,3968,4192
D:\SEM 7\CVProject\datasets\bottles_occluded\image_21.jpg,2156,4001,2396,4274
D:\SEM 7\CVProject\datasets\bottles_occluded\image_21.jpg,2928,4555,3187,4797
D:\SEM 7\CVProject\datasets\bottles_occluded\image_21.jpg,0,3455,249,3702
D:\SEM 7\CVProject\datasets\bottles_occluded\image_21.jpg,1368,0,1621,214
D:\SEM 7\CVProject\datasets\bottles_occluded\image_21.jpg,2599,134,2880,323
D:\SEM 7\CVProject\datasets\bottles_occluded\image_21.jpg,1144,5482,1353,5711
D:\SEM 7\CVProject\datasets\bottles_occluded\image_21.jpg,1694,2598,1769,3229
D:\SEM 7\CVProject\datasets\bottles_occluded\image_21.jpg,2356,0,2689,142
D:\SEM 7\CVProject\datasets\bottles_occluded\image_21.jpg,2,51,186,305
D:\SEM 7\CVProject\datasets\bottles_occluded\image_21.jpg,3618,4779,3857,4962
D:\SEM 7\CVProject\datasets\bottles_occluded\image_21.jpg,3468,3721,3630,3980
D:\SEM 7\CVProject\datasets\bottles_occluded\image_21.jpg,3119,858,3251,1154
D:\SEM 7\CVProject\datasets\bottles_occluded\image_21.jpg,4014,0,4283,145
D:\SEM 7\CVProject\datasets\bottles_occluded\image_21.jpg,1671,4103,1868,4301
D:\SEM 7\CVProject\datasets\bottles_occluded\image_21.jpg,3930,4710,4139,4896
D:\SEM 7\CVProject\datasets\bottles_occluded\image_21.jpg,4071,690,4283,859
D:\SEM 7\CVProject\datasets\bottles_occluded\image_21.jpg,296,3177,497,3353
D:\SEM 7\CVProject\datasets\bottles_occluded\image_21.jpg,1310,1036,1473,1251
D:\SEM 7\CVProject\datasets\bottles_occluded\image_21.jpg,3365,5071,3601,5211
D:\SEM 7\CVProject\datasets\bottles_occluded\image_21.jpg,1998,3888,2205,4046
D:\SEM 7\CVProject\datasets\bottles_occluded\image_21.jpg,3018,4442,3208,4613
D:\SEM 7\CVProject\datasets\bottles_occluded\image_21.jpg,3618,4518,3775,4724
D:\SEM 7\CVProject\datasets\bottles_occluded\image_21.jpg,0,3241,184,3413
D:\SEM 7\CVProject\datasets\bottles_occluded\image_21.jpg,1827,4572,2089,4692
D:\SEM 7\CVProject\datasets\bottles_occluded\image_21.jpg,682,1903,846,2092
D:\SEM 7\CVProject\datasets\bottles_occluded\image_21.jpg,851,4690,946,5013
D:\SEM 7\CVProject\datasets\bottles_occluded\image_21.jpg,3773,4981,4029,5098
D:\SEM 7\CVProject\datasets\bottles_occluded\image_21.jpg,1231,1630,1305,2032
D:\SEM 7\CVProject\datasets\bottles_occluded\image_21.jpg,3267,4943,3432,5117
D:\SEM 7\CVProject\datasets\bottles_occluded\image_21.jpg,1450,3652,1583,3864
D:\SEM 7\CVProject\datasets\bottles_occluded\image_21.jpg,2532,2084,2645,2332
D:\SEM 7\CVProject\datasets\bottles_occluded\image_21.jpg,1039,4056,1302,4161
D:\SEM 7\CVProject\datasets\bottles_occluded\image_21.jpg,3985,3927,4121,4129
D:\SEM 7\CVProject\datasets\bottles_occluded\image_21.jpg,4096,4754,4283,4900
D:\SEM 7\CVProject\datasets\bottles_occluded\image_21.jpg,4062,1137,4283,1260
D:\SEM 7\CVProject\datasets\bottles_occluded\image_21.jpg,3779,4437,4007,4554
D:\SEM 7\CVProject\datasets\bottles_occluded\image_21.jpg,972,700,1220,807
D:\SEM 7\CVProject\datasets\bottles_occluded\image_21.jpg,3386,3958,3554,4116
D:\SEM 7\CVProject\datasets\bottles_occluded\image_21.jpg,3805,1144,4042,1255
D:\SEM 7\CVProject\datasets\bottles_occluded\image_21.jpg,2479,2061,2572,2336
D:\SEM 7\CVProject\datasets\bottles_occluded\image_21.jpg,603,3756,764,3914
D:\SEM 7\CVProject\datasets\bottles_occluded\image_21.jpg,1751,3371,1825,3713
D:\SEM 7\CVProject\datasets\bottles_occluded\image_21.jpg,843,3081,912,3446
D:\SEM 7\CVProject\datasets\bottles_occluded\image_21.jpg,1527,3906,1732,4029
D:\SEM 7\CVProject\datasets\bottles_occluded\image_21.jpg,747,117,936,247
D:\SEM 7\CVProject\datasets\bottles_occluded\image_21.jpg,1678,0,1789,221
D:\SEM 7\CVProject\datasets\bottles_occluded\image_21.jpg,1848,4865,1985,5044
D:\SEM 7\CVProject\datasets\bottles_occluded\image_22.jpg,0,0,4283,4731
D:\SEM 7\CVProject\datasets\bottles_occluded\image_22.jpg,0,1424,2089,4335
D:\SEM 7\CVProject\datasets\bottles_occluded\image_22.jpg,1223,2581,2670,3893
D:\SEM 7\CVProject\datasets\bottles_occluded\image_22.jpg,3417,2938,4283,4328
D:\SEM 7\CVProject\datasets\bottles_occluded\image_22.jpg,2424,2012,3677,2889
D:\SEM 7\CVProject\datasets\bottles_occluded\image_22.jpg,2298,1683,3657,2443
D:\SEM 7\CVProject\datasets\bottles_occluded\image_22.jpg,0,4781,992,5711
D:\SEM 7\CVProject\datasets\bottles_occluded\image_22.jpg,324,2074,681,4199
D:\SEM 7\CVProject\datasets\bottles_occluded\image_22.jpg,2521,4211,3250,5126
D:\SEM 7\CVProject\datasets\bottles_occluded\image_22.jpg,0,4693,1089,5198
D:\SEM 7\CVProject\datasets\bottles_occluded\image_22.jpg,528,0,1383,632
D:\SEM 7\CVProject\datasets\bottles_occluded\image_22.jpg,3110,644,3718,1525
D:\SEM 7\CVProject\datasets\bottles_occluded\image_22.jpg,620,309,1486,922
D:\SEM 7\CVProject\datasets\bottles_occluded\image_22.jpg,2755,0,3211,1046
D:\SEM 7\CVProject\datasets\bottles_occluded\image_22.jpg,0,657,749,1224
D:\SEM 7\CVProject\datasets\bottles_occluded\image_22.jpg,0,0,369,1128
D:\SEM 7\CVProject\datasets\bottles_occluded\image_22.jpg,2724,2111,3301,2757
D:\SEM 7\CVProject\datasets\bottles_occluded\image_22.jpg,13,2895,271,4234
D:\SEM 7\CVProject\datasets\bottles_occluded\image_22.jpg,3645,0,4283,527
D:\SEM 7\CVProject\datasets\bottles_occluded\image_22.jpg,2690,2050,3036,2980
D:\SEM 7\CVProject\datasets\bottles_occluded\image_22.jpg,3368,288,3894,861
D:\SEM 7\CVProject\datasets\bottles_occluded\image_22.jpg,1208,1943,1626,2647
D:\SEM 7\CVProject\datasets\bottles_occluded\image_22.jpg,3431,4049,3958,4601
D:\SEM 7\CVProject\datasets\bottles_occluded\image_22.jpg,3468,799,3787,1699
D:\SEM 7\CVProject\datasets\bottles_occluded\image_22.jpg,356,2096,697,2927
D:\SEM 7\CVProject\datasets\bottles_occluded\image_22.jpg,42,1682,279,2789
D:\SEM 7\CVProject\datasets\bottles_occluded\image_22.jpg,332,2453,571,3535
D:\SEM 7\CVProject\datasets\bottles_occluded\image_22.jpg,3737,3589,4178,4162
D:\SEM 7\CVProject\datasets\bottles_occluded\image_22.jpg,1307,287,1636,956
D:\SEM 7\CVProject\datasets\bottles_occluded\image_22.jpg,3965,4387,4283,5047
D:\SEM 7\CVProject\datasets\bottles_occluded\image_22.jpg,1637,2064,1998,2645
D:\SEM 7\CVProject\datasets\bottles_occluded\image_22.jpg,1415,2959,2040,3264
D:\SEM 7\CVProject\datasets\bottles_occluded\image_22.jpg,3475,4088,3736,4811
D:\SEM 7\CVProject\datasets\bottles_occluded\image_22.jpg,1005,2393,1308,2941
D:\SEM 7\CVProject\datasets\bottles_occluded\image_22.jpg,784,4691,1091,5220
D:\SEM 7\CVProject\datasets\bottles_occluded\image_22.jpg,544,2694,704,3696
D:\SEM 7\CVProject\datasets\bottles_occluded\image_22.jpg,2738,2400,3068,2870
D:\SEM 7\CVProject\datasets\bottles_occluded\image_22.jpg,2526,0,2751,679
D:\SEM 7\CVProject\datasets\bottles_occluded\image_22.jpg,2984,643,3289,1143
D:\SEM 7\CVProject\datasets\bottles_occluded\image_22.jpg,1031,2062,1359,2515
D:\SEM 7\CVProject\datasets\bottles_occluded\image_22.jpg,1525,2097,1806,2596
D:\SEM 7\CVProject\datasets\bottles_occluded\image_22.jpg,333,2114,526,2803
D:\SEM 7\CVProject\datasets\bottles_occluded\image_22.jpg,1238,1827,1465,2409
D:\SEM 7\CVProject\datasets\bottles_occluded\image_22.jpg,217,5428,655,5711
D:\SEM 7\CVProject\datasets\bottles_occluded\image_22.jpg,0,0,205,592
D:\SEM 7\CVProject\datasets\bottles_occluded\image_22.jpg,1119,0,1409,405
D:\SEM 7\CVProject\datasets\bottles_occluded\image_22.jpg,1625,1870,1831,2382
D:\SEM 7\CVProject\datasets\bottles_occluded\image_22.jpg,3102,3798,3273,4387
D:\SEM 7\CVProject\datasets\bottles_occluded\image_22.jpg,2071,2286,2365,2628
D:\SEM 7\CVProject\datasets\bottles_occluded\image_22.jpg,473,3508,622,4173
D:\SEM 7\CVProject\datasets\bottles_occluded\image_22.jpg,3896,3607,4177,3958
D:\SEM 7\CVProject\datasets\bottles_occluded\image_22.jpg,3544,287,3811,630
D:\SEM 7\CVProject\datasets\bottles_occluded\image_22.jpg,3321,0,3657,236
D:\SEM 7\CVProject\datasets\bottles_occluded\image_22.jpg,957,430,1280,671
D:\SEM 7\CVProject\datasets\bottles_occluded\image_22.jpg,719,2922,906,3323
D:\SEM 7\CVProject\datasets\bottles_occluded\image_22.jpg,71,2048,259,2439
D:\SEM 7\CVProject\datasets\bottles_occluded\image_22.jpg,3989,4417,4283,4663
D:\SEM 7\CVProject\datasets\bottles_occluded\image_22.jpg,2774,3279,3065,3526
D:\SEM 7\CVProject\datasets\bottles_occluded\image_22.jpg,2011,1797,2301,2044
D:\SEM 7\CVProject\datasets\bottles_occluded\image_22.jpg,2778,873,2980,1224
D:\SEM 7\CVProject\datasets\bottles_occluded\image_22.jpg,4077,3570,4283,3906
D:\SEM 7\CVProject\datasets\bottles_occluded\image_22.jpg,2593,0,2716,554
D:\SEM 7\CVProject\datasets\bottles_occluded\image_22.jpg,1093,2143,1269,2489
D:\SEM 7\CVProject\datasets\bottles_occluded\image_22.jpg,976,2134,1154,2456
D:\SEM 7\CVProject\datasets\bottles_occluded\image_22.jpg,700,2537,880,2848
D:\SEM 7\CVProject\datasets\bottles_occluded\image_22.jpg,4016,4547,4100,5209
D:\SEM 7\CVProject\datasets\bottles_occluded\image_22.jpg,288,5526,582,5711
D:\SEM 7\CVProject\datasets\bottles_occluded\image_22.jpg,1360,1724,1653,1908
D:\SEM 7\CVProject\datasets\bottles_occluded\image_22.jpg,1114,2461,1301,2743
D:\SEM 7\CVProject\datasets\bottles_occluded\image_22.jpg,3111,885,3255,1232
D:\SEM 7\CVProject\datasets\bottles_occluded\image_22.jpg,482,0,656,278
D:\SEM 7\CVProject\datasets\bottles_occluded\image_22.jpg,3412,89,3618,319
D:\SEM 7\CVProject\datasets\bottles_occluded\image_22.jpg,3003,3588,3155,3877
D:\SEM 7\CVProject\datasets\bottles_occluded\image_22.jpg,495,5207,678,5441
D:\SEM 7\CVProject\datasets\bottles_occluded\image_22.jpg,872,2878,1088,3075
D:\SEM 7\CVProject\datasets\bottles_occluded\image_22.jpg,699,2439,828,2760
D:\SEM 7\CVProject\datasets\bottles_occluded\image_22.jpg,719,2875,879,3131
D:\SEM 7\CVProject\datasets\bottles_occluded\image_22.jpg,4031,4539,4190,4795
D:\SEM 7\CVProject\datasets\bottles_occluded\image_22.jpg,934,1579,1148,1764
D:\SEM 7\CVProject\datasets\bottles_occluded\image_22.jpg,2237,2611,2399,2855
D:\SEM 7\CVProject\datasets\bottles_occluded\image_22.jpg,502,492,766,641
D:\SEM 7\CVProject\datasets\bottles_occluded\image_22.jpg,246,5209,411,5442
D:\SEM 7\CVProject\datasets\bottles_occluded\image_22.jpg,1220,549,1377,785
D:\SEM 7\CVProject\datasets\bottles_occluded\image_22.jpg,449,2149,580,2429
D:\SEM 7\CVProject\datasets\bottles_occluded\image_22.jpg,3594,348,3763,564
D:\SEM 7\CVProject\datasets\bottles_occluded\image_22.jpg,2382,3972,2544,4196
D:\SEM 7\CVProject\datasets\bottles_occluded\image_22.jpg,2228,3964,2380,4200
D:\SEM 7\CVProject\datasets\bottles_occluded\image_22.jpg,3544,318,3663,619
D:\SEM 7\CVProject\datasets\bottles_occluded\image_22.jpg,2252,2219,2325,2702
D:\SEM 7\CVProject\datasets\bottles_occluded\image_22.jpg,835,2706,1030,2886
D:\SEM 7\CVProject\datasets\bottles_occluded\image_22.jpg,1300,2485,1464,2694
D:\SEM 7\CVProject\datasets\bottles_occluded\image_22.jpg,1007,3822,1195,3999
D:\SEM 7\CVProject\datasets\bottles_occluded\image_22.jpg,883,3041,1089,3198
D:\SEM 7\CVProject\datasets\bottles_occluded\image_22.jpg,21,4785,162,5011
D:\SEM 7\CVProject\datasets\bottles_occluded\image_22.jpg,3240,3085,3400,3283
D:\SEM 7\CVProject\datasets\bottles_occluded\image_22.jpg,825,4772,962,5003
D:\SEM 7\CVProject\datasets\bottles_occluded\image_22.jpg,1269,2035,1372,2341
D:\SEM 7\CVProject\datasets\bottles_occluded\image_22.jpg,1787,1423,1858,1857
D:\SEM 7\CVProject\datasets\bottles_occluded\image_22.jpg,3293,44,3406,317
D:\SEM 7\CVProject\datasets\bottles_occluded\image_22.jpg,3561,3291,3623,3784
D:\SEM 7\CVProject\datasets\bottles_occluded\image_22.jpg,2872,2642,3055,2810
D:\SEM 7\CVProject\datasets\bottles_occluded\image_22.jpg,3197,1971,3398,2120
D:\SEM 7\CVProject\datasets\bottles_occluded\image_22.jpg,452,2452,570,2701
D:\SEM 7\CVProject\datasets\bottles_occluded\image_22.jpg,1008,2583,1136,2810
D:\SEM 7\CVProject\datasets\bottles_occluded\image_22.jpg,0,1051,265,1160
D:\SEM 7\CVProject\datasets\bottles_occluded\image_22.jpg,464,2635,524,3110
D:\SEM 7\CVProject\datasets\bottles_occluded\image_22.jpg,3117,547,3302,702
D:\SEM 7\CVProject\datasets\bottles_occluded\image_22.jpg,776,3266,994,3396
D:\SEM 7\CVProject\datasets\bottles_occluded\image_22.jpg,3272,223,3514,338
D:\SEM 7\CVProject\datasets\bottles_occluded\image_22.jpg,2377,2240,2453,2603
D:\SEM 7\CVProject\datasets\bottles_occluded\image_22.jpg,1281,2435,1416,2639
D:\SEM 7\CVProject\datasets\bottles_occluded\image_22.jpg,735,2087,873,2285
D:\SEM 7\CVProject\datasets\bottles_occluded\image_22.jpg,568,2496,693,2711
D:\SEM 7\CVProject\datasets\bottles_occluded\image_22.jpg,3408,0,3646,110
D:\SEM 7\CVProject\datasets\bottles_occluded\image_22.jpg,3338,124,3516,262
D:\SEM 7\CVProject\datasets\bottles_occluded\image_22.jpg,4013,3075,4135,3273
D:\SEM 7\CVProject\datasets\bottles_occluded\image_23.jpg,346,0,4283,4056
D:\SEM 7\CVProject\datasets\bottles_occluded\image_23.jpg,0,2336,4283,5711
D:\SEM 7\CVProject\datasets\bottles_occluded\image_23.jpg,1736,289,4283,3097
D:\SEM 7\CVProject\datasets\bottles_occluded\image_23.jpg,0,0,1487,3133
D:\SEM 7\CVProject\datasets\bottles_occluded\image_23.jpg,1111,1345,2087,2611
D:\SEM 7\CVProject\datasets\bottles_occluded\image_23.jpg,3454,3032,4283,4034
D:\SEM 7\CVProject\datasets\bottles_occluded\image_23.jpg,2010,2966,3223,3633
D:\SEM 7\CVProject\datasets\bottles_occluded\image_23.jpg,3591,0,4283,1136
D:\SEM 7\CVProject\datasets\bottles_occluded\image_23.jpg,0,2554,959,3196
D:\SEM 7\CVProject\datasets\bottles_occluded\image_23.jpg,338,1138,791,2381
D:\SEM 7\CVProject\datasets\bottles_occluded\image_23.jpg,767,3923,1312,4800
D:\SEM 7\CVProject\datasets\bottles_occluded\image_23.jpg,1158,2763,1982,3273
D:\SEM 7\CVProject\datasets\bottles_occluded\image_23.jpg,354,0,1190,427
D:\SEM 7\CVProject\datasets\bottles_occluded\image_23.jpg,1139,1445,1891,1879
D:\SEM 7\CVProject\datasets\bottles_occluded\image_23.jpg,2636,0,3149,514
D:\SEM 7\CVProject\datasets\bottles_occluded\image_23.jpg,3922,0,4283,630
D:\SEM 7\CVProject\datasets\bottles_occluded\image_23.jpg,3833,3183,4283,3543
D:\SEM 7\CVProject\datasets\bottles_occluded\image_23.jpg,3233,2267,3704,2523
D:\SEM 7\CVProject\datasets\bottles_occluded\image_23.jpg,387,4090,776,4387
D:\SEM 7\CVProject\datasets\bottles_occluded\image_23.jpg,1524,4380,1913,4625
D:\SEM 7\CVProject\datasets\bottles_occluded\image_23.jpg,358,1298,541,1784
D:\SEM 7\CVProject\datasets\bottles_occluded\image_23.jpg,1499,3685,1865,3901
D:\SEM 7\CVProject\datasets\bottles_occluded\image_23.jpg,654,4378,1027,4574
D:\SEM 7\CVProject\datasets\bottles_occluded\image_23.jpg,4039,3603,4283,3841
D:\SEM 7\CVProject\datasets\bottles_occluded\image_23.jpg,360,1833,505,2123
D:\SEM 7\CVProject\datasets\bottles_occluded\image_23.jpg,933,2685,1195,2835
D:\SEM 7\CVProject\datasets\bottles_occluded\image_23.jpg,1161,2093,1370,2280
D:\SEM 7\CVProject\datasets\bottles_occluded\image_23.jpg,1815,2621,2055,2777
D:\SEM 7\CVProject\datasets\bottles_occluded\image_23.jpg,1151,3428,1426,3562
D:\SEM 7\CVProject\datasets\bottles_occluded\image_23.jpg,1155,3695,1393,3847
D:\SEM 7\CVProject\datasets\bottles_occluded\image_23.jpg,1503,3761,1786,3884
D:\SEM 7\CVProject\datasets\bottles_occluded\image_23.jpg,1157,3378,1415,3510
D:\SEM 7\CVProject\datasets\bottles_occluded\image_23.jpg,1798,3943,1951,4163
D:\SEM 7\CVProject\datasets\bottles_occluded\image_23.jpg,1904,4261,2043,4482
D:\SEM 7\CVProject\datasets\bottles_occluded\image_23.jpg,982,3705,1132,3881
D:\SEM 7\CVProject\datasets\bottles_occluded\image_23.jpg,1048,2915,1173,3124
D:\SEM 7\CVProject\datasets\bottles_occluded\image_23.jpg,1939,2621,2081,2797
D:\SEM 7\CVProject\datasets\bottles_occluded\image_23.jpg,1714,3406,1883,3553
D:\SEM 7\CVProject\datasets\bottles_occluded\image_24.jpg,1645,2817,4283,5711
D:\SEM 7\CVProject\datasets\bottles_occluded\image_24.jpg,2059,0,4283,2683
D:\SEM 7\CVProject\datasets\bottles_occluded\image_24.jpg,1227,749,3536,2643
D:\SEM 7\CVProject\datasets\bottles_occluded\image_24.jpg,0,621,1401,1761
D:\SEM 7\CVProject\datasets\bottles_occluded\image_24.jpg,0,0,1606,927
D:\SEM 7\CVProject\datasets\bottles_occluded\image_24.jpg,0,320,1238,1153
D:\SEM 7\CVProject\datasets\bottles_occluded\image_24.jpg,1640,1924,2401,2885
D:\SEM 7\CVProject\datasets\bottles_occluded\image_24.jpg,1426,3023,2477,3631
D:\SEM 7\CVProject\datasets\bottles_occluded\image_24.jpg,0,1161,972,1749
D:\SEM 7\CVProject\datasets\bottles_occluded\image_24.jpg,1557,0,2075,962
D:\SEM 7\CVProject\datasets\bottles_occluded\image_24.jpg,2691,2497,3232,3110
D:\SEM 7\CVProject\datasets\bottles_occluded\image_24.jpg,3343,1298,3702,2163
D:\SEM 7\CVProject\datasets\bottles_occluded\image_24.jpg,129,4349,598,4964
D:\SEM 7\CVProject\datasets\bottles_occluded\image_24.jpg,1554,3758,2156,4204
D:\SEM 7\CVProject\datasets\bottles_occluded\image_24.jpg,763,4953,1083,5711
D:\SEM 7\CVProject\datasets\bottles_occluded\image_24.jpg,1664,4142,2312,4482
D:\SEM 7\CVProject\datasets\bottles_occluded\image_24.jpg,3754,1547,4073,2217
D:\SEM 7\CVProject\datasets\bottles_occluded\image_24.jpg,0,3288,256,4117
D:\SEM 7\CVProject\datasets\bottles_occluded\image_24.jpg,3605,1584,3922,2150
D:\SEM 7\CVProject\datasets\bottles_occluded\image_24.jpg,3257,2156,3650,2611
D:\SEM 7\CVProject\datasets\bottles_occluded\image_24.jpg,0,994,523,1304
D:\SEM 7\CVProject\datasets\bottles_occluded\image_24.jpg,2144,0,2369,627
D:\SEM 7\CVProject\datasets\bottles_occluded\image_24.jpg,0,673,432,998
D:\SEM 7\CVProject\datasets\bottles_occluded\image_24.jpg,1493,3622,1966,3912
D:\SEM 7\CVProject\datasets\bottles_occluded\image_24.jpg,681,987,923,1546
D:\SEM 7\CVProject\datasets\bottles_occluded\image_24.jpg,2928,394,3135,1000
D:\SEM 7\CVProject\datasets\bottles_occluded\image_24.jpg,2059,2422,2390,2792
D:\SEM 7\CVProject\datasets\bottles_occluded\image_24.jpg,3848,865,4264,1154
D:\SEM 7\CVProject\datasets\bottles_occluded\image_24.jpg,1354,905,1665,1281
D:\SEM 7\CVProject\datasets\bottles_occluded\image_24.jpg,1986,3606,2362,3915
D:\SEM 7\CVProject\datasets\bottles_occluded\image_24.jpg,3697,5412,4127,5678
D:\SEM 7\CVProject\datasets\bottles_occluded\image_24.jpg,2135,3337,2501,3607
D:\SEM 7\CVProject\datasets\bottles_occluded\image_24.jpg,3646,2700,3886,3014
D:\SEM 7\CVProject\datasets\bottles_occluded\image_24.jpg,2360,2712,2558,3076
D:\SEM 7\CVProject\datasets\bottles_occluded\image_24.jpg,4104,1189,4283,1553
D:\SEM 7\CVProject\datasets\bottles_occluded\image_24.jpg,1771,3918,2007,4189
D:\SEM 7\CVProject\datasets\bottles_occluded\image_24.jpg,3159,724,3345,1067
D:\SEM 7\CVProject\datasets\bottles_occluded\image_24.jpg,3269,2559,3530,2803
D:\SEM 7\CVProject\datasets\bottles_occluded\image_24.jpg,2020,40,2149,528
D:\SEM 7\CVProject\datasets\bottles_occluded\image_24.jpg,3493,678,3661,1017
D:\SEM 7\CVProject\datasets\bottles_occluded\image_24.jpg,578,5187,766,5490
D:\SEM 7\CVProject\datasets\bottles_occluded\image_24.jpg,1540,3996,1695,4358
D:\SEM 7\CVProject\datasets\bottles_occluded\image_24.jpg,1786,3242,2108,3415
D:\SEM 7\CVProject\datasets\bottles_occluded\image_24.jpg,1492,2602,1626,3009
D:\SEM 7\CVProject\datasets\bottles_occluded\image_24.jpg,678,5182,845,5491
D:\SEM 7\CVProject\datasets\bottles_occluded\image_24.jpg,658,5473,850,5711
D:\SEM 7\CVProject\datasets\bottles_occluded\image_24.jpg,3442,2365,3634,2589
D:\SEM 7\CVProject\datasets\bottles_occluded\image_24.jpg,2224,98,2368,375
D:\SEM 7\CVProject\datasets\bottles_occluded\image_24.jpg,1243,1476,1460,1647
D:\SEM 7\CVProject\datasets\bottles_occluded\image_24.jpg,1530,3707,1672,3965
D:\SEM 7\CVProject\datasets\bottles_occluded\image_24.jpg,1435,2737,1553,3047
D:\SEM 7\CVProject\datasets\bottles_occluded\image_24.jpg,456,5538,666,5711
D:\SEM 7\CVProject\datasets\bottles_occluded\image_24.jpg,3215,541,3370,754
D:\SEM 7\CVProject\datasets\bottles_occluded\image_24.jpg,1691,3597,1911,3747
D:\SEM 7\CVProject\datasets\bottles_occluded\image_24.jpg,3438,1582,3567,1832
D:\SEM 7\CVProject\datasets\bottles_occluded\image_24.jpg,140,5121,259,5386
D:\SEM 7\CVProject\datasets\bottles_occluded\image_24.jpg,1635,5072,1728,5407
D:\SEM 7\CVProject\datasets\bottles_occluded\image_24.jpg,1786,2865,2060,2974
D:\SEM 7\CVProject\datasets\bottles_occluded\image_24.jpg,1050,175,1189,384
D:\SEM 7\CVProject\datasets\bottles_occluded\image_24.jpg,3364,1885,3481,2133
D:\SEM 7\CVProject\datasets\bottles_occluded\image_24.jpg,853,5519,1004,5711
D:\SEM 7\CVProject\datasets\bottles_occluded\image_24.jpg,1095,5319,1201,5590
D:\SEM 7\CVProject\datasets\bottles_occluded\image_24.jpg,3794,921,3934,1122
D:\SEM 7\CVProject\datasets\bottles_occluded\image_24.jpg,451,5369,558,5629
D:\SEM 7\CVProject\datasets\bottles_occluded\image_24.jpg,3543,2213,3681,2414
D:\SEM 7\CVProject\datasets\bottles_occluded\image_24.jpg,3056,793,3166,1044
D:\SEM 7\CVProject\datasets\bottles_occluded\image_24.jpg,1104,1112,1304,1249
D:\SEM 7\CVProject\datasets\bottles_occluded\image_24.jpg,1694,3744,1922,3864
D:\SEM 7\CVProject\datasets\bottles_occluded\image_24.jpg,3554,1338,3654,1610
D:\SEM 7\CVProject\datasets\bottles_occluded\image_24.jpg,3835,1450,3977,1639
D:\SEM 7\CVProject\datasets\bottles_occluded\image_24.jpg,1592,4801,1692,5067
D:\SEM 7\CVProject\datasets\bottles_occluded\image_24.jpg,3677,563,3829,730
D:\SEM 7\CVProject\datasets\bottles_occluded\image_24.jpg,2203,2668,2367,2821
D:\SEM 7\CVProject\datasets\bottles_occluded\image_24.jpg,3492,601,3697,721
D:\SEM 7\CVProject\datasets\bottles_occluded\image_24.jpg,2114,4327,2247,4511
D:\SEM 7\CVProject\datasets\bottles_occluded\image_25.jpg,0,0,4283,3798
D:\SEM 7\CVProject\datasets\bottles_occluded\image_25.jpg,0,2313,4283,5711
D:\SEM 7\CVProject\datasets\bottles_occluded\image_25.jpg,0,901,2131,3771
D:\SEM 7\CVProject\datasets\bottles_occluded\image_25.jpg,2159,0,4283,2481
D:\SEM 7\CVProject\datasets\bottles_occluded\image_25.jpg,0,4283,2109,5711
D:\SEM 7\CVProject\datasets\bottles_occluded\image_25.jpg,0,2330,1474,3874
D:\SEM 7\CVProject\datasets\bottles_occluded\image_25.jpg,2227,2295,4283,3330
D:\SEM 7\CVProject\datasets\bottles_occluded\image_25.jpg,3324,0,4283,1975
D:\SEM 7\CVProject\datasets\bottles_occluded\image_25.jpg,836,863,2255,1614
D:\SEM 7\CVProject\datasets\bottles_occluded\image_25.jpg,1252,1321,2313,2149
D:\SEM 7\CVProject\datasets\bottles_occluded\image_25.jpg,2251,0,3066,1008
D:\SEM 7\CVProject\datasets\bottles_occluded\image_25.jpg,3472,0,4283,849
D:\SEM 7\CVProject\datasets\bottles_occluded\image_25.jpg,3384,748,4261,1336
D:\SEM 7\CVProject\datasets\bottles_occluded\image_25.jpg,2273,2393,2962,2939
D:\SEM 7\CVProject\datasets\bottles_occluded\image_25.jpg,2905,1234,3333,1978
D:\SEM 7\CVProject\datasets\bottles_occluded\image_25.jpg,3697,1870,4283,2351
D:\SEM 7\CVProject\datasets\bottles_occluded\image_25.jpg,1692,2563,2221,3011
D:\SEM 7\CVProject\datasets\bottles_occluded\image_25.jpg,2239,2323,2514,3126
D:\SEM 7\CVProject\datasets\bottles_occluded\image_25.jpg,3407,990,4014,1253
D:\SEM 7\CVProject\datasets\bottles_occluded\image_25.jpg,1351,2375,1552,2973
D:\SEM 7\CVProject\datasets\bottles_occluded\image_25.jpg,1210,2041,1493,2338
D:\SEM 7\CVProject\datasets\bottles_occluded\image_25.jpg,1770,3562,2178,3742
D:\SEM 7\CVProject\datasets\bottles_occluded\image_25.jpg,1543,1701,1878,1918
D:\SEM 7\CVProject\datasets\bottles_occluded\image_25.jpg,3085,1463,3297,1748
D:\SEM 7\CVProject\datasets\bottles_occluded\image_25.jpg,964,4349,1190,4595
D:\SEM 7\CVProject\datasets\bottles_occluded\image_25.jpg,574,2662,869,2828
D:\SEM 7\CVProject\datasets\bottles_occluded\image_25.jpg,3395,2506,3711,2659
D:\SEM 7\CVProject\datasets\bottles_occluded\image_25.jpg,1294,3222,1468,3485
D:\SEM 7\CVProject\datasets\bottles_occluded\image_25.jpg,1870,3029,2194,3166
D:\SEM 7\CVProject\datasets\bottles_occluded\image_25.jpg,607,1451,925,1588
D:\SEM 7\CVProject\datasets\bottles_occluded\image_25.jpg,1316,2399,1453,2695
D:\SEM 7\CVProject\datasets\bottles_occluded\image_25.jpg,1276,2065,1489,2238
D:\SEM 7\CVProject\datasets\bottles_occluded\image_25.jpg,1300,2992,1467,3196
D:\SEM 7\CVProject\datasets\bottles_occluded\image_25.jpg,1814,4654,1994,4822
D:\SEM 7\CVProject\datasets\bottles_occluded\image_25.jpg,3188,2419,3424,2547
D:\SEM 7\CVProject\datasets\bottles_occluded\image_25.jpg,3208,2564,3409,2710
D:\SEM 7\CVProject\datasets\bottles_occluded\image_25.jpg,4014,2108,4283,2216
D:\SEM 7\CVProject\datasets\bottles_occluded\image_25.jpg,1914,1440,2157,1555
D:\SEM 7\CVProject\datasets\bottles_occluded\image_25.jpg,1211,4360,1355,4553
D:\SEM 7\CVProject\datasets\bottles_occluded\image_25.jpg,1960,1515,2160,1653
D:\SEM 7\CVProject\datasets\bottles_occluded\image_26.jpg,188,0,4283,3736
D:\SEM 7\CVProject\datasets\bottles_occluded\image_26.jpg,2710,3600,4283,5711
D:\SEM 7\CVProject\datasets\bottles_occluded\image_26.jpg,1849,3655,2710,5350
D:\SEM 7\CVProject\datasets\bottles_occluded\image_26.jpg,1346,4375,2461,5483
D:\SEM 7\CVProject\datasets\bottles_occluded\image_26.jpg,0,2414,983,3416
D:\SEM 7\CVProject\datasets\bottles_occluded\image_26.jpg,1342,3707,2381,4560
D:\SEM 7\CVProject\datasets\bottles_occluded\image_26.jpg,0,789,563,2179
D:\SEM 7\CVProject\datasets\bottles_occluded\image_26.jpg,1297,3330,2533,3879
D:\SEM 7\CVProject\datasets\bottles_occluded\image_26.jpg,2243,2016,2722,3429
D:\SEM 7\CVProject\datasets\bottles_occluded\image_26.jpg,0,0,707,902
D:\SEM 7\CVProject\datasets\bottles_occluded\image_26.jpg,920,292,1686,1088
D:\SEM 7\CVProject\datasets\bottles_occluded\image_26.jpg,0,1855,832,2553
D:\SEM 7\CVProject\datasets\bottles_occluded\image_26.jpg,621,3223,1231,3820
D:\SEM 7\CVProject\datasets\bottles_occluded\image_26.jpg,788,2748,1316,3396
D:\SEM 7\CVProject\datasets\bottles_occluded\image_26.jpg,2908,2305,3314,3074
D:\SEM 7\CVProject\datasets\bottles_occluded\image_26.jpg,1829,2864,2453,3332
D:\SEM 7\CVProject\datasets\bottles_occluded\image_26.jpg,182,1298,791,1761
D:\SEM 7\CVProject\datasets\bottles_occluded\image_26.jpg,1584,1759,2299,2152
D:\SEM 7\CVProject\datasets\bottles_occluded\image_26.jpg,0,2872,650,3290
D:\SEM 7\CVProject\datasets\bottles_occluded\image_26.jpg,0,1341,291,2161
D:\SEM 7\CVProject\datasets\bottles_occluded\image_26.jpg,803,1869,1169,2408
D:\SEM 7\CVProject\datasets\bottles_occluded\image_26.jpg,0,2428,563,2750
D:\SEM 7\CVProject\datasets\bottles_occluded\image_26.jpg,1294,2817,1618,3317
D:\SEM 7\CVProject\datasets\bottles_occluded\image_26.jpg,2491,3635,2927,3996
D:\SEM 7\CVProject\datasets\bottles_occluded\image_26.jpg,1790,3982,2085,4498
D:\SEM 7\CVProject\datasets\bottles_occluded\image_26.jpg,2702,3233,3180,3551
D:\SEM 7\CVProject\datasets\bottles_occluded\image_26.jpg,3312,1986,3721,2354
D:\SEM 7\CVProject\datasets\bottles_occluded\image_26.jpg,1077,1999,1285,2702
D:\SEM 7\CVProject\datasets\bottles_occluded\image_26.jpg,1154,1100,1514,1449
D:\SEM 7\CVProject\datasets\bottles_occluded\image_26.jpg,1468,2920,1965,3167
D:\SEM 7\CVProject\datasets\bottles_occluded\image_26.jpg,1778,5069,2239,5321
D:\SEM 7\CVProject\datasets\bottles_occluded\image_26.jpg,590,0,876,351
D:\SEM 7\CVProject\datasets\bottles_occluded\image_26.jpg,2012,5454,2366,5711
D:\SEM 7\CVProject\datasets\bottles_occluded\image_26.jpg,1322,2140,1535,2545
D:\SEM 7\CVProject\datasets\bottles_occluded\image_26.jpg,1335,3694,1448,4411
D:\SEM 7\CVProject\datasets\bottles_occluded\image_26.jpg,2807,3403,3218,3595
D:\SEM 7\CVProject\datasets\bottles_occluded\image_26.jpg,2630,5107,2943,5359
D:\SEM 7\CVProject\datasets\bottles_occluded\image_26.jpg,79,2800,323,3122
D:\SEM 7\CVProject\datasets\bottles_occluded\image_26.jpg,3180,2381,3296,3052
D:\SEM 7\CVProject\datasets\bottles_occluded\image_26.jpg,1073,3292,1320,3598
D:\SEM 7\CVProject\datasets\bottles_occluded\image_26.jpg,1215,737,1462,1036
D:\SEM 7\CVProject\datasets\bottles_occluded\image_26.jpg,1596,3170,1995,3336
D:\SEM 7\CVProject\datasets\bottles_occluded\image_26.jpg,3249,2959,3513,3197
D:\SEM 7\CVProject\datasets\bottles_occluded\image_26.jpg,565,1796,737,2141
D:\SEM 7\CVProject\datasets\bottles_occluded\image_26.jpg,1612,2620,1986,2776
D:\SEM 7\CVProject\datasets\bottles_occluded\image_26.jpg,990,414,1231,636
D:\SEM 7\CVProject\datasets\bottles_occluded\image_26.jpg,2635,5448,2838,5711
D:\SEM 7\CVProject\datasets\bottles_occluded\image_26.jpg,3266,2777,3507,2989
D:\SEM 7\CVProject\datasets\bottles_occluded\image_26.jpg,178,1458,337,1769
D:\SEM 7\CVProject\datasets\bottles_occluded\image_26.jpg,1559,1704,1821,1879
D:\SEM 7\CVProject\datasets\bottles_occluded\image_26.jpg,3296,2606,3534,2793
D:\SEM 7\CVProject\datasets\bottles_occluded\image_26.jpg,1966,2764,2256,2917
D:\SEM 7\CVProject\datasets\bottles_occluded\image_26.jpg,2379,1975,2522,2271
D:\SEM 7\CVProject\datasets\bottles_occluded\image_26.jpg,1613,0,1911,140
D:\SEM 7\CVProject\datasets\bottles_occluded\image_26.jpg,2981,3145,3163,3370
D:\SEM 7\CVProject\datasets\bottles_occluded\image_26.jpg,2671,4113,2914,4280
D:\SEM 7\CVProject\datasets\bottles_occluded\image_26.jpg,1022,724,1127,1103
D:\SEM 7\CVProject\datasets\bottles_occluded\image_26.jpg,2530,5518,2732,5711
D:\SEM 7\CVProject\datasets\bottles_occluded\image_26.jpg,2763,2908,2889,3210
D:\SEM 7\CVProject\datasets\bottles_occluded\image_26.jpg,2908,3395,3171,3538
D:\SEM 7\CVProject\datasets\bottles_occluded\image_26.jpg,2835,3582,3048,3744
D:\SEM 7\CVProject\datasets\bottles_occluded\image_26.jpg,491,3806,702,3955
D:\SEM 7\CVProject\datasets\bottles_occluded\image_26.jpg,1896,4571,2079,4738
D:\SEM 7\CVProject\datasets\bottles_occluded\image_26.jpg,2327,3852,2442,4115
D:\SEM 7\CVProject\datasets\bottles_occluded\image_26.jpg,1331,1702,1499,1882
D:\SEM 7\CVProject\datasets\bottles_occluded\image_26.jpg,0,2245,214,2385
D:\SEM 7\CVProject\datasets\bottles_occluded\image_26.jpg,559,1942,690,2170
D:\SEM 7\CVProject\datasets\bottles_occluded\image_26.jpg,2224,1903,2336,2163
D:\SEM 7\CVProject\datasets\bottles_occluded\image_26.jpg,695,5456,823,5670
D:\SEM 7\CVProject\datasets\bottles_occluded\image_26.jpg,1257,2117,1354,2393
D:\SEM 7\CVProject\datasets\bottles_occluded\image_26.jpg,2779,2594,2866,2901
D:\SEM 7\CVProject\datasets\bottles_occluded\image_26.jpg,574,5362,715,5547
D:\SEM 7\CVProject\datasets\bottles_occluded\image_26.jpg,1706,2821,1936,2931
D:\SEM 7\CVProject\datasets\bottles_occluded\image_26.jpg,2307,4013,2439,4204
D:\SEM 7\CVProject\datasets\bottles_occluded\image_27.jpg,437,0,3023,2768
D:\SEM 7\CVProject\datasets\bottles_occluded\image_27.jpg,171,1773,2817,4031
D:\SEM 7\CVProject\datasets\bottles_occluded\image_27.jpg,924,2797,3023,4031
D:\SEM 7\CVProject\datasets\bottles_occluded\image_27.jpg,0,1624,1126,2845
D:\SEM 7\CVProject\datasets\bottles_occluded\image_27.jpg,517,879,1518,1840
D:\SEM 7\CVProject\datasets\bottles_occluded\image_27.jpg,1600,773,2368,1827
D:\SEM 7\CVProject\datasets\bottles_occluded\image_27.jpg,0,0,523,1278
D:\SEM 7\CVProject\datasets\bottles_occluded\image_27.jpg,1975,2393,2784,3181
D:\SEM 7\CVProject\datasets\bottles_occluded\image_27.jpg,1289,2478,2036,3279
D:\SEM 7\CVProject\datasets\bottles_occluded\image_27.jpg,1,2484,438,3737
D:\SEM 7\CVProject\datasets\bottles_occluded\image_27.jpg,1016,1221,1879,1801
D:\SEM 7\CVProject\datasets\bottles_occluded\image_27.jpg,1624,2580,2495,3026
D:\SEM 7\CVProject\datasets\bottles_occluded\image_27.jpg,5,1221,507,1896
D:\SEM 7\CVProject\datasets\bottles_occluded\image_27.jpg,1164,447,1744,1002
D:\SEM 7\CVProject\datasets\bottles_occluded\image_27.jpg,762,1044,1185,1668
D:\SEM 7\CVProject\datasets\bottles_occluded\image_27.jpg,1248,1009,1868,1287
D:\SEM 7\CVProject\datasets\bottles_occluded\image_27.jpg,142,1945,369,2592
D:\SEM 7\CVProject\datasets\bottles_occluded\image_27.jpg,1505,408,1794,899
D:\SEM 7\CVProject\datasets\bottles_occluded\image_27.jpg,264,3272,572,3719
D:\SEM 7\CVProject\datasets\bottles_occluded\image_27.jpg,1401,820,1926,1049
D:\SEM 7\CVProject\datasets\bottles_occluded\image_27.jpg,30,3747,423,4031
D:\SEM 7\CVProject\datasets\bottles_occluded\image_27.jpg,2676,2565,2940,2972
D:\SEM 7\CVProject\datasets\bottles_occluded\image_27.jpg,200,766,526,1091
D:\SEM 7\CVProject\datasets\bottles_occluded\image_27.jpg,494,1611,994,1817
D:\SEM 7\CVProject\datasets\bottles_occluded\image_27.jpg,616,1645,905,1941
D:\SEM 7\CVProject\datasets\bottles_occluded\image_27.jpg,256,2006,468,2406
D:\SEM 7\CVProject\datasets\bottles_occluded\image_27.jpg,16,1176,298,1451
D:\SEM 7\CVProject\datasets\bottles_occluded\image_27.jpg,246,1922,364,2418
D:\SEM 7\CVProject\datasets\bottles_occluded\image_27.jpg,592,2154,741,2507
D:\SEM 7\CVProject\datasets\bottles_occluded\image_27.jpg,1434,512,1676,726
D:\SEM 7\CVProject\datasets\bottles_occluded\image_27.jpg,1441,3410,1533,3961
D:\SEM 7\CVProject\datasets\bottles_occluded\image_27.jpg,1548,3407,1632,3958
D:\SEM 7\CVProject\datasets\bottles_occluded\image_27.jpg,1830,358,2000,630
D:\SEM 7\CVProject\datasets\bottles_occluded\image_27.jpg,2356,2255,2499,2575
D:\SEM 7\CVProject\datasets\bottles_occluded\image_27.jpg,1514,3412,1599,3948
D:\SEM 7\CVProject\datasets\bottles_occluded\image_27.jpg,245,974,396,1273
D:\SEM 7\CVProject\datasets\bottles_occluded\image_27.jpg,1350,127,1505,412
D:\SEM 7\CVProject\datasets\bottles_occluded\image_27.jpg,892,250,1045,533
D:\SEM 7\CVProject\datasets\bottles_occluded\image_27.jpg,1038,804,1265,993
D:\SEM 7\CVProject\datasets\bottles_occluded\image_27.jpg,514,3350,755,3525
D:\SEM 7\CVProject\datasets\bottles_occluded\image_27.jpg,2562,622,2711,901
D:\SEM 7\CVProject\datasets\bottles_occluded\image_27.jpg,2730,485,2890,744
D:\SEM 7\CVProject\datasets\bottles_occluded\image_27.jpg,589,1689,830,1860
D:\SEM 7\CVProject\datasets\bottles_occluded\image_27.jpg,2677,3354,2805,3675
D:\SEM 7\CVProject\datasets\bottles_occluded\image_27.jpg,0,3477,162,3730
D:\SEM 7\CVProject\datasets\bottles_occluded\image_27.jpg,1631,2840,1827,3049
D:\SEM 7\CVProject\datasets\bottles_occluded\image_27.jpg,1206,0,1344,283
D:\SEM 7\CVProject\datasets\bottles_occluded\image_27.jpg,0,3365,131,3663
D:\SEM 7\CVProject\datasets\bottles_occluded\image_27.jpg,2608,1340,2774,1575
D:\SEM 7\CVProject\datasets\bottles_occluded\image_27.jpg,1611,3399,1678,3975
D:\SEM 7\CVProject\datasets\bottles_occluded\image_27.jpg,1613,890,1866,1043
D:\SEM 7\CVProject\datasets\bottles_occluded\image_27.jpg,2301,256,2443,528
D:\SEM 7\CVProject\datasets\bottles_occluded\image_27.jpg,1018,3505,1167,3763
D:\SEM 7\CVProject\datasets\bottles_occluded\image_27.jpg,719,402,848,698
D:\SEM 7\CVProject\datasets\bottles_occluded\image_27.jpg,1839,3451,1906,4013
D:\SEM 7\CVProject\datasets\bottles_occluded\image_27.jpg,1711,3419,1776,3998
D:\SEM 7\CVProject\datasets\bottles_occluded\image_27.jpg,2513,2148,2677,2379
D:\SEM 7\CVProject\datasets\bottles_occluded\image_27.jpg,1942,3452,2007,4028
D:\SEM 7\CVProject\datasets\bottles_occluded\image_27.jpg,1752,3427,1816,4006
D:\SEM 7\CVProject\datasets\bottles_occluded\image_27.jpg,2446,1467,2594,1719
D:\SEM 7\CVProject\datasets\bottles_occluded\image_27.jpg,1778,3433,1842,4010
D:\SEM 7\CVProject\datasets\bottles_occluded\image_27.jpg,1896,3450,1960,4026
D:\SEM 7\CVProject\datasets\bottles_occluded\image_27.jpg,2908,1102,3023,1424
D:\SEM 7\CVProject\datasets\bottles_occluded\image_27.jpg,2772,3687,2918,3923
D:\SEM 7\CVProject\datasets\bottles_occluded\image_27.jpg,2140,101,2289,332
D:\SEM 7\CVProject\datasets\bottles_occluded\image_27.jpg,1771,76,1910,323
D:\SEM 7\CVProject\datasets\bottles_occluded\image_27.jpg,885,626,1060,819
D:\SEM 7\CVProject\datasets\bottles_occluded\image_27.jpg,2336,3802,2496,4012
D:\SEM 7\CVProject\datasets\bottles_occluded\image_27.jpg,1991,3457,2049,4028
D:\SEM 7\CVProject\datasets\bottles_occluded\image_27.jpg,1504,2197,1643,2434
D:\SEM 7\CVProject\datasets\bottles_occluded\image_27.jpg,256,3589,534,3707
D:\SEM 7\CVProject\datasets\bottles_occluded\image_27.jpg,1184,356,1310,615
D:\SEM 7\CVProject\datasets\bottles_occluded\image_27.jpg,2406,3272,2574,3464
D:\SEM 7\CVProject\datasets\bottles_occluded\image_27.jpg,893,448,1042,662
D:\SEM 7\CVProject\datasets\bottles_occluded\image_27.jpg,2723,1733,2791,2199
D:\SEM 7\CVProject\datasets\bottles_occluded\image_27.jpg,2778,12,2898,274
D:\SEM 7\CVProject\datasets\bottles_occluded\image_27.jpg,2622,3565,2753,3805
D:\SEM 7\CVProject\datasets\bottles_occluded\image_27.jpg,935,3358,1041,3653
D:\SEM 7\CVProject\datasets\bottles_occluded\image_27.jpg,2125,472,2249,724
D:\SEM 7\CVProject\datasets\bottles_occluded\image_27.jpg,1809,3474,1867,4005
D:\SEM 7\CVProject\datasets\bottles_occluded\image_27.jpg,648,3420,768,3678
D:\SEM 7\CVProject\datasets\bottles_occluded\image_27.jpg,535,738,669,969
D:\SEM 7\CVProject\datasets\bottles_occluded\image_27.jpg,344,3464,480,3691
D:\SEM 7\CVProject\datasets\bottles_occluded\image_27.jpg,1631,2514,1906,2626
D:\SEM 7\CVProject\datasets\bottles_occluded\image_27.jpg,653,162,772,419
D:\SEM 7\CVProject\datasets\bottles_occluded\image_27.jpg,939,23,1032,350
D:\SEM 7\CVProject\datasets\bottles_occluded\image_27.jpg,1800,726,1967,908
D:\SEM 7\CVProject\datasets\bottles_occluded\image_27.jpg,2352,515,2514,702
D:\SEM 7\CVProject\datasets\bottles_occluded\image_27.jpg,1361,12,1504,223
D:\SEM 7\CVProject\datasets\bottles_occluded\image_27.jpg,1463,3515,1552,3853
D:\SEM 7\CVProject\datasets\bottles_occluded\image_27.jpg,2694,826,2861,1004
D:\SEM 7\CVProject\datasets\bottles_occluded\image_27.jpg,1801,2772,2010,2914
D:\SEM 7\CVProject\datasets\bottles_occluded\image_27.jpg,2697,220,2825,451
D:\SEM 7\CVProject\datasets\bottles_occluded\image_27.jpg,681,729,806,965
D:\SEM 7\CVProject\datasets\bottles_occluded\image_27.jpg,832,738,951,985
D:\SEM 7\CVProject\datasets\bottles_occluded\image_27.jpg,1316,340,1432,593
D:\SEM 7\CVProject\datasets\bottles_occluded\image_27.jpg,2423,3110,2564,3318
D:\SEM 7\CVProject\datasets\bottles_occluded\image_27.jpg,2639,0,2755,252
D:\SEM 7\CVProject\datasets\bottles_occluded\image_27.jpg,296,2051,467,2222
D:\SEM 7\CVProject\datasets\bottles_occluded\image_27.jpg,1277,546,1370,858
D:\SEM 7\CVProject\datasets\bottles_occluded\image_27.jpg,2716,3091,2847,3312
D:\SEM 7\CVProject\datasets\bottles_occluded\image_27.jpg,777,915,911,1131
D:\SEM 7\CVProject\datasets\bottles_occluded\image_27.jpg,1819,555,1962,755
D:\SEM 7\CVProject\datasets\bottles_occluded\image_27.jpg,1611,283,1728,525
D:\SEM 7\CVProject\datasets\bottles_occluded\image_27.jpg,2802,292,2900,580
D:\SEM 7\CVProject\datasets\bottles_occluded\image_27.jpg,2202,3332,2319,3573
D:\SEM 7\CVProject\datasets\bottles_occluded\image_27.jpg,1556,750,1697,950
D:\SEM 7\CVProject\datasets\bottles_occluded\image_27.jpg,2727,2860,2873,3053
D:\SEM 7\CVProject\datasets\bottles_occluded\image_27.jpg,2097,633,2216,869
D:\SEM 7\CVProject\datasets\bottles_occluded\image_27.jpg,2255,448,2366,700
D:\SEM 7\CVProject\datasets\bottles_occluded\image_27.jpg,2335,38,2480,231
D:\SEM 7\CVProject\datasets\bottles_occluded\image_27.jpg,1656,2068,1777,2298
D:\SEM 7\CVProject\datasets\bottles_occluded\image_27.jpg,1173,521,1288,762
D:\SEM 7\CVProject\datasets\bottles_occluded\image_27.jpg,1530,116,1641,362
D:\SEM 7\CVProject\datasets\bottles_occluded\image_27.jpg,2791,2262,2918,2477
D:\SEM 7\CVProject\datasets\bottles_occluded\image_27.jpg,2533,404,2646,645
D:\SEM 7\CVProject\datasets\bottles_occluded\image_27.jpg,2668,1160,2771,1424
D:\SEM 7\CVProject\datasets\bottles_occluded\image_27.jpg,791,3337,896,3596
D:\SEM 7\CVProject\datasets\bottles_occluded\image_27.jpg,2889,1444,3015,1660
D:\SEM 7\CVProject\datasets\bottles_occluded\image_27.jpg,2582,1656,2745,1823
D:\SEM 7\CVProject\datasets\bottles_occluded\image_27.jpg,2288,3103,2418,3312
D:\SEM 7\CVProject\datasets\bottles_occluded\image_27.jpg,2555,1106,2688,1310
D:\SEM 7\CVProject\datasets\bottles_occluded\image_27.jpg,377,883,517,1076
D:\SEM 7\CVProject\datasets\bottles_occluded\image_27.jpg,2348,3367,2459,3610
D:\SEM 7\CVProject\datasets\bottles_occluded\image_27.jpg,835,1484,991,1656
D:\SEM 7\CVProject\datasets\bottles_occluded\image_27.jpg,1975,3465,2027,3972
D:\SEM 7\CVProject\datasets\bottles_occluded\image_27.jpg,2910,2910,3023,3145
D:\SEM 7\CVProject\datasets\bottles_occluded\image_27.jpg,2630,937,2747,1164
D:\SEM 7\CVProject\datasets\bottles_occluded\image_27.jpg,1980,595,2079,863
D:\SEM 7\CVProject\datasets\bottles_occluded\image_27.jpg,1264,3640,1385,3859
D:\SEM 7\CVProject\datasets\bottles_occluded\image_27.jpg,2393,3623,2495,3882
D:\SEM 7\CVProject\datasets\bottles_occluded\image_27.jpg,2185,816,2305,1036
D:\SEM 7\CVProject\datasets\bottles_occluded\image_27.jpg,1502,3253,1611,3494
D:\SEM 7\CVProject\datasets\bottles_occluded\image_27.jpg,1077,268,1194,492
D:\SEM 7\CVProject\datasets\bottles_occluded\image_27.jpg,2444,1247,2574,1448
D:\SEM 7\CVProject\datasets\bottles_occluded\image_27.jpg,959,3696,1081,3910
D:\SEM 7\CVProject\datasets\bottles_occluded\image_27.jpg,1274,2106,1434,2269
D:\SEM 7\CVProject\datasets\bottles_occluded\image_27.jpg,1355,3255,1473,3475
D:\SEM 7\CVProject\datasets\bottles_occluded\image_27.jpg,2080,792,2204,1001
D:\SEM 7\CVProject\datasets\bottles_occluded\image_27.jpg,2658,2537,2723,2933
D:\SEM 7\CVProject\datasets\bottles_occluded\image_27.jpg,525,272,637,502
D:\SEM 7\CVProject\datasets\bottles_occluded\image_27.jpg,1192,3483,1303,3715
D:\SEM 7\CVProject\datasets\bottles_occluded\image_27.jpg,733,3632,856,3840
D:\SEM 7\CVProject\datasets\bottles_occluded\image_27.jpg,2010,373,2128,588
D:\SEM 7\CVProject\datasets\bottles_occluded\image_27.jpg,2873,3074,2986,3298
D:\SEM 7\CVProject\datasets\bottles_occluded\image_27.jpg,2782,2391,2900,2605
D:\SEM 7\CVProject\datasets\bottles_occluded\image_27.jpg,1196,168,1330,356
D:\SEM 7\CVProject\datasets\bottles_occluded\image_27.jpg,2139,2186,2295,2347
D:\SEM 7\CVProject\datasets\bottles_occluded\image_27.jpg,2490,927,2601,1152
D:\SEM 7\CVProject\datasets\bottles_occluded\image_27.jpg,2322,152,2448,350
D:\SEM 7\CVProject\datasets\bottles_occluded\image_27.jpg,2869,1578,2987,1788
D:\SEM 7\CVProject\datasets\bottles_occluded\image_27.jpg,570,0,672,242
D:\SEM 7\CVProject\datasets\bottles_occluded\image_27.jpg,2722,669,2853,857
D:\SEM 7\CVProject\datasets\bottles_occluded\image_27.jpg,2466,247,2570,483
D:\SEM 7\CVProject\datasets\bottles_occluded\image_27.jpg,2505,2311,2644,2487
D:\SEM 7\CVProject\datasets\bottles_occluded\image_27.jpg,555,1597,771,1710
D:\SEM 7\CVProject\datasets\bottles_occluded\image_27.jpg,634,1097,747,1313
D:\SEM 7\CVProject\datasets\bottles_occluded\image_27.jpg,543,951,656,1167
D:\SEM 7\CVProject\datasets\bottles_occluded\image_27.jpg,2387,745,2482,1001
D:\SEM 7\CVProject\datasets\bottles_occluded\image_27.jpg,1927,896,2060,1079
D:\SEM 7\CVProject\datasets\bottles_occluded\image_27.jpg,1067,3298,1200,3481
D:\SEM 7\CVProject\datasets\bottles_occluded\image_27.jpg,2853,1732,2983,1919
D:\SEM 7\CVProject\datasets\bottles_occluded\image_27.jpg,2125,3689,2230,3920
D:\SEM 7\CVProject\datasets\bottles_occluded\image_27.jpg,2921,236,3011,505
D:\SEM 7\CVProject\datasets\bottles_occluded\image_27.jpg,1074,500,1162,773
D:\SEM 7\CVProject\datasets\bottles_occluded\image_27.jpg,2699,3227,2816,3432
D:\SEM 7\CVProject\datasets\bottles_occluded\image_27.jpg,1924,2157,2039,2365
D:\SEM 7\CVProject\datasets\bottles_occluded\image_27.jpg,2599,1510,2738,1682
D:\SEM 7\CVProject\datasets\bottles_occluded\image_27.jpg,1046,3400,1173,3587
D:\SEM 7\CVProject\datasets\bottles_occluded\image_27.jpg,2887,25,2982,273
D:\SEM 7\CVProject\datasets\bottles_occluded\image_27.jpg,2605,2979,2724,3177
D:\SEM 7\CVProject\datasets\bottles_occluded\image_27.jpg,2589,3179,2686,3421
D:\SEM 7\CVProject\datasets\bottles_occluded\image_27.jpg,170,2329,335,2471
D:\SEM 7\CVProject\datasets\bottles_occluded\image_27.jpg,830,0,947,200
D:\SEM 7\CVProject\datasets\bottles_occluded\image_27.jpg,2873,711,2968,957
D:\SEM 7\CVProject\datasets\bottles_occluded\image_27.jpg,684,94,840,244
D:\SEM 7\CVProject\datasets\bottles_occluded\image_27.jpg,757,418,884,602
D:\SEM 7\CVProject\datasets\bottles_occluded\image_27.jpg,2074,3347,2184,3557
D:\SEM 7\CVProject\datasets\bottles_occluded\image_27.jpg,2758,1542,2855,1779
D:\SEM 7\CVProject\datasets\bottles_occluded\image_27.jpg,2315,612,2419,833
D:\SEM 7\CVProject\datasets\bottles_occluded\image_27.jpg,416,3405,564,3560
D:\SEM 7\CVProject\datasets\bottles_occluded\image_27.jpg,2449,3023,2599,3175
D:\SEM 7\CVProject\datasets\bottles_occluded\image_27.jpg,2024,88,2107,362
D:\SEM 7\CVProject\datasets\bottles_occluded\image_27.jpg,1479,278,1603,461
D:\SEM 7\CVProject\datasets\bottles_occluded\image_27.jpg,1140,2362,1254,2561
D:\SEM 7\CVProject\datasets\bottles_occluded\image_27.jpg,1905,2284,2014,2492
D:\SEM 7\CVProject\datasets\bottles_occluded\image_27.jpg,1630,3510,1693,3868
D:\SEM 7\CVProject\datasets\bottles_occluded\image_27.jpg,1820,3200,1934,3398
D:\SEM 7\CVProject\datasets\bottles_occluded\image_27.jpg,878,3546,1013,3713
D:\SEM 7\CVProject\datasets\bottles_occluded\image_27.jpg,1698,3524,1760,3884
D:\SEM 7\CVProject\datasets\bottles_occluded\image_27.jpg,1939,3379,2065,3557
D:\SEM 7\CVProject\datasets\bottles_occluded\image_27.jpg,2200,5,2329,178
D:\SEM 7\CVProject\datasets\bottles_occluded\image_27.jpg,2799,2111,2952,2256
D:\SEM 7\CVProject\datasets\bottles_occluded\image_27.jpg,2493,2464,2656,2600
D:\SEM 7\CVProject\datasets\bottles_occluded\image_27.jpg,1181,2053,1284,2268
D:\SEM 7\CVProject\datasets\bottles_occluded\image_27.jpg,1133,3636,1261,3809
D:\SEM 7\CVProject\datasets\bottles_occluded\image_27.jpg,2536,3452,2668,3619
D:\SEM 7\CVProject\datasets\bottles_occluded\image_27.jpg,1453,3544,1510,3928
D:\SEM 7\CVProject\datasets\bottles_occluded\image_27.jpg,2109,2272,2252,2426
D:\SEM 7\CVProject\datasets\bottles_occluded\image_27.jpg,527,154,641,346
D:\SEM 7\CVProject\datasets\bottles_occluded\image_27.jpg,2670,2351,2762,2588
D:\SEM 7\CVProject\datasets\bottles_occluded\image_27.jpg,333,3289,422,3532
D:\SEM 7\CVProject\datasets\bottles_occluded\image_27.jpg,1878,3554,1938,3913
D:\SEM 7\CVProject\datasets\bottles_occluded\image_27.jpg,2045,2135,2148,2345
D:\SEM 7\CVProject\datasets\bottles_occluded\image_27.jpg,256,2012,313,2388
D:\SEM 7\CVProject\datasets\bottles_occluded\image_27.jpg,1631,2378,1785,2518
D:\SEM 7\CVProject\datasets\bottles_occluded\image_27.jpg,1860,1319,1908,1763
D:\SEM 7\CVProject\datasets\bottles_occluded\image_27.jpg,2050,0,2190,153
D:\SEM 7\CVProject\datasets\bottles_occluded\image_27.jpg,2783,1353,2900,1536
D:\SEM 7\CVProject\datasets\bottles_occluded\image_27.jpg,569,2333,698,2499
D:\SEM 7\CVProject\datasets\bottles_occluded\image_27.jpg,1063,694,1176,883
D:\SEM 7\CVProject\datasets\bottles_occluded\image_27.jpg,601,3586,691,3823
D:\SEM 7\CVProject\datasets\bottles_occluded\image_27.jpg,2899,512,3010,704
D:\SEM 7\CVProject\datasets\bottles_occluded\image_27.jpg,621,335,725,539
D:\SEM 7\CVProject\datasets\bottles_occluded\image_27.jpg,1509,49,1640,211
D:\SEM 7\CVProject\datasets\bottles_occluded\image_27.jpg,1658,65,1761,270
D:\SEM 7\CVProject\datasets\bottles_occluded\image_27.jpg,2895,3814,3021,3981
D:\SEM 7\CVProject\datasets\bottles_occluded\image_27.jpg,2410,403,2532,574
D:\SEM 7\CVProject\datasets\bottles_occluded\image_27.jpg,2798,1104,2884,1346
D:\SEM 7\CVProject\datasets\bottles_occluded\image_27.jpg,2813,3516,2943,3676
D:\SEM 7\CVProject\datasets\bottles_occluded\image_27.jpg,1073,0,1154,256
D:\SEM 7\CVProject\datasets\bottles_occluded\image_27.jpg,2109,3166,2195,3407
D:\SEM 7\CVProject\datasets\bottles_occluded\image_27.jpg,1652,218,1799,359
D:\SEM 7\CVProject\datasets\bottles_occluded\image_27.jpg,1730,3530,1787,3891
D:\SEM 7\CVProject\datasets\bottles_occluded\image_27.jpg,1678,3309,1795,3485
D:\SEM 7\CVProject\datasets\bottles_occluded\image_27.jpg,2217,613,2310,834
D:\SEM 7\CVProject\datasets\bottles_occluded\image_27.jpg,2206,2565,2303,2776
D:\SEM 7\CVProject\datasets\bottles_occluded\image_27.jpg,1832,3528,1878,3968
D:\SEM 7\CVProject\datasets\bottles_occluded\image_27.jpg,879,2823,991,3005
D:\SEM 7\CVProject\datasets\bottles_occluded\image_27.jpg,2083,2411,2263,2524
D:\SEM 7\CVProject\datasets\bottles_occluded\image_27.jpg,1965,787,2075,971
D:\SEM 7\CVProject\datasets\bottles_occluded\image_27.jpg,2164,3636,2304,3780
D:\SEM 7\CVProject\datasets\bottles_occluded\image_27.jpg,1246,2189,1347,2387
D:\SEM 7\CVProject\datasets\bottles_occluded\image_27.jpg,2685,2170,2798,2347
D:\SEM 7\CVProject\datasets\bottles_occluded\image_27.jpg,772,621,876,813
D:\SEM 7\CVProject\datasets\bottles_occluded\image_27.jpg,1799,2265,1887,2491
D:\SEM 7\CVProject\datasets\bottles_occluded\image_27.jpg,825,3842,1016,3946
D:\SEM 7\CVProject\datasets\bottles_occluded\image_27.jpg,652,590,749,793
D:\SEM 7\CVProject\datasets\bottles_occluded\image_27.jpg,1320,3431,1422,3623
D:\SEM 7\CVProject\datasets\bottles_occluded\image_27.jpg,1329,2306,1415,2531
D:\SEM 7\CVProject\datasets\bottles_occluded\image_27.jpg,822,3734,951,3884
D:\SEM 7\CVProject\datasets\bottles_occluded\image_27.jpg,550,1354,720,1467
D:\SEM 7\CVProject\datasets\bottles_occluded\image_27.jpg,2576,3352,2688,3523
D:\SEM 7\CVProject\datasets\bottles_occluded\image_27.jpg,2590,206,2689,399
D:\SEM 7\CVProject\datasets\bottles_occluded\image_27.jpg,1926,3560,1979,3917
D:\SEM 7\CVProject\datasets\bottles_occluded\image_27.jpg,2590,3873,2710,4031
D:\SEM 7\CVProject\datasets\bottles_occluded\image_27.jpg,663,905,767,1087
D:\SEM 7\CVProject\datasets\bottles_occluded\image_27.jpg,1290,3844,1391,4031
D:\SEM 7\CVProject\datasets\bottles_occluded\image_27.jpg,1179,3423,1303,3575
D:\SEM 7\CVProject\datasets\bottles_occluded\image_27.jpg,2739,3859,2848,4031
D:\SEM 7\CVProject\datasets\bottles_occluded\image_27.jpg,2927,2384,3023,2579
D:\SEM 7\CVProject\datasets\bottles_occluded\image_27.jpg,1181,703,1280,892
D:\SEM 7\CVProject\datasets\bottles_occluded\image_27.jpg,569,532,637,806
D:\SEM 7\CVProject\datasets\bottles_occluded\image_27.jpg,2453,190,2581,336
D:\SEM 7\CVProject\datasets\bottles_occluded\image_27.jpg,2017,3565,2069,3921
D:\SEM 7\CVProject\datasets\bottles_occluded\image_27.jpg,514,1194,618,1373
D:\SEM 7\CVProject\datasets\bottles_occluded\image_27.jpg,1607,3444,1662,3780
D:\SEM 7\CVProject\datasets\bottles_occluded\image_27.jpg,1918,3224,2002,3445
D:\SEM 7\CVProject\datasets\bottles_occluded\image_27.jpg,668,1036,811,1165
D:\SEM 7\CVProject\datasets\bottles_occluded\image_27.jpg,1085,1774,1169,1993
D:\SEM 7\CVProject\datasets\bottles_occluded\image_27.jpg,2580,347,2715,483
D:\SEM 7\CVProject\datasets\bottles_occluded\image_27.jpg,2744,1713,2856,1876
D:\SEM 7\CVProject\datasets\bottles_occluded\image_27.jpg,2794,3608,2914,3760
D:\SEM 7\CVProject\datasets\bottles_occluded\image_27.jpg,2494,49,2616,198
D:\SEM 7\CVProject\datasets\bottles_occluded\image_27.jpg,1455,846,1571,1002
D:\SEM 7\CVProject\datasets\bottles_occluded\image_27.jpg,1676,3059,1882,3146
D:\SEM 7\CVProject\datasets\bottles_occluded\image_27.jpg,2942,3676,3023,3897
D:\SEM 7\CVProject\datasets\bottles_occluded\image_27.jpg,2582,827,2682,1006
D:\SEM 7\CVProject\datasets\bottles_occluded\image_27.jpg,698,2114,756,2420
D:\SEM 7\CVProject\datasets\bottles_occluded\image_27.jpg,1647,2239,1779,2374
D:\SEM 7\CVProject\datasets\bottles_occluded\image_27.jpg,2170,3511,2266,3695
D:\SEM 7\CVProject\datasets\bottles_occluded\image_27.jpg,1034,2334,1143,2496
D:\SEM 7\CVProject\datasets\bottles_occluded\image_27.jpg,517,1091,626,1253
D:\SEM 7\CVProject\datasets\bottles_occluded\image_27.jpg,386,3069,475,3267
D:\SEM 7\CVProject\datasets\bottles_occluded\image_27.jpg,1667,2980,1804,3108
D:\SEM 7\CVProject\datasets\bottles_occluded\image_27.jpg,2377,2323,2498,2467
D:\SEM 7\CVProject\datasets\bottles_occluded\image_27.jpg,2613,3738,2746,3869
D:\SEM 7\CVProject\datasets\bottles_occluded\image_27.jpg,2832,3218,2927,3401
D:\SEM 7\CVProject\datasets\bottles_occluded\image_27.jpg,2838,1982,2946,2143
D:\SEM 7\CVProject\datasets\bottles_occluded\image_27.jpg,1899,169,1996,348
D:\SEM 7\CVProject\datasets\bottles_occluded\image_27.jpg,1246,3272,1336,3464
D:\SEM 7\CVProject\datasets\bottles_occluded\image_27.jpg,2932,3225,3023,3414
D:\SEM 7\CVProject\datasets\bottles_occluded\image_27.jpg,2522,3552,2595,3787
D:\SEM 7\CVProject\datasets\bottles_occluded\image_27.jpg,2017,2268,2106,2461
D:\SEM 7\CVProject\datasets\bottles_occluded\image_27.jpg,742,3541,861,3685
D:\SEM 7\CVProject\datasets\bottles_occluded\image_27.jpg,1029,2896,1106,3117
D:\SEM 7\CVProject\datasets\bottles_occluded\image_27.jpg,2479,802,2569,991
D:\SEM 7\CVProject\datasets\bottles_occluded\image_27.jpg,2525,2194,2647,2333
D:\SEM 7\CVProject\datasets\bottles_occluded\image_27.jpg,2299,3249,2394,3427
D:\SEM 7\CVProject\datasets\bottles_occluded\image_27.jpg,724,1484,825,1651
D:\SEM 7\CVProject\datasets\bottles_occluded\image_27.jpg,1517,2170,1667,2282
D:\SEM 7\CVProject\datasets\bottles_occluded\image_27.jpg,1871,388,1943,620
D:\SEM 7\CVProject\datasets\bottles_occluded\image_27.jpg,2085,3842,2180,4018
D:\SEM 7\CVProject\datasets\bottles_occluded\image_27.jpg,2840,3931,3012,4028
D:\SEM 7\CVProject\datasets\bottles_occluded\image_27.jpg,2491,568,2582,751
D:\SEM 7\CVProject\datasets\bottles_occluded\image_27.jpg,2297,3599,2408,3749
D:\SEM 7\CVProject\datasets\bottles_occluded\image_27.jpg,1,3165,67,3416
D:\SEM 7\CVProject\datasets\bottles_occluded\image_27.jpg,1295,505,1370,726
D:\SEM 7\CVProject\datasets\bottles_occluded\image_27.jpg,1278,714,1359,917
D:\SEM 7\CVProject\datasets\bottles_occluded\image_27.jpg,1843,262,1995,370
D:\SEM 7\CVProject\datasets\bottles_occluded\image_27.jpg,2189,3216,2281,3394
D:\SEM 7\CVProject\datasets\bottles_occluded\image_27.jpg,2447,1514,2552,1670
D:\SEM 7\CVProject\datasets\bottles_occluded\image_27.jpg,1380,194,1485,350
D:\SEM 7\CVProject\datasets\bottles_occluded\image_27.jpg,1050,186,1167,326
D:\SEM 7\CVProject\datasets\bottles_occluded\image_27.jpg,2505,3810,2607,3970
D:\SEM 7\CVProject\datasets\bottles_occluded\image_27.jpg,1576,3458,1631,3753
D:\SEM 7\CVProject\datasets\bottles_occluded\image_27.jpg,2179,180,2266,367
D:\SEM 7\CVProject\datasets\bottles_occluded\image_27.jpg,1554,3453,1606,3764
D:\SEM 7\CVProject\datasets\bottles_occluded\image_27.jpg,2454,1098,2548,1271
D:\SEM 7\CVProject\datasets\bottles_occluded\image_27.jpg,529,892,645,1032
D:\SEM 7\CVProject\datasets\bottles_occluded\image_27.jpg,2951,2240,3023,2464
D:\SEM 7\CVProject\datasets\bottles_occluded\image_27.jpg,2082,2557,2157,2772
D:\SEM 7\CVProject\datasets\bottles_occluded\image_27.jpg,1158,2190,1242,2382
D:\SEM 7\CVProject\datasets\bottles_occluded\image_27.jpg,678,0,790,144
D:\SEM 7\CVProject\datasets\bottles_occluded\image_27.jpg,2683,3399,2787,3554
D:\SEM 7\CVProject\datasets\bottles_occluded\image_27.jpg,2869,3431,2973,3586
D:\SEM 7\CVProject\datasets\bottles_occluded\image_27.jpg,1992,2436,2185,2519
D:\SEM 7\CVProject\datasets\bottles_occluded\image_27.jpg,1721,3206,1817,3373
D:\SEM 7\CVProject\datasets\bottles_occluded\image_27.jpg,1455,2029,1561,2180
D:\SEM 7\CVProject\datasets\bottles_occluded\image_27.jpg,2080,3549,2154,3764
D:\SEM 7\CVProject\datasets\bottles_occluded\image_27.jpg,2961,31,3023,287
D:\SEM 7\CVProject\datasets\bottles_occluded\image_27.jpg,1313,3576,1441,3700
D:\SEM 7\CVProject\datasets\bottles_occluded\image_27.jpg,1068,3770,1222,3873
D:\SEM 7\CVProject\datasets\bottles_occluded\image_27.jpg,2719,2537,2783,2783
D:\SEM 7\CVProject\datasets\bottles_occluded\image_27.jpg,1207,11,1281,222
D:\SEM 7\CVProject\datasets\bottles_occluded\image_27.jpg,2477,1652,2571,1818
D:\SEM 7\CVProject\datasets\bottles_occluded\image_27.jpg,1195,305,1329,420
D:\SEM 7\CVProject\datasets\bottles_occluded\image_27.jpg,614,1467,705,1635
D:\SEM 7\CVProject\datasets\bottles_occluded\image_27.jpg,1995,292,2109,426
D:\SEM 7\CVProject\datasets\bottles_occluded\image_27.jpg,566,3370,688,3495
D:\SEM 7\CVProject\datasets\bottles_occluded\image_27.jpg,1419,2354,1512,2517
D:\SEM 7\CVProject\datasets\bottles_occluded\image_27.jpg,1065,821,1174,960
D:\SEM 7\CVProject\datasets\bottles_occluded\image_27.jpg,1527,2369,1619,2532
D:\SEM 7\CVProject\datasets\bottles_occluded\image_27.jpg,108,3765,234,3884
D:\SEM 7\CVProject\datasets\bottles_occluded\image_27.jpg,1687,727,1786,877
D:\SEM 7\CVProject\datasets\bottles_occluded\image_27.jpg,1830,2090,1924,2247
D:\SEM 7\CVProject\datasets\bottles_occluded\image_27.jpg,2195,2094,2304,2229
D:\SEM 7\CVProject\datasets\bottles_occluded\image_27.jpg,2300,2733,2387,2901
D:\SEM 7\CVProject\datasets\bottles_occluded\image_27.jpg,2277,2229,2369,2386
D:\SEM 7\CVProject\datasets\bottles_occluded\image_27.jpg,2900,1288,3023,1405
D:\SEM 7\CVProject\datasets\bottles_occluded\image_27.jpg,854,1383,980,1497
D:\SEM 7\CVProject\datasets\bottles_occluded\image_27.jpg,2027,1896,2130,2035
D:\SEM 7\CVProject\datasets\bottles_occluded\image_27.jpg,264,2830,358,2982
D:\SEM 7\CVProject\datasets\bottles_occluded\image_27.jpg,854,3670,985,3779
D:\SEM 7\CVProject\datasets\bottles_occluded\image_27.jpg,1755,3609,1795,3962
D:\SEM 7\CVProject\datasets\bottles_occluded\image_27.jpg,280,1036,386,1170
D:\SEM 7\CVProject\datasets\bottles_occluded\image_27.jpg,2371,1639,2459,1800
D:\SEM 7\CVProject\datasets\bottles_occluded\image_27.jpg,2150,333,2299,428
D:\SEM 7\CVProject\datasets\bottles_occluded\image_27.jpg,2147,422,2273,534
D:\SEM 7\CVProject\datasets\bottles_occluded\image_27.jpg,1330,2025,1443,2149
D:\SEM 7\CVProject\datasets\bottles_occluded\image_27.jpg,2871,1881,2984,2004
D:\SEM 7\CVProject\datasets\bottles_occluded\image_27.jpg,1212,3273,1282,3471
D:\SEM 7\CVProject\datasets\bottles_occluded\image_27.jpg,1703,594,1776,783
D:\SEM 7\CVProject\datasets\bottles_occluded\image_27.jpg,1628,1387,1735,1516
D:\SEM 7\CVProject\datasets\bottles_occluded\image_27.jpg,2890,433,2997,562
D:\SEM 7\CVProject\datasets\bottles_occluded\image_27.jpg,2728,2981,2876,3074
D:\SEM 7\CVProject\datasets\bottles_occluded\image_27.jpg,282,2106,370,2262
D:\SEM 7\CVProject\datasets\bottles_occluded\image_27.jpg,802,0,903,135
D:\SEM 7\CVProject\datasets\bottles_occluded\image_27.jpg,901,3314,1026,3423
D:\SEM 7\CVProject\datasets\bottles_occluded\image_27.jpg,2646,2661,2709,2876
D:\SEM 7\CVProject\datasets\bottles_occluded\image_27.jpg,1642,3615,1684,3935
D:\SEM 7\CVProject\datasets\bottles_occluded\image_27.jpg,1504,2250,1583,2421
D:\SEM 7\CVProject\datasets\bottles_occluded\image_27.jpg,2919,3626,3023,3756
D:\SEM 7\CVProject\datasets\bottles_occluded\image_27.jpg,786,230,926,326
D:\SEM 7\CVProject\datasets\bottles_occluded\image_27.jpg,1696,3104,1825,3208
D:\SEM 7\CVProject\datasets\bottles_occluded\image_27.jpg,2139,1911,2241,2042
D:\SEM 7\CVProject\datasets\bottles_occluded\image_27.jpg,572,782,666,924
D:\SEM 7\CVProject\datasets\bottles_occluded\image_27.jpg,1787,3570,1832,3863
D:\SEM 7\CVProject\datasets\bottles_occluded\image_27.jpg,2317,3110,2441,3216
D:\SEM 7\CVProject\datasets\bottles_occluded\image_27.jpg,1899,2746,1980,2908
D:\SEM 7\CVProject\datasets\bottles_occluded\image_27.jpg,858,551,956,685
D:\SEM 7\CVProject\datasets\bottles_occluded\image_27.jpg,1334,49,1486,135
D:\SEM 7\CVProject\datasets\bottles_occluded\image_27.jpg,1278,57,1364,209
D:\SEM 7\CVProject\datasets\bottles_occluded\image_27.jpg,2827,2218,2963,2314
D:\SEM 7\CVProject\datasets\bottles_occluded\image_27.jpg,1794,122,1898,247
D:\SEM 7\CVProject\datasets\bottles_occluded\image_27.jpg,2643,17,2702,236
D:\SEM 7\CVProject\datasets\bottles_occluded\image_27.jpg,2592,1251,2677,1403
D:\SEM 7\CVProject\datasets\bottles_occluded\image_27.jpg,490,3293,570,3454
D:\SEM 7\CVProject\datasets\bottles_occluded\image_27.jpg,2769,1284,2880,1399
D:\SEM 7\CVProject\datasets\bottles_occluded\image_27.jpg,2409,3292,2539,3390
D:\SEM 7\CVProject\datasets\bottles_occluded\image_27.jpg,1516,3597,1557,3904
D:\SEM 7\CVProject\datasets\bottles_occluded\image_27.jpg,131,2079,172,2385
D:\SEM 7\CVProject\datasets\bottles_occluded\image_27.jpg,2930,1182,3023,1318
D:\SEM 7\CVProject\datasets\bottles_occluded\image_27.jpg,932,684,1037,803
D:\SEM 7\CVProject\datasets\bottles_occluded\image_27.jpg,2316,2127,2421,2246
D:\SEM 7\CVProject\datasets\bottles_occluded\image_27.jpg,2951,3501,3023,3674
D:\SEM 7\CVProject\datasets\bottles_occluded\image_27.jpg,1860,3659,1909,3912
D:\SEM 7\CVProject\datasets\bottles_occluded\image_27.jpg,1306,914,1443,1005
D:\SEM 7\CVProject\datasets\bottles_occluded\image_27.jpg,1208,3797,1316,3912
D:\SEM 7\CVProject\datasets\bottles_occluded\image_27.jpg,2662,3602,2747,3748
D:\SEM 7\CVProject\datasets\bottles_occluded\image_27.jpg,671,1634,799,1731
D:\SEM 7\CVProject\datasets\bottles_occluded\image_27.jpg,2565,676,2706,764
D:\SEM 7\CVProject\datasets\bottles_occluded\image_27.jpg,556,435,633,596
D:\SEM 7\CVProject\datasets\bottles_occluded\image_27.jpg,2678,0,2729,242
D:\SEM 7\CVProject\datasets\bottles_occluded\image_27.jpg,1108,1678,1190,1829
D:\SEM 7\CVProject\datasets\bottles_occluded\image_27.jpg,844,819,949,937
D:\SEM 7\CVProject\datasets\bottles_occluded\image_27.jpg,1539,0,1673,92
D:\SEM 7\CVProject\datasets\bottles_occluded\image_27.jpg,1615,327,1729,435
D:\SEM 7\CVProject\datasets\bottles_occluded\image_27.jpg,1673,2138,1758,2282
D:\SEM 7\CVProject\datasets\bottles_occluded\image_27.jpg,1833,1339,1875,1628
D:\SEM 7\CVProject\datasets\bottles_occluded\image_27.jpg,0,335,69,512
D:\SEM 7\CVProject\datasets\bottles_occluded\image_27.jpg,1849,581,1956,695
D:\SEM 7\CVProject\datasets\bottles_occluded\image_27.jpg,995,1679,1101,1794
D:\SEM 7\CVProject\datasets\bottles_occluded\image_27.jpg,2724,3163,2817,3294
D:\SEM 7\CVProject\datasets\bottles_occluded\image_27.jpg,1805,167,1909,284
D:\SEM 7\CVProject\datasets\bottles_occluded\image_27.jpg,1743,3627,1779,3958
D:\SEM 7\CVProject\datasets\bottles_occluded\image_27.jpg,1742,345,1871,438
D:\SEM 7\CVProject\datasets\bottles_occluded\image_27.jpg,858,2757,968,2866
D:\SEM 7\CVProject\datasets\bottles_occluded\image_28.jpg,306,0,4031,2609
D:\SEM 7\CVProject\datasets\bottles_occluded\image_28.jpg,1435,0,4031,1299
D:\SEM 7\CVProject\datasets\bottles_occluded\image_28.jpg,0,1446,1601,2422
D:\SEM 7\CVProject\datasets\bottles_occluded\image_28.jpg,1565,970,2736,2050
D:\SEM 7\CVProject\datasets\bottles_occluded\image_28.jpg,0,0,1386,900
D:\SEM 7\CVProject\datasets\bottles_occluded\image_28.jpg,596,614,1737,1380
D:\SEM 7\CVProject\datasets\bottles_occluded\image_28.jpg,1747,1255,2349,1791
D:\SEM 7\CVProject\datasets\bottles_occluded\image_28.jpg,915,1007,1683,1410
D:\SEM 7\CVProject\datasets\bottles_occluded\image_28.jpg,1549,0,2208,453
D:\SEM 7\CVProject\datasets\bottles_occluded\image_28.jpg,2472,0,2924,532
D:\SEM 7\CVProject\datasets\bottles_occluded\image_28.jpg,1584,1253,1949,1810
D:\SEM 7\CVProject\datasets\bottles_occluded\image_28.jpg,2736,1460,3249,1850
D:\SEM 7\CVProject\datasets\bottles_occluded\image_28.jpg,2544,1813,3165,2111
D:\SEM 7\CVProject\datasets\bottles_occluded\image_28.jpg,3670,1258,3972,1735
D:\SEM 7\CVProject\datasets\bottles_occluded\image_28.jpg,317,2705,752,3023
D:\SEM 7\CVProject\datasets\bottles_occluded\image_28.jpg,1154,1913,1606,2203
D:\SEM 7\CVProject\datasets\bottles_occluded\image_28.jpg,2598,943,2912,1309
D:\SEM 7\CVProject\datasets\bottles_occluded\image_28.jpg,1229,1717,1605,1997
D:\SEM 7\CVProject\datasets\bottles_occluded\image_28.jpg,3791,0,4031,406
D:\SEM 7\CVProject\datasets\bottles_occluded\image_28.jpg,0,784,190,1289
D:\SEM 7\CVProject\datasets\bottles_occluded\image_28.jpg,1610,1877,2049,2085
D:\SEM 7\CVProject\datasets\bottles_occluded\image_28.jpg,191,958,617,1169
D:\SEM 7\CVProject\datasets\bottles_occluded\image_28.jpg,3325,2600,3539,2996
D:\SEM 7\CVProject\datasets\bottles_occluded\image_28.jpg,1173,1589,1511,1823
D:\SEM 7\CVProject\datasets\bottles_occluded\image_28.jpg,3680,1163,3789,1843
D:\SEM 7\CVProject\datasets\bottles_occluded\image_28.jpg,85,2791,399,3023
D:\SEM 7\CVProject\datasets\bottles_occluded\image_28.jpg,3013,1156,3269,1438
D:\SEM 7\CVProject\datasets\bottles_occluded\image_28.jpg,2301,1146,2705,1324
D:\SEM 7\CVProject\datasets\bottles_occluded\image_28.jpg,238,1190,477,1463
D:\SEM 7\CVProject\datasets\bottles_occluded\image_28.jpg,3817,2125,4031,2427
D:\SEM 7\CVProject\datasets\bottles_occluded\image_28.jpg,1142,2644,1371,2924
D:\SEM 7\CVProject\datasets\bottles_occluded\image_28.jpg,0,2352,330,2543
D:\SEM 7\CVProject\datasets\bottles_occluded\image_28.jpg,3600,1268,3751,1679
D:\SEM 7\CVProject\datasets\bottles_occluded\image_28.jpg,452,2285,621,2643
D:\SEM 7\CVProject\datasets\bottles_occluded\image_28.jpg,768,2753,1091,2936
D:\SEM 7\CVProject\datasets\bottles_occluded\image_28.jpg,3303,2052,3607,2246
D:\SEM 7\CVProject\datasets\bottles_occluded\image_28.jpg,2111,2438,2288,2769
D:\SEM 7\CVProject\datasets\bottles_occluded\image_28.jpg,1786,2362,1983,2650
D:\SEM 7\CVProject\datasets\bottles_occluded\image_28.jpg,3075,2274,3329,2496
D:\SEM 7\CVProject\datasets\bottles_occluded\image_28.jpg,3054,2685,3282,2926
D:\SEM 7\CVProject\datasets\bottles_occluded\image_28.jpg,652,2331,909,2543
D:\SEM 7\CVProject\datasets\bottles_occluded\image_28.jpg,3379,2436,3681,2615
D:\SEM 7\CVProject\datasets\bottles_occluded\image_28.jpg,460,2714,746,2900
D:\SEM 7\CVProject\datasets\bottles_occluded\image_28.jpg,1,2144,195,2417
D:\SEM 7\CVProject\datasets\bottles_occluded\image_28.jpg,3698,2739,3939,2948
D:\SEM 7\CVProject\datasets\bottles_occluded\image_28.jpg,1139,2574,1390,2773
D:\SEM 7\CVProject\datasets\bottles_occluded\image_28.jpg,2353,2338,2505,2666
D:\SEM 7\CVProject\datasets\bottles_occluded\image_28.jpg,2366,2578,2583,2805
D:\SEM 7\CVProject\datasets\bottles_occluded\image_28.jpg,856,964,1121,1148
D:\SEM 7\CVProject\datasets\bottles_occluded\image_28.jpg,3349,2243,3605,2427
D:\SEM 7\CVProject\datasets\bottles_occluded\image_28.jpg,25,2494,287,2672
D:\SEM 7\CVProject\datasets\bottles_occluded\image_28.jpg,2426,0,2526,463
D:\SEM 7\CVProject\datasets\bottles_occluded\image_28.jpg,551,2230,798,2417
D:\SEM 7\CVProject\datasets\bottles_occluded\image_28.jpg,957,2285,1166,2506
D:\SEM 7\CVProject\datasets\bottles_occluded\image_28.jpg,606,964,857,1144
D:\SEM 7\CVProject\datasets\bottles_occluded\image_28.jpg,2554,1851,2775,2051
D:\SEM 7\CVProject\datasets\bottles_occluded\image_28.jpg,202,2169,418,2372
D:\SEM 7\CVProject\datasets\bottles_occluded\image_28.jpg,970,2873,1259,3023
D:\SEM 7\CVProject\datasets\bottles_occluded\image_28.jpg,1353,2044,1595,2223
D:\SEM 7\CVProject\datasets\bottles_occluded\image_28.jpg,194,2626,460,2787
D:\SEM 7\CVProject\datasets\bottles_occluded\image_28.jpg,2325,0,2503,238
D:\SEM 7\CVProject\datasets\bottles_occluded\image_28.jpg,1740,2596,1837,3023
D:\SEM 7\CVProject\datasets\bottles_occluded\image_28.jpg,1383,2782,1644,2939
D:\SEM 7\CVProject\datasets\bottles_occluded\image_28.jpg,1529,2405,1729,2608
D:\SEM 7\CVProject\datasets\bottles_occluded\image_28.jpg,2535,2474,2759,2654
D:\SEM 7\CVProject\datasets\bottles_occluded\image_28.jpg,51,0,284,171
D:\SEM 7\CVProject\datasets\bottles_occluded\image_28.jpg,3673,2289,3831,2538
D:\SEM 7\CVProject\datasets\bottles_occluded\image_28.jpg,912,2579,1114,2773
D:\SEM 7\CVProject\datasets\bottles_occluded\image_28.jpg,2169,1451,2383,1633
D:\SEM 7\CVProject\datasets\bottles_occluded\image_28.jpg,3591,1986,3766,2201
D:\SEM 7\CVProject\datasets\bottles_occluded\image_28.jpg,1135,2083,1397,2224
D:\SEM 7\CVProject\datasets\bottles_occluded\image_28.jpg,668,2503,785,2814
D:\SEM 7\CVProject\datasets\bottles_occluded\image_28.jpg,2575,0,2665,402
D:\SEM 7\CVProject\datasets\bottles_occluded\image_28.jpg,708,1722,966,1862
D:\SEM 7\CVProject\datasets\bottles_occluded\image_28.jpg,485,1669,664,1870
D:\SEM 7\CVProject\datasets\bottles_occluded\image_28.jpg,3716,2520,3905,2704
D:\SEM 7\CVProject\datasets\bottles_occluded\image_28.jpg,3170,2630,3273,2966
D:\SEM 7\CVProject\datasets\bottles_occluded\image_28.jpg,521,40,749,191
D:\SEM 7\CVProject\datasets\bottles_occluded\image_28.jpg,895,1631,1083,1814
D:\SEM 7\CVProject\datasets\bottles_occluded\image_28.jpg,1221,2460,1461,2603
D:\SEM 7\CVProject\datasets\bottles_occluded\image_28.jpg,2193,0,2333,245
D:\SEM 7\CVProject\datasets\bottles_occluded\image_28.jpg,273,2740,398,3013
D:\SEM 7\CVProject\datasets\bottles_occluded\image_28.jpg,1770,2705,1875,3023
D:\SEM 7\CVProject\datasets\bottles_occluded\image_28.jpg,3927,2588,4031,2899
D:\SEM 7\CVProject\datasets\bottles_occluded\image_28.jpg,3182,2508,3367,2681
D:\SEM 7\CVProject\datasets\bottles_occluded\image_28.jpg,771,2328,892,2591
D:\SEM 7\CVProject\datasets\bottles_occluded\image_28.jpg,2247,2285,2345,2608
D:\SEM 7\CVProject\datasets\bottles_occluded\image_28.jpg,3456,1205,3586,1447
D:\SEM 7\CVProject\datasets\bottles_occluded\image_28.jpg,2598,2670,2801,2825
D:\SEM 7\CVProject\datasets\bottles_occluded\image_28.jpg,1853,2646,1936,3023
D:\SEM 7\CVProject\datasets\bottles_occluded\image_28.jpg,1332,2256,1507,2435
D:\SEM 7\CVProject\datasets\bottles_occluded\image_28.jpg,0,1984,128,2226
D:\SEM 7\CVProject\datasets\bottles_occluded\image_28.jpg,2114,2570,2323,2718
D:\SEM 7\CVProject\datasets\bottles_occluded\image_28.jpg,1476,2575,1618,2791
D:\SEM 7\CVProject\datasets\bottles_occluded\image_28.jpg,3471,2482,3633,2670
D:\SEM 7\CVProject\datasets\bottles_occluded\image_28.jpg,961,2504,1184,2639
D:\SEM 7\CVProject\datasets\bottles_occluded\image_28.jpg,3872,2336,4031,2523
D:\SEM 7\CVProject\datasets\bottles_occluded\image_28.jpg,3553,2618,3708,2807
D:\SEM 7\CVProject\datasets\bottles_occluded\image_28.jpg,204,2844,384,3006
D:\SEM 7\CVProject\datasets\bottles_occluded\image_28.jpg,2867,2384,2979,2644
D:\SEM 7\CVProject\datasets\bottles_occluded\image_28.jpg,329,1135,418,1461
D:\SEM 7\CVProject\datasets\bottles_occluded\image_28.jpg,93,2858,267,3023
D:\SEM 7\CVProject\datasets\bottles_occluded\image_28.jpg,2862,2665,3023,2842
D:\SEM 7\CVProject\datasets\bottles_occluded\image_28.jpg,133,2521,286,2705
D:\SEM 7\CVProject\datasets\bottles_occluded\image_28.jpg,1276,2909,1522,3023
D:\SEM 7\CVProject\datasets\bottles_occluded\image_28.jpg,414,932,576,1105
D:\SEM 7\CVProject\datasets\bottles_occluded\image_28.jpg,3834,2002,4031,2141
D:\SEM 7\CVProject\datasets\bottles_occluded\image_28.jpg,3313,2357,3478,2520
D:\SEM 7\CVProject\datasets\bottles_occluded\image_28.jpg,3001,2482,3143,2669
D:\SEM 7\CVProject\datasets\bottles_occluded\image_28.jpg,1128,1191,1308,1338
D:\SEM 7\CVProject\datasets\bottles_occluded\image_28.jpg,2004,2366,2145,2553
D:\SEM 7\CVProject\datasets\bottles_occluded\image_28.jpg,906,1957,1035,2156
D:\SEM 7\CVProject\datasets\bottles_occluded\image_28.jpg,620,1131,696,1459
D:\SEM 7\CVProject\datasets\bottles_occluded\image_28.jpg,2189,1649,2397,1769
D:\SEM 7\CVProject\datasets\bottles_occluded\image_28.jpg,920,1135,1007,1420
D:\SEM 7\CVProject\datasets\bottles_occluded\image_28.jpg,3821,325,4010,453
D:\SEM 7\CVProject\datasets\bottles_occluded\image_28.jpg,3893,2076,3968,2387
D:\SEM 7\CVProject\datasets\bottles_occluded\image_28.jpg,847,2245,992,2406
D:\SEM 7\CVProject\datasets\bottles_occluded\image_28.jpg,430,2376,534,2600
D:\SEM 7\CVProject\datasets\bottles_occluded\image_28.jpg,689,1134,752,1502
D:\SEM 7\CVProject\datasets\bottles_occluded\image_28.jpg,1935,2764,2023,3023
D:\SEM 7\CVProject\datasets\bottles_occluded\image_28.jpg,1430,2880,1640,2988
D:\SEM 7\CVProject\datasets\bottles_occluded\image_28.jpg,0,2619,81,2898
D:\SEM 7\CVProject\datasets\bottles_occluded\image_28.jpg,3701,2787,3873,2917
D:\SEM 7\CVProject\datasets\bottles_occluded\image_28.jpg,1070,2122,1217,2274
D:\SEM 7\CVProject\datasets\bottles_occluded\image_28.jpg,3145,2722,3258,2919
D:\SEM 7\CVProject\datasets\bottles_occluded\image_28.jpg,1908,1410,1996,1662
D:\SEM 7\CVProject\datasets\bottles_occluded\image_28.jpg,186,1415,292,1624
D:\SEM 7\CVProject\datasets\bottles_occluded\image_28.jpg,3440,1209,3515,1500
D:\SEM 7\CVProject\datasets\bottles_occluded\image_28.jpg,3336,1668,3473,1825
D:\SEM 7\CVProject\datasets\bottles_occluded\image_28.jpg,26,2460,142,2644
D:\SEM 7\CVProject\datasets\bottles_occluded\image_28.jpg,1162,2697,1266,2900
D:\SEM 7\CVProject\datasets\bottles_occluded\image_28.jpg,378,1639,604,1732
D:\SEM 7\CVProject\datasets\bottles_occluded\image_28.jpg,2116,1259,2266,1399
D:\SEM 7\CVProject\datasets\bottles_occluded\image_28.jpg,2695,2255,2857,2384
D:\SEM 7\CVProject\datasets\bottles_occluded\image_28.jpg,757,1882,934,2000
D:\SEM 7\CVProject\datasets\bottles_occluded\image_28.jpg,728,320,945,416
D:\SEM 7\CVProject\datasets\bottles_occluded\image_28.jpg,1027,1812,1160,1964
D:\SEM 7\CVProject\datasets\bottles_occluded\image_28.jpg,2715,2400,2849,2550
D:\SEM 7\CVProject\datasets\bottles_occluded\image_28.jpg,3751,1795,3908,1923
D:\SEM 7\CVProject\datasets\bottles_occluded\image_28.jpg,1902,1305,2039,1450
D:\SEM 7\CVProject\datasets\bottles_occluded\image_28.jpg,2498,0,2555,346
D:\SEM 7\CVProject\datasets\bottles_occluded\image_28.jpg,229,2328,403,2442
D:\SEM 7\CVProject\datasets\bottles_occluded\image_28.jpg,1946,2179,2119,2293
D:\SEM 7\CVProject\datasets\bottles_occluded\image_28.jpg,3467,2041,3585,2208
D:\SEM 7\CVProject\datasets\bottles_occluded\image_28.jpg,1927,1463,2061,1610
D:\SEM 7\CVProject\datasets\bottles_occluded\image_28.jpg,3591,2731,3682,2947
D:\SEM 7\CVProject\datasets\bottles_occluded\image_28.jpg,717,2180,857,2320
D:\SEM 7\CVProject\datasets\bottles_occluded\image_28.jpg,1392,1614,1499,1796
D:\SEM 7\CVProject\datasets\bottles_occluded\image_28.jpg,1890,2320,2098,2413
D:\SEM 7\CVProject\datasets\bottles_occluded\image_28.jpg,1,2323,129,2474
D:\SEM 7\CVProject\datasets\bottles_occluded\image_28.jpg,248,1943,387,2082
D:\SEM 7\CVProject\datasets\bottles_occluded\image_28.jpg,3143,2637,3200,2973
D:\SEM 7\CVProject\datasets\bottles_occluded\image_28.jpg,748,1905,815,2190
D:\SEM 7\CVProject\datasets\bottles_occluded\image_28.jpg,3217,322,3342,475
D:\SEM 7\CVProject\datasets\bottles_occluded\image_28.jpg,1787,2377,1862,2630
D:\SEM 7\CVProject\datasets\bottles_occluded\image_28.jpg,3392,2258,3590,2354
D:\SEM 7\CVProject\datasets\bottles_occluded\image_28.jpg,2676,2702,2801,2853
D:\SEM 7\CVProject\datasets\bottles_occluded\image_28.jpg,685,2638,776,2843
D:\SEM 7\CVProject\datasets\bottles_occluded\image_28.jpg,1980,2709,2039,3023
D:\SEM 7\CVProject\datasets\bottles_occluded\image_28.jpg,1041,1944,1136,2139
D:\SEM 7\CVProject\datasets\bottles_occluded\image_28.jpg,3729,2316,3798,2583
D:\SEM 7\CVProject\datasets\bottles_occluded\image_28.jpg,1761,2627,1820,2938
D:\SEM 7\CVProject\datasets\bottles_occluded\image_28.jpg,3258,917,3406,1041
D:\SEM 7\CVProject\datasets\bottles_occluded\image_28.jpg,891,2631,1032,2761
D:\SEM 7\CVProject\datasets\bottles_occluded\image_28.jpg,667,0,820,119
D:\SEM 7\CVProject\datasets\bottles_occluded\image_28.jpg,1983,2455,2070,2663
D:\SEM 7\CVProject\datasets\bottles_occluded\image_28.jpg,3857,806,4030,910
D:\SEM 7\CVProject\datasets\bottles_occluded\image_28.jpg,652,2306,775,2452
D:\SEM 7\CVProject\datasets\bottles_occluded\image_28.jpg,2177,2308,2244,2575
D:\SEM 7\CVProject\datasets\bottles_occluded\image_28.jpg,2867,2230,2967,2409
D:\SEM 7\CVProject\datasets\bottles_occluded\image_28.jpg,1375,1177,1505,1314
D:\SEM 7\CVProject\datasets\bottles_occluded\image_28.jpg,705,1219,795,1415
D:\SEM 7\CVProject\datasets\bottles_occluded\image_28.jpg,784,2569,858,2806
D:\SEM 7\CVProject\datasets\bottles_occluded\image_28.jpg,2371,2212,2538,2317
D:\SEM 7\CVProject\datasets\bottles_occluded\image_28.jpg,2558,2221,2672,2374
D:\SEM 7\CVProject\datasets\bottles_occluded\image_28.jpg,3498,1050,3695,1138
D:\SEM 7\CVProject\datasets\bottles_occluded\image_28.jpg,2515,2379,2667,2493
D:\SEM 7\CVProject\datasets\bottles_occluded\image_28.jpg,1887,1263,1961,1495
D:\SEM 7\CVProject\datasets\bottles_occluded\image_28.jpg,1518,2422,1615,2599
D:\SEM 7\CVProject\datasets\bottles_occluded\image_28.jpg,1500,2302,1665,2406
D:\SEM 7\CVProject\datasets\bottles_occluded\image_28.jpg,1026,2492,1199,2591
D:\SEM 7\CVProject\datasets\bottles_occluded\image_28.jpg,2678,2452,2755,2672
D:\SEM 7\CVProject\datasets\bottles_occluded\image_28.jpg,3696,364,3828,492
D:\SEM 7\CVProject\datasets\bottles_occluded\image_28.jpg,3189,1141,3295,1300
D:\SEM 7\CVProject\datasets\bottles_occluded\image_28.jpg,1007,2234,1162,2341
D:\SEM 7\CVProject\datasets\bottles_occluded\image_28.jpg,3361,2044,3429,2286
D:\SEM 7\CVProject\datasets\bottles_occluded\image_28.jpg,2935,2784,3045,2934
D:\SEM 7\CVProject\datasets\bottles_occluded\image_28.jpg,3779,2821,3937,2924
D:\SEM 7\CVProject\datasets\bottles_occluded\image_28.jpg,3508,1918,3694,2005
D:\SEM 7\CVProject\datasets\bottles_occluded\image_28.jpg,3936,1233,4020,1425
D:\SEM 7\CVProject\datasets\bottles_occluded\image_28.jpg,1815,2661,1872,2941
D:\SEM 7\CVProject\datasets\bottles_occluded\image_28.jpg,1699,2327,1862,2425
D:\SEM 7\CVProject\datasets\bottles_occluded\image_28.jpg,1044,2324,1128,2513
D:\SEM 7\CVProject\datasets\bottles_occluded\image_28.jpg,1228,2738,1325,2901
D:\SEM 7\CVProject\datasets\bottles_occluded\image_28.jpg,1786,2637,1837,2944
D:\SEM 7\CVProject\datasets\bottles_occluded\image_28.jpg,2851,1461,2989,1573
D:\SEM 7\CVProject\datasets\bottles_occluded\image_28.jpg,2651,2469,2722,2685
D:\SEM 7\CVProject\datasets\bottles_occluded\image_28.jpg,2788,1999,2902,2133
D:\SEM 7\CVProject\datasets\bottles_occluded\image_28.jpg,2762,1101,2831,1320
D:\SEM 7\CVProject\datasets\bottles_occluded\image_28.jpg,1423,1908,1571,2010
D:\SEM 7\CVProject\datasets\bottles_occluded\image_28.jpg,3502,1323,3583,1508
D:\SEM 7\CVProject\datasets\bottles_occluded\image_28.jpg,1026,2124,1126,2274
D:\SEM 7\CVProject\datasets\bottles_occluded\image_28.jpg,3055,1691,3182,1809
D:\SEM 7\CVProject\datasets\bottles_occluded\image_28.jpg,3668,243,3798,358
D:\SEM 7\CVProject\datasets\bottles_occluded\image_28.jpg,774,2074,922,2174
D:\SEM 7\CVProject\datasets\bottles_occluded\image_28.jpg,3766,2646,3881,2774
D:\SEM 7\CVProject\datasets\bottles_occluded\image_28.jpg,2594,2666,2709,2794
D:\SEM 7\CVProject\datasets\bottles_occluded\image_28.jpg,2353,2654,2461,2790
D:\SEM 7\CVProject\datasets\bottles_occluded\image_28.jpg,2167,2548,2299,2659
D:\SEM 7\CVProject\datasets\bottles_occluded\image_28.jpg,2466,2641,2586,2763
D:\SEM 7\CVProject\datasets\bottles_occluded\image_28.jpg,478,976,588,1108
D:\SEM 7\CVProject\datasets\bottles_occluded\image_28.jpg,3416,2015,3469,2287
D:\SEM 7\CVProject\datasets\bottles_occluded\image_28.jpg,3578,605,3716,710
D:\SEM 7\CVProject\datasets\bottles_occluded\image_28.jpg,2936,2688,3033,2837
D:\SEM 7\CVProject\datasets\bottles_occluded\image_28.jpg,1013,1155,1061,1454
D:\SEM 7\CVProject\datasets\bottles_occluded\image_28.jpg,3311,1786,3424,1913
D:\SEM 7\CVProject\datasets\bottles_occluded\image_28.jpg,3142,2032,3331,2107
D:\SEM 7\CVProject\datasets\bottles_occluded\image_28.jpg,3940,2177,4013,2371
D:\SEM 7\CVProject\datasets\bottles_occluded\image_28.jpg,58,1676,141,1846
D:\SEM 7\CVProject\datasets\bottles_occluded\image_28.jpg,3055,2677,3113,2918
D:\SEM 7\CVProject\datasets\bottles_occluded\image_28.jpg,2790,554,2915,666
D:\SEM 7\CVProject\datasets\bottles_occluded\image_28.jpg,554,2791,661,2921
D:\SEM 7\CVProject\datasets\bottles_occluded\image_28.jpg,3931,1593,4031,1732
D:\SEM 7\CVProject\datasets\bottles_occluded\image_28.jpg,2082,2678,2199,2796
D:\SEM 7\CVProject\datasets\bottles_occluded\image_28.jpg,643,1017,746,1151
D:\SEM 7\CVProject\datasets\bottles_occluded\image_28.jpg,2061,2744,2110,3023
D:\SEM 7\CVProject\datasets\bottles_occluded\image_28.jpg,1583,2412,1658,2595
D:\SEM 7\CVProject\datasets\bottles_occluded\image_28.jpg,1333,1888,1397,2102
D:\SEM 7\CVProject\datasets\bottles_occluded\image_28.jpg,2209,1514,2308,1652
D:\SEM 7\CVProject\datasets\bottles_occluded\image_28.jpg,347,2479,434,2635
D:\SEM 7\CVProject\datasets\bottles_occluded\image_28.jpg,3912,1167,4031,1280
D:\SEM 7\CVProject\datasets\bottles_occluded\image_28.jpg,1624,2417,1699,2595
D:\SEM 7\CVProject\datasets\bottles_occluded\image_28.jpg,1204,2270,1331,2375
D:\SEM 7\CVProject\datasets\bottles_occluded\image_28.jpg,2761,2529,2863,2659
D:\SEM 7\CVProject\datasets\bottles_occluded\image_28.jpg,2700,2242,2768,2435
D:\SEM 7\CVProject\datasets\bottles_occluded\image_28.jpg,3238,1811,3367,1912
D:\SEM 7\CVProject\datasets\bottles_occluded\image_28.jpg,3654,1734,3780,1837
D:\SEM 7\CVProject\datasets\bottles_occluded\image_28.jpg,2768,2166,2912,2256
D:\SEM 7\CVProject\datasets\bottles_occluded\image_28.jpg,3555,2680,3695,2772
D:\SEM 7\CVProject\datasets\bottles_occluded\image_28.jpg,457,1887,628,1962
D:\SEM 7\CVProject\datasets\bottles_occluded\image_28.jpg,2852,2765,2945,2903
D:\SEM 7\CVProject\datasets\bottles_occluded\image_28.jpg,3990,2588,4031,2898
D:\SEM 7\CVProject\datasets\bottles_occluded\image_28.jpg,684,2941,840,3023
D:\SEM 7\CVProject\datasets\bottles_occluded\image_28.jpg,919,1801,1006,1947
D:\SEM 7\CVProject\datasets\bottles_occluded\image_28.jpg,1346,1050,1522,1122
D:\SEM 7\CVProject\datasets\bottles_occluded\image_28.jpg,3375,1901,3473,2030
D:\SEM 7\CVProject\datasets\bottles_occluded\image_28.jpg,3442,71,3592,155
D:\SEM 7\CVProject\datasets\bottles_occluded\image_28.jpg,2951,1112,3042,1250
D:\SEM 7\CVProject\datasets\bottles_occluded\image_28.jpg,2082,1027,2210,1125
D:\SEM 7\CVProject\datasets\bottles_occluded\image_28.jpg,3365,396,3525,474
D:\SEM 7\CVProject\datasets\bottles_occluded\image_28.jpg,2096,2757,2142,3023
D:\SEM 7\CVProject\datasets\bottles_occluded\image_28.jpg,331,1153,373,1443
D:\SEM 7\CVProject\datasets\bottles_occluded\image_28.jpg,1849,2243,1995,2327
D:\SEM 7\CVProject\datasets\bottles_occluded\image_28.jpg,305,2209,412,2323
D:\SEM 7\CVProject\datasets\bottles_occluded\image_28.jpg,1383,948,1500,1052
D:\SEM 7\CVProject\datasets\bottles_occluded\image_28.jpg,1144,2815,1292,2896
D:\SEM 7\CVProject\datasets\bottles_occluded\image_29.jpg,297,0,2989,2150
D:\SEM 7\CVProject\datasets\bottles_occluded\image_29.jpg,873,1357,3023,3782
D:\SEM 7\CVProject\datasets\bottles_occluded\image_29.jpg,0,927,2283,2793
D:\SEM 7\CVProject\datasets\bottles_occluded\image_29.jpg,0,1966,2600,3581
D:\SEM 7\CVProject\datasets\bottles_occluded\image_29.jpg,622,2833,2565,4031
D:\SEM 7\CVProject\datasets\bottles_occluded\image_29.jpg,182,146,1408,1251
D:\SEM 7\CVProject\datasets\bottles_occluded\image_29.jpg,2193,0,3023,1622
D:\SEM 7\CVProject\datasets\bottles_occluded\image_29.jpg,862,1631,2556,2333
D:\SEM 7\CVProject\datasets\bottles_occluded\image_29.jpg,1061,649,1871,1654
D:\SEM 7\CVProject\datasets\bottles_occluded\image_29.jpg,0,3073,842,4031
D:\SEM 7\CVProject\datasets\bottles_occluded\image_29.jpg,92,2669,1126,3406
D:\SEM 7\CVProject\datasets\bottles_occluded\image_29.jpg,1086,2361,1890,3283
D:\SEM 7\CVProject\datasets\bottles_occluded\image_29.jpg,1877,3173,2581,4031
D:\SEM 7\CVProject\datasets\bottles_occluded\image_29.jpg,2769,218,3023,2457
D:\SEM 7\CVProject\datasets\bottles_occluded\image_29.jpg,525,3409,1418,4031
D:\SEM 7\CVProject\datasets\bottles_occluded\image_29.jpg,2031,0,2944,599
D:\SEM 7\CVProject\datasets\bottles_occluded\image_29.jpg,800,577,1420,1451
D:\SEM 7\CVProject\datasets\bottles_occluded\image_29.jpg,0,1400,726,2069
D:\SEM 7\CVProject\datasets\bottles_occluded\image_29.jpg,0,0,385,1209
D:\SEM 7\CVProject\datasets\bottles_occluded\image_29.jpg,1373,3291,1924,4031
D:\SEM 7\CVProject\datasets\bottles_occluded\image_29.jpg,776,2048,1702,2437
D:\SEM 7\CVProject\datasets\bottles_occluded\image_29.jpg,2261,2774,2770,3477
D:\SEM 7\CVProject\datasets\bottles_occluded\image_29.jpg,0,1119,810,1523
D:\SEM 7\CVProject\datasets\bottles_occluded\image_29.jpg,970,176,1682,555
D:\SEM 7\CVProject\datasets\bottles_occluded\image_29.jpg,2189,0,2953,309
D:\SEM 7\CVProject\datasets\bottles_occluded\image_29.jpg,681,3659,1294,4031
D:\SEM 7\CVProject\datasets\bottles_occluded\image_29.jpg,2564,3563,3023,4031
D:\SEM 7\CVProject\datasets\bottles_occluded\image_29.jpg,1845,2515,2288,2925
D:\SEM 7\CVProject\datasets\bottles_occluded\image_29.jpg,1309,772,1878,1064
D:\SEM 7\CVProject\datasets\bottles_occluded\image_29.jpg,1842,2728,2248,3128
D:\SEM 7\CVProject\datasets\bottles_occluded\image_29.jpg,1718,3411,1995,3968
D:\SEM 7\CVProject\datasets\bottles_occluded\image_29.jpg,2226,3732,2714,4031
D:\SEM 7\CVProject\datasets\bottles_occluded\image_29.jpg,942,2062,1413,2361
D:\SEM 7\CVProject\datasets\bottles_occluded\image_29.jpg,236,3511,544,3919
D:\SEM 7\CVProject\datasets\bottles_occluded\image_29.jpg,2640,591,2877,1083
D:\SEM 7\CVProject\datasets\bottles_occluded\image_29.jpg,433,989,817,1286
D:\SEM 7\CVProject\datasets\bottles_occluded\image_29.jpg,2036,2212,2409,2452
D:\SEM 7\CVProject\datasets\bottles_occluded\image_29.jpg,0,1615,283,1922
D:\SEM 7\CVProject\datasets\bottles_occluded\image_29.jpg,1646,166,1914,476
D:\SEM 7\CVProject\datasets\bottles_occluded\image_29.jpg,15,290,319,559
D:\SEM 7\CVProject\datasets\bottles_occluded\image_29.jpg,381,1390,547,1877
D:\SEM 7\CVProject\datasets\bottles_occluded\image_29.jpg,2472,2467,2681,2802
D:\SEM 7\CVProject\datasets\bottles_occluded\image_29.jpg,2757,1077,2908,1525
D:\SEM 7\CVProject\datasets\bottles_occluded\image_29.jpg,1857,105,2132,343
D:\SEM 7\CVProject\datasets\bottles_occluded\image_29.jpg,143,1697,420,1930
D:\SEM 7\CVProject\datasets\bottles_occluded\image_29.jpg,2554,2319,2767,2621
D:\SEM 7\CVProject\datasets\bottles_occluded\image_29.jpg,0,3424,188,3766
D:\SEM 7\CVProject\datasets\bottles_occluded\image_29.jpg,224,1479,429,1790
D:\SEM 7\CVProject\datasets\bottles_occluded\image_29.jpg,2395,2467,2545,2882
D:\SEM 7\CVProject\datasets\bottles_occluded\image_29.jpg,316,1389,530,1669
D:\SEM 7\CVProject\datasets\bottles_occluded\image_29.jpg,2756,1518,2970,1797
D:\SEM 7\CVProject\datasets\bottles_occluded\image_29.jpg,1328,3162,1701,3316
D:\SEM 7\CVProject\datasets\bottles_occluded\image_29.jpg,643,3695,838,3986
D:\SEM 7\CVProject\datasets\bottles_occluded\image_29.jpg,1436,2516,1667,2757
D:\SEM 7\CVProject\datasets\bottles_occluded\image_29.jpg,2532,3354,2661,3761
D:\SEM 7\CVProject\datasets\bottles_occluded\image_29.jpg,1515,2135,1824,2304
D:\SEM 7\CVProject\datasets\bottles_occluded\image_29.jpg,0,1438,261,1628
D:\SEM 7\CVProject\datasets\bottles_occluded\image_29.jpg,1,1571,232,1775
D:\SEM 7\CVProject\datasets\bottles_occluded\image_29.jpg,0,3828,232,4031
D:\SEM 7\CVProject\datasets\bottles_occluded\image_29.jpg,1025,76,1263,272
D:\SEM 7\CVProject\datasets\bottles_occluded\image_29.jpg,1679,497,1855,757
D:\SEM 7\CVProject\datasets\bottles_occluded\image_29.jpg,2488,3628,2630,3928
D:\SEM 7\CVProject\datasets\bottles_occluded\image_29.jpg,1221,3540,1307,4031
D:\SEM 7\CVProject\datasets\bottles_occluded\image_29.jpg,2120,3643,2272,3910
D:\SEM 7\CVProject\datasets\bottles_occluded\image_29.jpg,1625,2595,1898,2743
D:\SEM 7\CVProject\datasets\bottles_occluded\image_29.jpg,1193,2163,1342,2430
D:\SEM 7\CVProject\datasets\bottles_occluded\image_29.jpg,1801,823,2022,1001
D:\SEM 7\CVProject\datasets\bottles_occluded\image_29.jpg,2501,962,2704,1155
D:\SEM 7\CVProject\datasets\bottles_occluded\image_29.jpg,1276,3545,1356,4031
D:\SEM 7\CVProject\datasets\bottles_occluded\image_29.jpg,1525,1251,1611,1700
D:\SEM 7\CVProject\datasets\bottles_occluded\image_29.jpg,535,3515,637,3886
D:\SEM 7\CVProject\datasets\bottles_occluded\image_29.jpg,2212,3302,2394,3506
D:\SEM 7\CVProject\datasets\bottles_occluded\image_29.jpg,483,479,616,757
D:\SEM 7\CVProject\datasets\bottles_occluded\image_29.jpg,2657,2842,2803,3095
D:\SEM 7\CVProject\datasets\bottles_occluded\image_29.jpg,1911,2713,2034,3012
D:\SEM 7\CVProject\datasets\bottles_occluded\image_29.jpg,2799,3154,2992,3340
D:\SEM 7\CVProject\datasets\bottles_occluded\image_29.jpg,2167,3429,2294,3709
D:\SEM 7\CVProject\datasets\bottles_occluded\image_29.jpg,1956,2198,2210,2338
D:\SEM 7\CVProject\datasets\bottles_occluded\image_29.jpg,872,3649,1014,3897
D:\SEM 7\CVProject\datasets\bottles_occluded\image_29.jpg,1484,2628,1659,2828
D:\SEM 7\CVProject\datasets\bottles_occluded\image_29.jpg,2271,3714,2380,4031
D:\SEM 7\CVProject\datasets\bottles_occluded\image_29.jpg,1228,3353,1359,3617
D:\SEM 7\CVProject\datasets\bottles_occluded\image_29.jpg,1049,3377,1196,3612
D:\SEM 7\CVProject\datasets\bottles_occluded\image_29.jpg,664,3291,806,3532
D:\SEM 7\CVProject\datasets\bottles_occluded\image_29.jpg,665,3577,836,3777
D:\SEM 7\CVProject\datasets\bottles_occluded\image_29.jpg,486,3410,648,3621
D:\SEM 7\CVProject\datasets\bottles_occluded\image_29.jpg,2660,3782,2800,4025
D:\SEM 7\CVProject\datasets\bottles_occluded\image_29.jpg,2276,3352,2432,3570
D:\SEM 7\CVProject\datasets\bottles_occluded\image_29.jpg,165,3615,321,3825
D:\SEM 7\CVProject\datasets\bottles_occluded\image_29.jpg,1698,3315,1835,3552
D:\SEM 7\CVProject\datasets\bottles_occluded\image_29.jpg,840,3570,1003,3769
D:\SEM 7\CVProject\datasets\bottles_occluded\image_29.jpg,2404,1527,2503,1853
D:\SEM 7\CVProject\datasets\bottles_occluded\image_29.jpg,687,3466,858,3655
D:\SEM 7\CVProject\datasets\bottles_occluded\image_29.jpg,1370,2052,1510,2282
D:\SEM 7\CVProject\datasets\bottles_occluded\image_29.jpg,1072,370,1207,607
D:\SEM 7\CVProject\datasets\bottles_occluded\image_29.jpg,2433,1574,2622,1743
D:\SEM 7\CVProject\datasets\bottles_occluded\image_29.jpg,1932,2834,2068,3066
D:\SEM 7\CVProject\datasets\bottles_occluded\image_29.jpg,1519,470,1696,647
D:\SEM 7\CVProject\datasets\bottles_occluded\image_29.jpg,1413,0,1687,114
D:\SEM 7\CVProject\datasets\bottles_occluded\image_29.jpg,2747,3079,2909,3268
D:\SEM 7\CVProject\datasets\bottles_occluded\image_29.jpg,2835,3739,2956,3990
D:\SEM 7\CVProject\datasets\bottles_occluded\image_29.jpg,54,3485,224,3663
D:\SEM 7\CVProject\datasets\bottles_occluded\image_29.jpg,962,223,1074,491
D:\SEM 7\CVProject\datasets\bottles_occluded\image_29.jpg,2079,3131,2200,3379
D:\SEM 7\CVProject\datasets\bottles_occluded\image_29.jpg,260,733,388,964
D:\SEM 7\CVProject\datasets\bottles_occluded\image_29.jpg,1740,2321,1976,2446
D:\SEM 7\CVProject\datasets\bottles_occluded\image_29.jpg,1584,3279,1706,3520
D:\SEM 7\CVProject\datasets\bottles_occluded\image_29.jpg,1884,3440,1995,3704
D:\SEM 7\CVProject\datasets\bottles_occluded\image_29.jpg,812,3831,968,4019
D:\SEM 7\CVProject\datasets\bottles_occluded\image_29.jpg,622,703,788,879
D:\SEM 7\CVProject\datasets\bottles_occluded\image_29.jpg,1736,3480,1868,3701
D:\SEM 7\CVProject\datasets\bottles_occluded\image_29.jpg,439,1194,672,1319
D:\SEM 7\CVProject\datasets\bottles_occluded\image_29.jpg,2517,3050,2632,3301
D:\SEM 7\CVProject\datasets\bottles_occluded\image_29.jpg,1050,991,1217,1164
D:\SEM 7\CVProject\datasets\bottles_occluded\image_29.jpg,407,754,535,979
D:\SEM 7\CVProject\datasets\bottles_occluded\image_29.jpg,348,3525,485,3734
D:\SEM 7\CVProject\datasets\bottles_occluded\image_29.jpg,2207,3142,2362,3326
D:\SEM 7\CVProject\datasets\bottles_occluded\image_29.jpg,1330,3571,1391,4031
D:\SEM 7\CVProject\datasets\bottles_occluded\image_29.jpg,644,548,782,751
D:\SEM 7\CVProject\datasets\bottles_occluded\image_29.jpg,605,142,734,358
D:\SEM 7\CVProject\datasets\bottles_occluded\image_29.jpg,2644,3020,2754,3273
D:\SEM 7\CVProject\datasets\bottles_occluded\image_29.jpg,2448,1934,2685,2051
D:\SEM 7\CVProject\datasets\bottles_occluded\image_29.jpg,789,2719,931,2914
D:\SEM 7\CVProject\datasets\bottles_occluded\image_29.jpg,2384,1333,2527,1526
D:\SEM 7\CVProject\datasets\bottles_occluded\image_29.jpg,2574,2080,2716,2274
D:\SEM 7\CVProject\datasets\bottles_occluded\image_29.jpg,2036,1562,2163,1778
D:\SEM 7\CVProject\datasets\bottles_occluded\image_29.jpg,1514,2855,1732,2979
D:\SEM 7\CVProject\datasets\bottles_occluded\image_29.jpg,664,2928,749,3243
D:\SEM 7\CVProject\datasets\bottles_occluded\image_29.jpg,2018,1822,2247,1939
D:\SEM 7\CVProject\datasets\bottles_occluded\image_29.jpg,1593,3453,1731,3647
D:\SEM 7\CVProject\datasets\bottles_occluded\image_29.jpg,836,188,944,435
D:\SEM 7\CVProject\datasets\bottles_occluded\image_29.jpg,18,354,202,499
D:\SEM 7\CVProject\datasets\bottles_occluded\image_29.jpg,2381,3493,2515,3692
D:\SEM 7\CVProject\datasets\bottles_occluded\image_29.jpg,2808,3516,2926,3741
D:\SEM 7\CVProject\datasets\bottles_occluded\image_29.jpg,1052,1105,1295,1214
D:\SEM 7\CVProject\datasets\bottles_occluded\image_29.jpg,1720,457,1839,678
D:\SEM 7\CVProject\datasets\bottles_occluded\image_29.jpg,809,1425,989,1569
D:\SEM 7\CVProject\datasets\bottles_occluded\image_29.jpg,2531,1256,2646,1481
D:\SEM 7\CVProject\datasets\bottles_occluded\image_29.jpg,2901,2611,3020,2827
D:\SEM 7\CVProject\datasets\bottles_occluded\image_29.jpg,1594,3123,1702,3360
D:\SEM 7\CVProject\datasets\bottles_occluded\image_29.jpg,716,222,815,480
D:\SEM 7\CVProject\datasets\bottles_occluded\image_29.jpg,1771,285,1914,463
D:\SEM 7\CVProject\datasets\bottles_occluded\image_29.jpg,1756,107,1875,320
D:\SEM 7\CVProject\datasets\bottles_occluded\image_29.jpg,2516,3206,2620,3449
D:\SEM 7\CVProject\datasets\bottles_occluded\image_29.jpg,2666,3557,2797,3749
D:\SEM 7\CVProject\datasets\bottles_occluded\image_29.jpg,2244,302,2405,458
D:\SEM 7\CVProject\datasets\bottles_occluded\image_29.jpg,749,2846,901,3011
D:\SEM 7\CVProject\datasets\bottles_occluded\image_29.jpg,587,1648,694,1882
D:\SEM 7\CVProject\datasets\bottles_occluded\image_29.jpg,2067,905,2184,1119
D:\SEM 7\CVProject\datasets\bottles_occluded\image_29.jpg,2020,3446,2122,3689
D:\SEM 7\CVProject\datasets\bottles_occluded\image_29.jpg,1414,21,1543,213
D:\SEM 7\CVProject\datasets\bottles_occluded\image_29.jpg,2660,3670,2791,3858
D:\SEM 7\CVProject\datasets\bottles_occluded\image_29.jpg,462,3783,639,3922
D:\SEM 7\CVProject\datasets\bottles_occluded\image_29.jpg,2792,2617,2904,2836
D:\SEM 7\CVProject\datasets\bottles_occluded\image_29.jpg,1244,186,1353,411
D:\SEM 7\CVProject\datasets\bottles_occluded\image_29.jpg,440,277,563,475
D:\SEM 7\CVProject\datasets\bottles_occluded\image_29.jpg,917,526,1027,747
D:\SEM 7\CVProject\datasets\bottles_occluded\image_29.jpg,431,3893,607,4031
D:\SEM 7\CVProject\datasets\bottles_occluded\image_29.jpg,2376,2957,2498,3156
D:\SEM 7\CVProject\datasets\bottles_occluded\image_29.jpg,853,130,1049,252
D:\SEM 7\CVProject\datasets\bottles_occluded\image_29.jpg,241,1589,376,1766
D:\SEM 7\CVProject\datasets\bottles_occluded\image_29.jpg,2188,1092,2313,1283
D:\SEM 7\CVProject\datasets\bottles_occluded\image_29.jpg,878,3475,1031,3630
D:\SEM 7\CVProject\datasets\bottles_occluded\image_29.jpg,2005,3805,2166,3952
D:\SEM 7\CVProject\datasets\bottles_occluded\image_29.jpg,2737,3183,2844,3404
D:\SEM 7\CVProject\datasets\bottles_occluded\image_29.jpg,2890,884,2998,1102
D:\SEM 7\CVProject\datasets\bottles_occluded\image_29.jpg,1438,3404,1554,3607
D:\SEM 7\CVProject\datasets\bottles_occluded\image_29.jpg,2671,2257,2821,2414
D:\SEM 7\CVProject\datasets\bottles_occluded\image_29.jpg,1748,2016,1879,2195
D:\SEM 7\CVProject\datasets\bottles_occluded\image_29.jpg,1030,3738,1184,3890
D:\SEM 7\CVProject\datasets\bottles_occluded\image_29.jpg,545,764,717,900
D:\SEM 7\CVProject\datasets\bottles_occluded\image_29.jpg,2406,3365,2520,3570
D:\SEM 7\CVProject\datasets\bottles_occluded\image_29.jpg,1852,594,1961,808
D:\SEM 7\CVProject\datasets\bottles_occluded\image_29.jpg,2425,502,2510,776
D:\SEM 7\CVProject\datasets\bottles_occluded\image_29.jpg,2230,723,2376,882
D:\SEM 7\CVProject\datasets\bottles_occluded\image_29.jpg,892,652,1003,860
D:\SEM 7\CVProject\datasets\bottles_occluded\image_29.jpg,405,3373,576,3508
D:\SEM 7\CVProject\datasets\bottles_occluded\image_29.jpg,1002,3827,1115,4031
D:\SEM 7\CVProject\datasets\bottles_occluded\image_29.jpg,2532,1406,2660,1585
D:\SEM 7\CVProject\datasets\bottles_occluded\image_29.jpg,989,2074,1123,2245
D:\SEM 7\CVProject\datasets\bottles_occluded\image_29.jpg,1616,2155,1725,2365
D:\SEM 7\CVProject\datasets\bottles_occluded\image_29.jpg,2511,3845,2643,4018
D:\SEM 7\CVProject\datasets\bottles_occluded\image_29.jpg,937,374,1069,547
D:\SEM 7\CVProject\datasets\bottles_occluded\image_29.jpg,2001,3641,2105,3860
D:\SEM 7\CVProject\datasets\bottles_occluded\image_29.jpg,918,2161,1030,2364
D:\SEM 7\CVProject\datasets\bottles_occluded\image_29.jpg,1931,176,2073,336
D:\SEM 7\CVProject\datasets\bottles_occluded\image_29.jpg,2933,3479,3023,3731
D:\SEM 7\CVProject\datasets\bottles_occluded\image_29.jpg,2120,260,2238,452
D:\SEM 7\CVProject\datasets\bottles_occluded\image_29.jpg,2685,84,2839,231
D:\SEM 7\CVProject\datasets\bottles_occluded\image_29.jpg,2835,3310,2918,3582
D:\SEM 7\CVProject\datasets\bottles_occluded\image_29.jpg,2824,2825,2927,3044
D:\SEM 7\CVProject\datasets\bottles_occluded\image_29.jpg,1401,1172,1505,1388
D:\SEM 7\CVProject\datasets\bottles_occluded\image_29.jpg,1367,207,1467,431
D:\SEM 7\CVProject\datasets\bottles_occluded\image_29.jpg,456,109,611,253
D:\SEM 7\CVProject\datasets\bottles_occluded\image_29.jpg,2788,3676,2918,3847
D:\SEM 7\CVProject\datasets\bottles_occluded\image_29.jpg,1798,3116,1904,3325
D:\SEM 7\CVProject\datasets\bottles_occluded\image_29.jpg,655,434,799,587
D:\SEM 7\CVProject\datasets\bottles_occluded\image_29.jpg,798,621,892,853
D:\SEM 7\CVProject\datasets\bottles_occluded\image_29.jpg,1545,174,1680,334
D:\SEM 7\CVProject\datasets\bottles_occluded\image_29.jpg,1451,898,1595,1048
D:\SEM 7\CVProject\datasets\bottles_occluded\image_29.jpg,2829,1631,2935,1834
D:\SEM 7\CVProject\datasets\bottles_occluded\image_29.jpg,1828,3702,1893,4031
D:\SEM 7\CVProject\datasets\bottles_occluded\image_29.jpg,2094,3311,2202,3509
D:\SEM 7\CVProject\datasets\bottles_occluded\image_29.jpg,2390,724,2499,920
D:\SEM 7\CVProject\datasets\bottles_occluded\image_29.jpg,1306,3762,1385,4031
D:\SEM 7\CVProject\datasets\bottles_occluded\image_29.jpg,1647,321,1757,513
D:\SEM 7\CVProject\datasets\bottles_occluded\image_29.jpg,2919,2968,3010,3199
D:\SEM 7\CVProject\datasets\bottles_occluded\image_29.jpg,1466,757,1589,928
D:\SEM 7\CVProject\datasets\bottles_occluded\image_29.jpg,311,559,394,811
D:\SEM 7\CVProject\datasets\bottles_occluded\image_29.jpg,1154,3262,1269,3444
D:\SEM 7\CVProject\datasets\bottles_occluded\image_29.jpg,1088,64,1199,252
D:\SEM 7\CVProject\datasets\bottles_occluded\image_29.jpg,2409,3180,2488,3442
D:\SEM 7\CVProject\datasets\bottles_occluded\image_29.jpg,2338,2515,2425,2753
D:\SEM 7\CVProject\datasets\bottles_occluded\image_29.jpg,204,2509,389,2621
D:\SEM 7\CVProject\datasets\bottles_occluded\image_29.jpg,424,1458,530,1653
D:\SEM 7\CVProject\datasets\bottles_occluded\image_29.jpg,1025,3253,1132,3446
D:\SEM 7\CVProject\datasets\bottles_occluded\image_29.jpg,1913,3696,1988,3970
D:\SEM 7\CVProject\datasets\bottles_occluded\image_29.jpg,203,1031,318,1210
D:\SEM 7\CVProject\datasets\bottles_occluded\image_29.jpg,2517,807,2627,994
D:\SEM 7\CVProject\datasets\bottles_occluded\image_29.jpg,1959,0,2080,170
D:\SEM 7\CVProject\datasets\bottles_occluded\image_29.jpg,825,434,932,626
D:\SEM 7\CVProject\datasets\bottles_occluded\image_29.jpg,2397,3617,2466,3912
D:\SEM 7\CVProject\datasets\bottles_occluded\image_29.jpg,1904,3223,1974,3513
D:\SEM 7\CVProject\datasets\bottles_occluded\image_29.jpg,1094,284,1208,462
D:\SEM 7\CVProject\datasets\bottles_occluded\image_29.jpg,2904,2350,3017,2529
D:\SEM 7\CVProject\datasets\bottles_occluded\image_29.jpg,817,2160,913,2370
D:\SEM 7\CVProject\datasets\bottles_occluded\image_29.jpg,2644,3183,2733,3409
D:\SEM 7\CVProject\datasets\bottles_occluded\image_29.jpg,522,2465,745,2555
D:\SEM 7\CVProject\datasets\bottles_occluded\image_29.jpg,56,1620,230,1735
D:\SEM 7\CVProject\datasets\bottles_occluded\image_29.jpg,262,922,358,1130
D:\SEM 7\CVProject\datasets\bottles_occluded\image_29.jpg,532,0,729,101
D:\SEM 7\CVProject\datasets\bottles_occluded\image_29.jpg,519,976,678,1101
D:\SEM 7\CVProject\datasets\bottles_occluded\image_29.jpg,1721,729,1821,927
D:\SEM 7\CVProject\datasets\bottles_occluded\image_29.jpg,680,3762,806,3919
D:\SEM 7\CVProject\datasets\bottles_occluded\image_29.jpg,1346,2217,1477,2368
D:\SEM 7\CVProject\datasets\bottles_occluded\image_29.jpg,911,3260,1008,3463
D:\SEM 7\CVProject\datasets\bottles_occluded\image_29.jpg,2572,2223,2676,2412
D:\SEM 7\CVProject\datasets\bottles_occluded\image_29.jpg,298,3372,420,3533
D:\SEM 7\CVProject\datasets\bottles_occluded\image_29.jpg,1141,736,1280,877
D:\SEM 7\CVProject\datasets\bottles_occluded\image_29.jpg,2410,1175,2527,1342
D:\SEM 7\CVProject\datasets\bottles_occluded\image_29.jpg,1490,250,1585,455
D:\SEM 7\CVProject\datasets\bottles_occluded\image_29.jpg,2707,3444,2810,3633
D:\SEM 7\CVProject\datasets\bottles_occluded\image_29.jpg,1221,0,1438,89
D:\SEM 7\CVProject\datasets\bottles_occluded\image_29.jpg,413,997,550,1136
D:\SEM 7\CVProject\datasets\bottles_occluded\image_29.jpg,2613,1574,2753,1710
D:\SEM 7\CVProject\datasets\bottles_occluded\image_29.jpg,486,229,628,363
D:\SEM 7\CVProject\datasets\bottles_occluded\image_29.jpg,2791,2973,2909,3134
D:\SEM 7\CVProject\datasets\bottles_occluded\image_29.jpg,2683,2749,2792,2922
D:\SEM 7\CVProject\datasets\bottles_occluded\image_29.jpg,681,31,788,207
D:\SEM 7\CVProject\datasets\bottles_occluded\image_29.jpg,2247,672,2376,818
D:\SEM 7\CVProject\datasets\bottles_occluded\image_29.jpg,1226,388,1318,592
D:\SEM 7\CVProject\datasets\bottles_occluded\image_29.jpg,1547,110,1748,203
D:\SEM 7\CVProject\datasets\bottles_occluded\image_29.jpg,1281,3276,1427,3404
D:\SEM 7\CVProject\datasets\bottles_occluded\image_29.jpg,2577,167,2683,343
D:\SEM 7\CVProject\datasets\bottles_occluded\image_29.jpg,396,414,502,590
D:\SEM 7\CVProject\datasets\bottles_occluded\image_29.jpg,534,0,652,158
D:\SEM 7\CVProject\datasets\bottles_occluded\image_29.jpg,385,0,518,139
D:\SEM 7\CVProject\datasets\bottles_occluded\image_29.jpg,2668,2600,2770,2781
D:\SEM 7\CVProject\datasets\bottles_occluded\image_29.jpg,1622,2016,1750,2160
D:\SEM 7\CVProject\datasets\bottles_occluded\image_29.jpg,412,1654,536,1802
D:\SEM 7\CVProject\datasets\bottles_occluded\image_29.jpg,394,630,491,819
D:\SEM 7\CVProject\datasets\bottles_occluded\image_29.jpg,1704,846,1799,1038
D:\SEM 7\CVProject\datasets\bottles_occluded\image_29.jpg,894,1936,1036,2064
D:\SEM 7\CVProject\datasets\bottles_occluded\image_29.jpg,2589,395,2698,561
D:\SEM 7\CVProject\datasets\bottles_occluded\image_29.jpg,1605,803,1687,1023
D:\SEM 7\CVProject\datasets\bottles_occluded\image_29.jpg,644,3764,752,3931
D:\SEM 7\CVProject\datasets\bottles_occluded\image_29.jpg,1709,3110,1793,3324
D:\SEM 7\CVProject\datasets\bottles_occluded\image_29.jpg,2676,2337,2771,2526
D:\SEM 7\CVProject\datasets\bottles_occluded\image_29.jpg,359,1911,482,2057
D:\SEM 7\CVProject\datasets\bottles_occluded\image_29.jpg,2138,2199,2228,2398
D:\SEM 7\CVProject\datasets\bottles_occluded\image_29.jpg,2143,620,2244,797
D:\SEM 7\CVProject\datasets\bottles_occluded\image_29.jpg,1988,434,2083,622
D:\SEM 7\CVProject\datasets\bottles_occluded\image_29.jpg,2647,1277,2759,1436
D:\SEM 7\CVProject\datasets\bottles_occluded\image_29.jpg,1406,1087,1506,1265
D:\SEM 7\CVProject\datasets\bottles_occluded\image_29.jpg,1268,47,1352,257
D:\SEM 7\CVProject\datasets\bottles_occluded\image_29.jpg,2252,3010,2378,3150
D:\SEM 7\CVProject\datasets\bottles_occluded\image_29.jpg,867,2993,977,3153
D:\SEM 7\CVProject\datasets\bottles_occluded\image_29.jpg,2525,3676,2624,3852
D:\SEM 7\CVProject\datasets\bottles_occluded\image_29.jpg,2779,2445,2853,2680
D:\SEM 7\CVProject\datasets\bottles_occluded\image_29.jpg,2732,2059,2836,2226
D:\SEM 7\CVProject\datasets\bottles_occluded\image_29.jpg,1736,600,1854,747
D:\SEM 7\CVProject\datasets\bottles_occluded\image_29.jpg,1515,3180,1649,3309
D:\SEM 7\CVProject\datasets\bottles_occluded\image_29.jpg,2758,1238,2864,1401
D:\SEM 7\CVProject\datasets\bottles_occluded\image_29.jpg,2914,2782,3011,2960
D:\SEM 7\CVProject\datasets\bottles_occluded\image_29.jpg,9,1636,119,1793
D:\SEM 7\CVProject\datasets\bottles_occluded\image_29.jpg,2323,2178,2430,2339
D:\SEM 7\CVProject\datasets\bottles_occluded\image_29.jpg,1865,444,1979,595
D:\SEM 7\CVProject\datasets\bottles_occluded\image_29.jpg,1472,624,1582,780
D:\SEM 7\CVProject\datasets\bottles_occluded\image_29.jpg,2543,2869,2639,3047
D:\SEM 7\CVProject\datasets\bottles_occluded\image_29.jpg,2397,969,2485,1163
D:\SEM 7\CVProject\datasets\bottles_occluded\image_29.jpg,1900,798,2021,939
D:\SEM 7\CVProject\datasets\bottles_occluded\image_29.jpg,1844,332,1943,504
D:\SEM 7\CVProject\datasets\bottles_occluded\image_29.jpg,2190,979,2370,1073
D:\SEM 7\CVProject\datasets\bottles_occluded\image_29.jpg,1728,2139,1808,2349
D:\SEM 7\CVProject\datasets\bottles_occluded\image_29.jpg,1178,504,1285,661
D:\SEM 7\CVProject\datasets\bottles_occluded\image_29.jpg,2239,413,2354,559
D:\SEM 7\CVProject\datasets\bottles_occluded\image_29.jpg,2526,1532,2618,1714
D:\SEM 7\CVProject\datasets\bottles_occluded\image_29.jpg,396,2397,597,2480
D:\SEM 7\CVProject\datasets\bottles_occluded\image_29.jpg,2093,447,2179,641
D:\SEM 7\CVProject\datasets\bottles_occluded\image_29.jpg,2563,2009,2696,2134
D:\SEM 7\CVProject\datasets\bottles_occluded\image_29.jpg,343,245,439,418
D:\SEM 7\CVProject\datasets\bottles_occluded\image_29.jpg,811,344,918,499
D:\SEM 7\CVProject\datasets\bottles_occluded\image_29.jpg,287,3763,439,3872
D:\SEM 7\CVProject\datasets\bottles_occluded\image_29.jpg,1478,3143,1561,3342
D:\SEM 7\CVProject\datasets\bottles_occluded\image_29.jpg,1823,728,1908,922
D:\SEM 7\CVProject\datasets\bottles_occluded\image_29.jpg,2120,3727,2245,3859
D:\SEM 7\CVProject\datasets\bottles_occluded\image_29.jpg,1209,3716,1261,4031
D:\SEM 7\CVProject\datasets\bottles_occluded\image_29.jpg,1017,1981,1131,2125
D:\SEM 7\CVProject\datasets\bottles_occluded\image_29.jpg,1516,2081,1614,2248
D:\SEM 7\CVProject\datasets\bottles_occluded\image_29.jpg,2627,333,2752,464
D:\SEM 7\CVProject\datasets\bottles_occluded\image_29.jpg,77,3793,151,4013
D:\SEM 7\CVProject\datasets\bottles_occluded\image_29.jpg,2168,1605,2281,1749
D:\SEM 7\CVProject\datasets\bottles_occluded\image_29.jpg,1063,2110,1201,2227
D:\SEM 7\CVProject\datasets\bottles_occluded\image_29.jpg,1549,84,1661,228
D:\SEM 7\CVProject\datasets\bottles_occluded\image_29.jpg,2427,357,2514,542
D:\SEM 7\CVProject\datasets\bottles_occluded\image_29.jpg,741,767,916,859
D:\SEM 7\CVProject\datasets\bottles_occluded\image_29.jpg,1874,83,1960,270
D:\SEM 7\CVProject\datasets\bottles_occluded\image_29.jpg,1755,2326,1870,2466
D:\SEM 7\CVProject\datasets\bottles_occluded\image_29.jpg,562,816,648,1003
D:\SEM 7\CVProject\datasets\bottles_occluded\image_29.jpg,2202,475,2284,670
D:\SEM 7\CVProject\datasets\bottles_occluded\image_29.jpg,1827,2228,1957,2351
D:\SEM 7\CVProject\datasets\bottles_occluded\image_29.jpg,1861,522,1960,682
D:\SEM 7\CVProject\datasets\bottles_occluded\image_29.jpg,1563,1087,1639,1295
D:\SEM 7\CVProject\datasets\bottles_occluded\image_29.jpg,2352,2799,2436,2987
D:\SEM 7\CVProject\datasets\bottles_occluded\image_29.jpg,2434,2257,2520,2440
D:\SEM 7\CVProject\datasets\bottles_occluded\image_29.jpg,95,3455,176,3649
D:\SEM 7\CVProject\datasets\bottles_occluded\image_29.jpg,2903,3127,2987,3314
D:\SEM 7\CVProject\datasets\bottles_occluded\image_29.jpg,2602,1646,2699,1808
D:\SEM 7\CVProject\datasets\bottles_occluded\image_29.jpg,1353,484,1507,586
D:\SEM 7\CVProject\datasets\bottles_occluded\image_29.jpg,502,565,596,732
D:\SEM 7\CVProject\datasets\bottles_occluded\image_29.jpg,574,3601,654,3796
D:\SEM 7\CVProject\datasets\bottles_occluded\image_29.jpg,2185,859,2312,982
D:\SEM 7\CVProject\datasets\bottles_occluded\image_29.jpg,2230,683,2302,899
D:\SEM 7\CVProject\datasets\bottles_occluded\image_29.jpg,579,2740,723,2848
D:\SEM 7\CVProject\datasets\bottles_occluded\image_29.jpg,2763,626,2851,802
D:\SEM 7\CVProject\datasets\bottles_occluded\image_29.jpg,2190,953,2295,1100
D:\SEM 7\CVProject\datasets\bottles_occluded\image_29.jpg,2272,2317,2367,2479
D:\SEM 7\CVProject\datasets\bottles_occluded\image_29.jpg,1553,0,1658,146
D:\SEM 7\CVProject\datasets\bottles_occluded\image_29.jpg,1777,166,1858,355
D:\SEM 7\CVProject\datasets\bottles_occluded\image_29.jpg,2331,554,2426,715
D:\SEM 7\CVProject\datasets\bottles_occluded\image_29.jpg,2354,398,2428,604
D:\SEM 7\CVProject\datasets\bottles_occluded\image_29.jpg,1199,2222,1278,2415
D:\SEM 7\CVProject\datasets\bottles_occluded\image_29.jpg,2164,3694,2265,3845
D:\SEM 7\CVProject\datasets\bottles_occluded\image_29.jpg,336,1504,490,1603
D:\SEM 7\CVProject\datasets\bottles_occluded\image_29.jpg,2299,1199,2411,1335
D:\SEM 7\CVProject\datasets\bottles_occluded\image_29.jpg,2924,3372,3009,3551
D:\SEM 7\CVProject\datasets\bottles_occluded\image_29.jpg,2758,1497,2853,1657
D:\SEM 7\CVProject\datasets\bottles_occluded\image_29.jpg,2304,1822,2405,1972
D:\SEM 7\CVProject\datasets\bottles_occluded\image_29.jpg,884,2029,964,2217
D:\SEM 7\CVProject\datasets\bottles_occluded\image_29.jpg,2332,3125,2470,3234
D:\SEM 7\CVProject\datasets\bottles_occluded\image_29.jpg,1975,610,2057,793
D:\SEM 7\CVProject\datasets\bottles_occluded\image_29.jpg,1,3384,72,3595
D:\SEM 7\CVProject\datasets\bottles_occluded\image_29.jpg,2789,2772,2896,2912
D:\SEM 7\CVProject\datasets\bottles_occluded\image_29.jpg,2537,3414,2614,3608
D:\SEM 7\CVProject\datasets\bottles_occluded\image_29.jpg,2808,3925,2949,4031
D:\SEM 7\CVProject\datasets\bottles_occluded\image_29.jpg,1306,3603,1352,3925
D:\SEM 7\CVProject\datasets\bottles_occluded\image_29.jpg,1028,3611,1149,3734
D:\SEM 7\CVProject\datasets\bottles_occluded\image_29.jpg,1229,3360,1288,3611
D:\SEM 7\CVProject\datasets\bottles_occluded\image_29.jpg,1362,3590,1400,3976
D:\SEM 7\CVProject\datasets\bottles_occluded\image_29.jpg,1336,2756,1472,2865
D:\SEM 7\CVProject\datasets\bottles_occluded\image_29.jpg,268,3104,398,3218
D:\SEM 7\CVProject\datasets\bottles_occluded\image_29.jpg,2271,3738,2340,3952
D:\SEM 7\CVProject\datasets\bottles_occluded\image_29.jpg,850,2055,934,2231
D:\SEM 7\CVProject\datasets\bottles_occluded\image_29.jpg,1276,3773,1333,4031
D:\SEM 7\CVProject\datasets\bottles_occluded\image_29.jpg,236,3528,385,3627
D:\SEM 7\CVProject\datasets\bottles_occluded\image_29.jpg,545,410,636,572
D:\SEM 7\CVProject\datasets\bottles_occluded\image_29.jpg,1498,2750,1578,2934
D:\SEM 7\CVProject\datasets\bottles_occluded\image_29.jpg,2648,634,2734,805
D:\SEM 7\CVProject\datasets\bottles_occluded\image_29.jpg,488,954,617,1068
D:\SEM 7\CVProject\datasets\bottles_occluded\image_29.jpg,153,44,240,212
D:\SEM 7\CVProject\datasets\bottles_occluded\image_29.jpg,1330,372,1420,534
D:\SEM 7\CVProject\datasets\bottles_occluded\image_29.jpg,732,2446,907,2529
D:\SEM 7\CVProject\datasets\bottles_occluded\image_29.jpg,1695,3653,1733,4031
D:\SEM 7\CVProject\datasets\bottles_occluded\image_29.jpg,1981,3288,2050,3498
D:\SEM 7\CVProject\datasets\bottles_occluded\image_29.jpg,2396,1430,2519,1548
D:\SEM 7\CVProject\datasets\bottles_occluded\image_29.jpg,1249,3782,1307,4031
D:\SEM 7\CVProject\datasets\bottles_occluded\image_29.jpg,244,561,289,880
D:\SEM 7\CVProject\datasets\bottles_occluded\image_29.jpg,2797,429,2876,612
D:\SEM 7\CVProject\datasets\bottles_occluded\image_29.jpg,2466,1867,2558,2024
D:\SEM 7\CVProject\datasets\bottles_occluded\image_29.jpg,2110,3936,2262,4031
D:\SEM 7\CVProject\datasets\bottles_occluded\image_29.jpg,2707,2173,2818,2303
D:\SEM 7\CVProject\datasets\bottles_occluded\image_29.jpg,2676,1392,2765,1554
D:\SEM 7\CVProject\datasets\bottles_occluded\image_29.jpg,1931,2558,2019,2721
D:\SEM 7\CVProject\datasets\bottles_occluded\image_29.jpg,686,3500,813,3613
D:\SEM 7\CVProject\datasets\bottles_occluded\image_29.jpg,1001,47,1090,208
D:\SEM 7\CVProject\datasets\bottles_occluded\image_29.jpg,2864,2498,2947,2670
D:\SEM 7\CVProject\datasets\bottles_occluded\image_29.jpg,807,3917,944,4021
D:\SEM 7\CVProject\datasets\bottles_occluded\image_29.jpg,476,1749,542,1964
D:\SEM 7\CVProject\datasets\bottles_occluded\image_29.jpg,2445,171,2556,299
D:\SEM 7\CVProject\datasets\bottles_occluded\image_29.jpg,1531,2946,1666,3051
D:\SEM 7\CVProject\datasets\bottles_occluded\image_29.jpg,1993,62,2090,208
D:\SEM 7\CVProject\datasets\bottles_occluded\image_29.jpg,2354,218,2445,373
D:\SEM 7\CVProject\datasets\bottles_occluded\image_29.jpg,2281,3340,2393,3466
D:\SEM 7\CVProject\datasets\bottles_occluded\image_29.jpg,2238,2254,2357,2372
D:\SEM 7\CVProject\datasets\bottles_occluded\image_29.jpg,2700,3890,2799,4031
D:\SEM 7\CVProject\datasets\bottles_occluded\image_29.jpg,377,193,481,327
D:\SEM 7\CVProject\datasets\bottles_occluded\image_29.jpg,2700,1734,2772,1927
D:\SEM 7\CVProject\datasets\bottles_occluded\image_29.jpg,256,1728,368,1852
D:\SEM 7\CVProject\datasets\bottles_occluded\image_29.jpg,2385,3863,2487,3999
D:\SEM 7\CVProject\datasets\bottles_occluded\image_29.jpg,880,3444,955,3628
D:\SEM 7\CVProject\datasets\bottles_occluded\image_29.jpg,2529,2997,2651,3110
D:\SEM 7\CVProject\datasets\bottles_occluded\image_29.jpg,609,1296,781,1376
D:\SEM 7\CVProject\datasets\bottles_occluded\image_29.jpg,866,303,997,408
D:\SEM 7\CVProject\datasets\bottles_occluded\image_29.jpg,220,1529,360,1627
D:\SEM 7\CVProject\datasets\bottles_occluded\image_29.jpg,2197,3042,2314,3159
D:\SEM 7\CVProject\datasets\bottles_occluded\image_29.jpg,1219,756,1337,872
D:\SEM 7\CVProject\datasets\bottles_occluded\image_29.jpg,1698,3394,1819,3507
D:\SEM 7\CVProject\datasets\bottles_occluded\image_29.jpg,372,2764,511,2862
D:\SEM 7\CVProject\datasets\bottles_occluded\image_29.jpg,1018,2297,1102,2459
D:\SEM 7\CVProject\datasets\bottles_occluded\image_29.jpg,1450,148,1537,304
D:\SEM 7\CVProject\datasets\bottles_occluded\image_29.jpg,615,2883,754,2980
D:\SEM 7\CVProject\datasets\bottles_occluded\image_29.jpg,1881,862,1961,1030
D:\SEM 7\CVProject\datasets\bottles_occluded\image_29.jpg,2667,493,2738,682
D:\SEM 7\CVProject\datasets\bottles_occluded\image_29.jpg,2590,2763,2710,2875
D:\SEM 7\CVProject\datasets\bottles_occluded\image_29.jpg,863,3778,1017,3865
D:\SEM 7\CVProject\datasets\bottles_occluded\image_29.jpg,1,2597,56,2839
D:\SEM 7\CVProject\datasets\bottles_occluded\image_29.jpg,3,2762,58,3003
D:\SEM 7\CVProject\datasets\bottles_occluded\image_29.jpg,1113,194,1201,345
D:\SEM 7\CVProject\datasets\bottles_occluded\image_29.jpg,2501,932,2581,1098
D:\SEM 7\CVProject\datasets\bottles_occluded\image_29.jpg,1583,294,1666,454
D:\SEM 7\CVProject\datasets\bottles_occluded\image_29.jpg,1353,106,1436,266
D:\SEM 7\CVProject\datasets\bottles_occluded\image_29.jpg,1687,133,1759,317
D:\SEM 7\CVProject\datasets\bottles_occluded\image_29.jpg,1801,845,1878,1017
D:\SEM 7\CVProject\datasets\bottles_occluded\image_29.jpg,2476,2249,2546,2438
D:\SEM 7\CVProject\datasets\bottles_occluded\image_29.jpg,2524,737,2622,872
D:\SEM 7\CVProject\datasets\bottles_occluded\image_29.jpg,1520,3275,1581,3491
D:\SEM 7\CVProject\datasets\bottles_occluded\image_29.jpg,129,3872,212,4031
D:\SEM 7\CVProject\datasets\bottles_occluded\image_29.jpg,1229,2214,1340,2332
D:\SEM 7\CVProject\datasets\bottles_occluded\image_29.jpg,2021,1053,2110,1200
D:\SEM 7\CVProject\datasets\bottles_occluded\image_29.jpg,2821,2299,2907,2451
D:\SEM 7\CVProject\datasets\bottles_occluded\image_29.jpg,1789,0,1909,109
D:\SEM 7\CVProject\datasets\bottles_occluded\image_29.jpg,2641,806,2721,969
D:\SEM 7\CVProject\datasets\bottles_occluded\image_29.jpg,1684,256,1767,413
D:\SEM 7\CVProject\datasets\bottles_occluded\image_29.jpg,2759,271,2835,442
D:\SEM 7\CVProject\datasets\bottles_occluded\image_29.jpg,128,1580,228,1710
D:\SEM 7\CVProject\datasets\bottles_occluded\image_29.jpg,2276,3674,2392,3786
D:\SEM 7\CVProject\datasets\bottles_occluded\image_29.jpg,626,725,786,806
D:\SEM 7\CVProject\datasets\bottles_occluded\image_29.jpg,2850,2122,2981,2221
D:\SEM 7\CVProject\datasets\bottles_occluded\image_29.jpg,355,2494,519,2573
D:\SEM 7\CVProject\datasets\bottles_occluded\image_29.jpg,752,878,860,998
D:\SEM 7\CVProject\datasets\bottles_occluded\image_29.jpg,554,3664,627,3841
D:\SEM 7\CVProject\datasets\bottles_occluded\image_29.jpg,1939,716,2031,856
D:\SEM 7\CVProject\datasets\bottles_occluded\image_29.jpg,1764,406,1863,536
D:\SEM 7\CVProject\datasets\bottles_occluded\image_29.jpg,667,3660,831,3738
D:\SEM 7\CVProject\datasets\bottles_occluded\image_29.jpg,1689,0,1781,139
D:\SEM 7\CVProject\datasets\bottles_occluded\image_29.jpg,2179,3238,2278,3367
D:\SEM 7\CVProject\datasets\bottles_occluded\image_29.jpg,761,3750,836,3920
D:\SEM 7\CVProject\datasets\bottles_occluded\image_29.jpg,1587,3327,1675,3472
D:\SEM 7\CVProject\datasets\bottles_occluded\image_29.jpg,2323,1476,2408,1626
D:\SEM 7\CVProject\datasets\bottles_occluded\image_29.jpg,2704,917,2791,1063
D:\SEM 7\CVProject\datasets\bottles_occluded\image_29.jpg,1910,3531,1994,3682
D:\SEM 7\CVProject\datasets\bottles_occluded\image_29.jpg,1,3946,150,4031
D:\SEM 7\CVProject\datasets\bottles_occluded\image_29.jpg,2770,1077,2871,1202
D:\SEM 7\CVProject\datasets\bottles_occluded\image_29.jpg,1561,1747,1636,1915
D:\SEM 7\CVProject\datasets\bottles_occluded\image_29.jpg,978,284,1063,432
D:\SEM 7\CVProject\datasets\bottles_occluded\image_29.jpg,1293,3390,1351,3606
D:\SEM 7\CVProject\datasets\bottles_occluded\image_29.jpg,2186,1494,2246,1702
D:\SEM 7\CVProject\datasets\bottles_occluded\image_29.jpg,1055,1143,1182,1241
D:\SEM 7\CVProject\datasets\bottles_occluded\image_29.jpg,1317,1020,1402,1166
D:\SEM 7\CVProject\datasets\bottles_occluded\image_29.jpg,1951,2777,2030,2934
D:\SEM 7\CVProject\datasets\bottles_occluded\image_29.jpg,390,1071,489,1196
D:\SEM 7\CVProject\datasets\bottles_occluded\image_29.jpg,1242,2096,1327,2241
D:\SEM 7\CVProject\datasets\bottles_occluded\image_29.jpg,2531,655,2640,768
D:\SEM 7\CVProject\datasets\bottles_occluded\image_29.jpg,2062,695,2166,813
D:\SEM 7\CVProject\datasets\bottles_occluded\image_29.jpg,2166,1738,2305,1826
D:\SEM 7\CVProject\datasets\bottles_occluded\image_29.jpg,295,811,386,945
D:\SEM 7\CVProject\datasets\bottles_occluded\image_29.jpg,300,1156,440,1243
D:\SEM 7\CVProject\datasets\bottles_occluded\image_29.jpg,1520,2786,1643,2885
D:\SEM 7\CVProject\datasets\bottles_occluded\image_29.jpg,2313,858,2399,999
D:\SEM 7\CVProject\datasets\bottles_occluded\image_29.jpg,2786,1774,2869,1920
D:\SEM 7\CVProject\datasets\bottles_occluded\image_29.jpg,178,235,289,344
D:\SEM 7\CVProject\datasets\bottles_occluded\image_29.jpg,1324,487,1429,602
D:\SEM 7\CVProject\datasets\bottles_occluded\image_29.jpg,1351,2104,1441,2238
D:\SEM 7\CVProject\datasets\bottles_occluded\image_29.jpg,86,1693,178,1824
D:\SEM 7\CVProject\datasets\bottles_occluded\image_29.jpg,2732,769,2815,914
D:\SEM 7\CVProject\datasets\bottles_occluded\image_29.jpg,2761,3125,2890,3218
D:\SEM 7\CVProject\datasets\bottles_occluded\image_29.jpg,2294,3793,2358,3980
D:\SEM 7\CVProject\datasets\bottles_occluded\image_29.jpg,414,114,499,255
D:\SEM 7\CVProject\datasets\bottles_occluded\image_29.jpg,2697,2016,2807,2125
D:\SEM 7\CVProject\datasets\bottles_occluded\image_29.jpg,120,1643,227,1755
D:\SEM 7\CVProject\datasets\bottles_occluded\image_29.jpg,1963,3080,2045,3226
D:\SEM 7\CVProject\datasets\bottles_occluded\image_3.jpg,0,1085,3023,3928
D:\SEM 7\CVProject\datasets\bottles_occluded\image_3.jpg,0,0,3023,2588
D:\SEM 7\CVProject\datasets\bottles_occluded\image_3.jpg,294,678,2617,2152
D:\SEM 7\CVProject\datasets\bottles_occluded\image_3.jpg,2254,2111,3023,3424
D:\SEM 7\CVProject\datasets\bottles_occluded\image_3.jpg,319,204,1266,1239
D:\SEM 7\CVProject\datasets\bottles_occluded\image_3.jpg,1951,3041,3023,3933
D:\SEM 7\CVProject\datasets\bottles_occluded\image_3.jpg,1792,2688,2492,3541
D:\SEM 7\CVProject\datasets\bottles_occluded\image_3.jpg,2292,2057,3023,2723
D:\SEM 7\CVProject\datasets\bottles_occluded\image_3.jpg,1949,0,3023,440
D:\SEM 7\CVProject\datasets\bottles_occluded\image_3.jpg,1480,2528,2323,3056
D:\SEM 7\CVProject\datasets\bottles_occluded\image_3.jpg,1363,2569,1894,3213
D:\SEM 7\CVProject\datasets\bottles_occluded\image_3.jpg,1530,744,1855,1742
D:\SEM 7\CVProject\datasets\bottles_occluded\image_3.jpg,1804,895,2134,1494
D:\SEM 7\CVProject\datasets\bottles_occluded\image_3.jpg,0,3648,389,4031
D:\SEM 7\CVProject\datasets\bottles_occluded\image_3.jpg,1604,1335,2128,1594
D:\SEM 7\CVProject\datasets\bottles_occluded\image_3.jpg,2703,0,3023,408
D:\SEM 7\CVProject\datasets\bottles_occluded\image_3.jpg,508,768,967,1023
D:\SEM 7\CVProject\datasets\bottles_occluded\image_3.jpg,1630,3195,1887,3620
D:\SEM 7\CVProject\datasets\bottles_occluded\image_3.jpg,1890,3101,2214,3434
D:\SEM 7\CVProject\datasets\bottles_occluded\image_3.jpg,1058,963,1318,1349
D:\SEM 7\CVProject\datasets\bottles_occluded\image_3.jpg,1545,834,1678,1508
D:\SEM 7\CVProject\datasets\bottles_occluded\image_3.jpg,2735,3681,3023,3989
D:\SEM 7\CVProject\datasets\bottles_occluded\image_3.jpg,1563,2687,1871,2953
D:\SEM 7\CVProject\datasets\bottles_occluded\image_3.jpg,1990,918,2133,1489
D:\SEM 7\CVProject\datasets\bottles_occluded\image_3.jpg,1673,916,1827,1414
D:\SEM 7\CVProject\datasets\bottles_occluded\image_3.jpg,1946,840,2208,1075
D:\SEM 7\CVProject\datasets\bottles_occluded\image_3.jpg,991,285,1235,536
D:\SEM 7\CVProject\datasets\bottles_occluded\image_3.jpg,2131,1130,2269,1559
D:\SEM 7\CVProject\datasets\bottles_occluded\image_3.jpg,1094,1327,1195,1905
D:\SEM 7\CVProject\datasets\bottles_occluded\image_3.jpg,524,336,859,509
D:\SEM 7\CVProject\datasets\bottles_occluded\image_3.jpg,2012,2729,2297,2926
D:\SEM 7\CVProject\datasets\bottles_occluded\image_3.jpg,2733,3481,2971,3716
D:\SEM 7\CVProject\datasets\bottles_occluded\image_3.jpg,1780,2886,2081,3069
D:\SEM 7\CVProject\datasets\bottles_occluded\image_3.jpg,2718,1636,2978,1845
D:\SEM 7\CVProject\datasets\bottles_occluded\image_3.jpg,2331,1840,2631,2017
D:\SEM 7\CVProject\datasets\bottles_occluded\image_3.jpg,122,198,354,425
D:\SEM 7\CVProject\datasets\bottles_occluded\image_3.jpg,2278,3338,2460,3622
D:\SEM 7\CVProject\datasets\bottles_occluded\image_3.jpg,2378,3185,2589,3427
D:\SEM 7\CVProject\datasets\bottles_occluded\image_3.jpg,1103,0,1289,245
D:\SEM 7\CVProject\datasets\bottles_occluded\image_3.jpg,44,908,250,1124
D:\SEM 7\CVProject\datasets\bottles_occluded\image_3.jpg,1454,3139,1644,3373
D:\SEM 7\CVProject\datasets\bottles_occluded\image_3.jpg,509,3255,733,3446
D:\SEM 7\CVProject\datasets\bottles_occluded\image_3.jpg,1,1659,137,1969
D:\SEM 7\CVProject\datasets\bottles_occluded\image_3.jpg,2596,3183,2769,3425
D:\SEM 7\CVProject\datasets\bottles_occluded\image_3.jpg,911,3160,1103,3374
D:\SEM 7\CVProject\datasets\bottles_occluded\image_3.jpg,841,3572,1049,3766
D:\SEM 7\CVProject\datasets\bottles_occluded\image_3.jpg,2487,1650,2658,1880
D:\SEM 7\CVProject\datasets\bottles_occluded\image_3.jpg,2783,3201,2911,3507
D:\SEM 7\CVProject\datasets\bottles_occluded\image_3.jpg,2074,3694,2258,3905
D:\SEM 7\CVProject\datasets\bottles_occluded\image_3.jpg,1476,3668,1634,3910
D:\SEM 7\CVProject\datasets\bottles_occluded\image_3.jpg,2035,3539,2228,3737
D:\SEM 7\CVProject\datasets\bottles_occluded\image_3.jpg,1954,350,2082,646
D:\SEM 7\CVProject\datasets\bottles_occluded\image_3.jpg,2031,1052,2142,1392
D:\SEM 7\CVProject\datasets\bottles_occluded\image_3.jpg,2855,1354,3023,1578
D:\SEM 7\CVProject\datasets\bottles_occluded\image_3.jpg,2508,863,2701,1058
D:\SEM 7\CVProject\datasets\bottles_occluded\image_3.jpg,2728,1180,2919,1376
D:\SEM 7\CVProject\datasets\bottles_occluded\image_3.jpg,1458,2931,1610,3171
D:\SEM 7\CVProject\datasets\bottles_occluded\image_3.jpg,2575,2985,2726,3225
D:\SEM 7\CVProject\datasets\bottles_occluded\image_3.jpg,1291,692,1535,837
D:\SEM 7\CVProject\datasets\bottles_occluded\image_3.jpg,93,539,362,670
D:\SEM 7\CVProject\datasets\bottles_occluded\image_3.jpg,2106,1333,2243,1585
D:\SEM 7\CVProject\datasets\bottles_occluded\image_3.jpg,0,2574,118,2864
D:\SEM 7\CVProject\datasets\bottles_occluded\image_3.jpg,2670,2671,2805,2919
D:\SEM 7\CVProject\datasets\bottles_occluded\image_3.jpg,675,0,957,118
D:\SEM 7\CVProject\datasets\bottles_occluded\image_3.jpg,326,3482,456,3738
D:\SEM 7\CVProject\datasets\bottles_occluded\image_3.jpg,1663,3176,1795,3428
D:\SEM 7\CVProject\datasets\bottles_occluded\image_3.jpg,1356,3511,1545,3687
D:\SEM 7\CVProject\datasets\bottles_occluded\image_3.jpg,874,3375,1067,3547
D:\SEM 7\CVProject\datasets\bottles_occluded\image_3.jpg,9,3095,191,3277
D:\SEM 7\CVProject\datasets\bottles_occluded\image_3.jpg,2292,2913,2445,3129
D:\SEM 7\CVProject\datasets\bottles_occluded\image_3.jpg,1461,445,1586,708
D:\SEM 7\CVProject\datasets\bottles_occluded\image_3.jpg,1140,3254,1313,3443
D:\SEM 7\CVProject\datasets\bottles_occluded\image_3.jpg,374,1421,498,1683
D:\SEM 7\CVProject\datasets\bottles_occluded\image_3.jpg,218,3335,411,3503
D:\SEM 7\CVProject\datasets\bottles_occluded\image_3.jpg,1326,3652,1466,3882
D:\SEM 7\CVProject\datasets\bottles_occluded\image_3.jpg,46,2211,244,2372
D:\SEM 7\CVProject\datasets\bottles_occluded\image_3.jpg,2574,582,2702,830
D:\SEM 7\CVProject\datasets\bottles_occluded\image_3.jpg,1806,3744,2032,3883
D:\SEM 7\CVProject\datasets\bottles_occluded\image_3.jpg,12,3458,203,3622
D:\SEM 7\CVProject\datasets\bottles_occluded\image_3.jpg,1701,508,1869,693
D:\SEM 7\CVProject\datasets\bottles_occluded\image_3.jpg,2428,266,2580,470
D:\SEM 7\CVProject\datasets\bottles_occluded\image_3.jpg,1817,2236,1961,2451
D:\SEM 7\CVProject\datasets\bottles_occluded\image_3.jpg,2858,3059,3023,3243
D:\SEM 7\CVProject\datasets\bottles_occluded\image_3.jpg,2699,633,2876,804
D:\SEM 7\CVProject\datasets\bottles_occluded\image_3.jpg,607,3573,820,3715
D:\SEM 7\CVProject\datasets\bottles_occluded\image_3.jpg,2336,3689,2475,3904
D:\SEM 7\CVProject\datasets\bottles_occluded\image_3.jpg,120,2604,303,2765
D:\SEM 7\CVProject\datasets\bottles_occluded\image_3.jpg,75,343,226,538
D:\SEM 7\CVProject\datasets\bottles_occluded\image_3.jpg,2100,149,2233,369
D:\SEM 7\CVProject\datasets\bottles_occluded\image_3.jpg,2687,1748,2851,1926
D:\SEM 7\CVProject\datasets\bottles_occluded\image_3.jpg,526,718,760,842
D:\SEM 7\CVProject\datasets\bottles_occluded\image_3.jpg,1149,3633,1336,3787
D:\SEM 7\CVProject\datasets\bottles_occluded\image_3.jpg,2444,3462,2533,3783
D:\SEM 7\CVProject\datasets\bottles_occluded\image_3.jpg,1674,2692,1835,2869
D:\SEM 7\CVProject\datasets\bottles_occluded\image_3.jpg,2071,3792,2246,3954
D:\SEM 7\CVProject\datasets\bottles_occluded\image_3.jpg,2432,3692,2561,3911
D:\SEM 7\CVProject\datasets\bottles_occluded\image_3.jpg,46,2389,213,2558
D:\SEM 7\CVProject\datasets\bottles_occluded\image_3.jpg,2735,3418,2889,3601
D:\SEM 7\CVProject\datasets\bottles_occluded\image_3.jpg,2616,3698,2721,3965
D:\SEM 7\CVProject\datasets\bottles_occluded\image_3.jpg,1876,3501,2045,3665
D:\SEM 7\CVProject\datasets\bottles_occluded\image_3.jpg,2677,458,2831,637
D:\SEM 7\CVProject\datasets\bottles_occluded\image_3.jpg,218,0,396,154
D:\SEM 7\CVProject\datasets\bottles_occluded\image_3.jpg,1245,3139,1442,3277
D:\SEM 7\CVProject\datasets\bottles_occluded\image_3.jpg,1530,965,1583,1472
D:\SEM 7\CVProject\datasets\bottles_occluded\image_3.jpg,2175,1955,2300,2171
D:\SEM 7\CVProject\datasets\bottles_occluded\image_3.jpg,2270,3585,2435,3747
D:\SEM 7\CVProject\datasets\bottles_occluded\image_3.jpg,2921,1181,3023,1439
D:\SEM 7\CVProject\datasets\bottles_occluded\image_3.jpg,1825,0,2026,131
D:\SEM 7\CVProject\datasets\bottles_occluded\image_3.jpg,2333,543,2464,742
D:\SEM 7\CVProject\datasets\bottles_occluded\image_3.jpg,187,2386,295,2626
D:\SEM 7\CVProject\datasets\bottles_occluded\image_3.jpg,536,167,663,371
D:\SEM 7\CVProject\datasets\bottles_occluded\image_3.jpg,2525,2602,2646,2816
D:\SEM 7\CVProject\datasets\bottles_occluded\image_3.jpg,1620,2068,1796,2215
D:\SEM 7\CVProject\datasets\bottles_occluded\image_3.jpg,2899,685,3023,890
D:\SEM 7\CVProject\datasets\bottles_occluded\image_3.jpg,1500,2420,1604,2663
D:\SEM 7\CVProject\datasets\bottles_occluded\image_3.jpg,1000,2099,1156,2260
D:\SEM 7\CVProject\datasets\bottles_occluded\image_3.jpg,1437,307,1594,466
D:\SEM 7\CVProject\datasets\bottles_occluded\image_3.jpg,1607,289,1701,552
D:\SEM 7\CVProject\datasets\bottles_occluded\image_3.jpg,123,3241,245,3443
D:\SEM 7\CVProject\datasets\bottles_occluded\image_3.jpg,2660,3598,2787,3792
D:\SEM 7\CVProject\datasets\bottles_occluded\image_3.jpg,2155,2198,2288,2382
D:\SEM 7\CVProject\datasets\bottles_occluded\image_3.jpg,2794,2784,2966,2926
D:\SEM 7\CVProject\datasets\bottles_occluded\image_3.jpg,1679,872,1907,979
D:\SEM 7\CVProject\datasets\bottles_occluded\image_3.jpg,137,2979,315,3116
D:\SEM 7\CVProject\datasets\bottles_occluded\image_3.jpg,2146,0,2344,123
D:\SEM 7\CVProject\datasets\bottles_occluded\image_3.jpg,1684,2365,1808,2560
D:\SEM 7\CVProject\datasets\bottles_occluded\image_3.jpg,1568,919,1677,1140
D:\SEM 7\CVProject\datasets\bottles_occluded\image_3.jpg,878,226,975,472
D:\SEM 7\CVProject\datasets\bottles_occluded\image_3.jpg,1260,3406,1371,3621
D:\SEM 7\CVProject\datasets\bottles_occluded\image_3.jpg,2070,889,2208,1062
D:\SEM 7\CVProject\datasets\bottles_occluded\image_3.jpg,1808,2051,1914,2276
D:\SEM 7\CVProject\datasets\bottles_occluded\image_3.jpg,1034,146,1153,346
D:\SEM 7\CVProject\datasets\bottles_occluded\image_3.jpg,1324,2082,1427,2312
D:\SEM 7\CVProject\datasets\bottles_occluded\image_3.jpg,0,1147,135,1320
D:\SEM 7\CVProject\datasets\bottles_occluded\image_3.jpg,2556,2864,2663,3080
D:\SEM 7\CVProject\datasets\bottles_occluded\image_3.jpg,2832,498,2940,712
D:\SEM 7\CVProject\datasets\bottles_occluded\image_3.jpg,287,1017,375,1276
D:\SEM 7\CVProject\datasets\bottles_occluded\image_3.jpg,2897,2398,3014,2592
D:\SEM 7\CVProject\datasets\bottles_occluded\image_3.jpg,1635,158,1759,341
D:\SEM 7\CVProject\datasets\bottles_occluded\image_3.jpg,2432,446,2590,589
D:\SEM 7\CVProject\datasets\bottles_occluded\image_3.jpg,74,2832,283,2940
D:\SEM 7\CVProject\datasets\bottles_occluded\image_3.jpg,2285,3368,2377,3610
D:\SEM 7\CVProject\datasets\bottles_occluded\image_3.jpg,2723,1894,2890,2027
D:\SEM 7\CVProject\datasets\bottles_occluded\image_3.jpg,1100,3459,1249,3608
D:\SEM 7\CVProject\datasets\bottles_occluded\image_3.jpg,1107,513,1236,685
D:\SEM 7\CVProject\datasets\bottles_occluded\image_3.jpg,2307,3099,2465,3238
D:\SEM 7\CVProject\datasets\bottles_occluded\image_3.jpg,2595,450,2700,659
D:\SEM 7\CVProject\datasets\bottles_occluded\image_3.jpg,39,2891,133,3122
D:\SEM 7\CVProject\datasets\bottles_occluded\image_3.jpg,1951,2876,2072,3055
D:\SEM 7\CVProject\datasets\bottles_occluded\image_3.jpg,2438,2923,2559,3102
D:\SEM 7\CVProject\datasets\bottles_occluded\image_3.jpg,2477,580,2580,789
D:\SEM 7\CVProject\datasets\bottles_occluded\image_3.jpg,2472,3045,2572,3260
D:\SEM 7\CVProject\datasets\bottles_occluded\image_3.jpg,1612,1387,1744,1550
D:\SEM 7\CVProject\datasets\bottles_occluded\image_3.jpg,2888,3359,2996,3558
D:\SEM 7\CVProject\datasets\bottles_occluded\image_3.jpg,1571,2837,1750,2957
D:\SEM 7\CVProject\datasets\bottles_occluded\image_3.jpg,1351,448,1471,627
D:\SEM 7\CVProject\datasets\bottles_occluded\image_3.jpg,1433,123,1593,257
D:\SEM 7\CVProject\datasets\bottles_occluded\image_3.jpg,184,3514,325,3666
D:\SEM 7\CVProject\datasets\bottles_occluded\image_3.jpg,2950,507,3023,798
D:\SEM 7\CVProject\datasets\bottles_occluded\image_3.jpg,2019,2046,2111,2277
D:\SEM 7\CVProject\datasets\bottles_occluded\image_3.jpg,157,68,270,256
D:\SEM 7\CVProject\datasets\bottles_occluded\image_3.jpg,748,3262,893,3408
D:\SEM 7\CVProject\datasets\bottles_occluded\image_3.jpg,2771,1522,2893,1695
D:\SEM 7\CVProject\datasets\bottles_occluded\image_3.jpg,12,144,105,370
D:\SEM 7\CVProject\datasets\bottles_occluded\image_3.jpg,762,1401,902,1551
D:\SEM 7\CVProject\datasets\bottles_occluded\image_3.jpg,514,34,653,185
D:\SEM 7\CVProject\datasets\bottles_occluded\image_3.jpg,394,3421,539,3564
D:\SEM 7\CVProject\datasets\bottles_occluded\image_3.jpg,881,113,1024,258
D:\SEM 7\CVProject\datasets\bottles_occluded\image_3.jpg,692,3435,849,3567
D:\SEM 7\CVProject\datasets\bottles_occluded\image_3.jpg,1685,336,1835,474
D:\SEM 7\CVProject\datasets\bottles_occluded\image_3.jpg,2061,517,2216,650
D:\SEM 7\CVProject\datasets\bottles_occluded\image_3.jpg,2354,1828,2473,2001
D:\SEM 7\CVProject\datasets\bottles_occluded\image_3.jpg,1546,3605,1696,3742
D:\SEM 7\CVProject\datasets\bottles_occluded\image_3.jpg,1420,2032,1605,2143
D:\SEM 7\CVProject\datasets\bottles_occluded\image_3.jpg,227,403,354,564
D:\SEM 7\CVProject\datasets\bottles_occluded\image_3.jpg,2221,433,2405,544
D:\SEM 7\CVProject\datasets\bottles_occluded\image_3.jpg,1777,1106,1943,1229
D:\SEM 7\CVProject\datasets\bottles_occluded\image_3.jpg,2765,1034,2914,1171
D:\SEM 7\CVProject\datasets\bottles_occluded\image_3.jpg,1346,2410,1506,2537
D:\SEM 7\CVProject\datasets\bottles_occluded\image_3.jpg,1376,2594,1531,2725
D:\SEM 7\CVProject\datasets\bottles_occluded\image_3.jpg,2733,1371,2864,1526
D:\SEM 7\CVProject\datasets\bottles_occluded\image_3.jpg,2014,2775,2124,2959
D:\SEM 7\CVProject\datasets\bottles_occluded\image_3.jpg,2617,341,2742,501
D:\SEM 7\CVProject\datasets\bottles_occluded\image_3.jpg,1054,3582,1133,3834
D:\SEM 7\CVProject\datasets\bottles_occluded\image_3.jpg,477,3540,600,3702
D:\SEM 7\CVProject\datasets\bottles_occluded\image_3.jpg,2487,3583,2635,3717
D:\SEM 7\CVProject\datasets\bottles_occluded\image_3.jpg,566,1423,685,1588
D:\SEM 7\CVProject\datasets\bottles_occluded\image_3.jpg,2402,2181,2600,2280
D:\SEM 7\CVProject\datasets\bottles_occluded\image_3.jpg,2107,2523,2247,2663
D:\SEM 7\CVProject\datasets\bottles_occluded\image_3.jpg,915,1364,1002,1588
D:\SEM 7\CVProject\datasets\bottles_occluded\image_3.jpg,1769,2724,1873,2911
D:\SEM 7\CVProject\datasets\bottles_occluded\image_3.jpg,2749,3765,2866,3931
D:\SEM 7\CVProject\datasets\bottles_occluded\image_3.jpg,2760,3044,2829,3324
D:\SEM 7\CVProject\datasets\bottles_occluded\image_3.jpg,2107,2402,2257,2531
D:\SEM 7\CVProject\datasets\bottles_occluded\image_3.jpg,2602,1582,2704,1771
D:\SEM 7\CVProject\datasets\bottles_occluded\image_3.jpg,0,1424,131,1571
D:\SEM 7\CVProject\datasets\bottles_occluded\image_3.jpg,6,35,145,173
D:\SEM 7\CVProject\datasets\bottles_occluded\image_3.jpg,2564,841,2687,996
D:\SEM 7\CVProject\datasets\bottles_occluded\image_3.jpg,1913,3170,2012,3362
D:\SEM 7\CVProject\datasets\bottles_occluded\image_3.jpg,2856,1828,3008,1953
D:\SEM 7\CVProject\datasets\bottles_occluded\image_3.jpg,2321,0,2510,100
D:\SEM 7\CVProject\datasets\bottles_occluded\image_3.jpg,738,227,876,364
D:\SEM 7\CVProject\datasets\bottles_occluded\image_3.jpg,1609,487,1692,712
D:\SEM 7\CVProject\datasets\bottles_occluded\image_3.jpg,828,745,1014,845
D:\SEM 7\CVProject\datasets\bottles_occluded\image_3.jpg,1237,310,1406,420
D:\SEM 7\CVProject\datasets\bottles_occluded\image_3.jpg,2804,2945,2979,3051
D:\SEM 7\CVProject\datasets\bottles_occluded\image_3.jpg,952,486,1091,619
D:\SEM 7\CVProject\datasets\bottles_occluded\image_3.jpg,2624,2023,2767,2152
D:\SEM 7\CVProject\datasets\bottles_occluded\image_3.jpg,1657,3718,1782,3865
D:\SEM 7\CVProject\datasets\bottles_occluded\image_3.jpg,1856,3606,2004,3729
D:\SEM 7\CVProject\datasets\bottles_occluded\image_3.jpg,1661,1423,1803,1551
D:\SEM 7\CVProject\datasets\bottles_occluded\image_3.jpg,1360,809,1494,944
D:\SEM 7\CVProject\datasets\bottles_occluded\image_3.jpg,2912,857,3023,1019
D:\SEM 7\CVProject\datasets\bottles_occluded\image_3.jpg,2038,1014,2126,1218
D:\SEM 7\CVProject\datasets\bottles_occluded\image_3.jpg,2636,1823,2716,2047
D:\SEM 7\CVProject\datasets\bottles_occluded\image_3.jpg,933,2610,1078,2733
D:\SEM 7\CVProject\datasets\bottles_occluded\image_3.jpg,2402,788,2512,949
D:\SEM 7\CVProject\datasets\bottles_occluded\image_3.jpg,2620,2865,2790,2969
D:\SEM 7\CVProject\datasets\bottles_occluded\image_3.jpg,1,614,97,798
D:\SEM 7\CVProject\datasets\bottles_occluded\image_3.jpg,2378,3216,2583,3302
D:\SEM 7\CVProject\datasets\bottles_occluded\image_3.jpg,1,1294,104,1465
D:\SEM 7\CVProject\datasets\bottles_occluded\image_3.jpg,2661,1020,2745,1229
D:\SEM 7\CVProject\datasets\bottles_occluded\image_3.jpg,1000,2848,1082,3062
D:\SEM 7\CVProject\datasets\bottles_occluded\image_3.jpg,1413,3254,1473,3545
D:\SEM 7\CVProject\datasets\bottles_occluded\image_3.jpg,2055,1177,2131,1407
D:\SEM 7\CVProject\datasets\bottles_occluded\image_3.jpg,106,818,250,939
D:\SEM 7\CVProject\datasets\bottles_occluded\image_3.jpg,2200,996,2266,1255
D:\SEM 7\CVProject\datasets\bottles_occluded\image_3.jpg,354,820,440,1019
D:\SEM 7\CVProject\datasets\bottles_occluded\image_3.jpg,0,3293,117,3439
D:\SEM 7\CVProject\datasets\bottles_occluded\image_3.jpg,2037,3592,2198,3698
D:\SEM 7\CVProject\datasets\bottles_occluded\image_3.jpg,218,1624,295,1844
D:\SEM 7\CVProject\datasets\bottles_occluded\image_3.jpg,882,3454,1046,3557
D:\SEM 7\CVProject\datasets\bottles_occluded\image_3.jpg,2837,786,2902,1044
D:\SEM 7\CVProject\datasets\bottles_occluded\image_3.jpg,532,1625,641,1779
D:\SEM 7\CVProject\datasets\bottles_occluded\image_3.jpg,289,3101,351,3370
D:\SEM 7\CVProject\datasets\bottles_occluded\image_3.jpg,2522,2017,2606,2215
D:\SEM 7\CVProject\datasets\bottles_occluded\image_3.jpg,1098,838,1253,945
D:\SEM 7\CVProject\datasets\bottles_occluded\image_3.jpg,2023,3149,2113,3333
D:\SEM 7\CVProject\datasets\bottles_occluded\image_3.jpg,2847,3638,2932,3832
D:\SEM 7\CVProject\datasets\bottles_occluded\image_3.jpg,2446,2518,2580,2641
D:\SEM 7\CVProject\datasets\bottles_occluded\image_3.jpg,1609,96,1810,177
D:\SEM 7\CVProject\datasets\bottles_occluded\image_3.jpg,1075,2321,1162,2508
D:\SEM 7\CVProject\datasets\bottles_occluded\image_3.jpg,1868,250,2013,362
D:\SEM 7\CVProject\datasets\bottles_occluded\image_3.jpg,1831,390,1943,534
D:\SEM 7\CVProject\datasets\bottles_occluded\image_3.jpg,2837,429,2976,545
D:\SEM 7\CVProject\datasets\bottles_occluded\image_3.jpg,2931,1045,2996,1292
D:\SEM 7\CVProject\datasets\bottles_occluded\image_3.jpg,1755,3569,1835,3769
D:\SEM 7\CVProject\datasets\bottles_occluded\image_3.jpg,2825,2665,2939,2805
D:\SEM 7\CVProject\datasets\bottles_occluded\image_3.jpg,2418,2869,2574,2971
D:\SEM 7\CVProject\datasets\bottles_occluded\image_3.jpg,82,2099,238,2201
D:\SEM 7\CVProject\datasets\bottles_occluded\image_3.jpg,192,703,361,797
D:\SEM 7\CVProject\datasets\bottles_occluded\image_3.jpg,2641,2921,2795,3024
D:\SEM 7\CVProject\datasets\bottles_occluded\image_3.jpg,1986,2056,2047,2315
D:\SEM 7\CVProject\datasets\bottles_occluded\image_3.jpg,354,221,508,324
D:\SEM 7\CVProject\datasets\bottles_occluded\image_3.jpg,2230,520,2329,680
D:\SEM 7\CVProject\datasets\bottles_occluded\image_3.jpg,1948,2418,2082,2536
D:\SEM 7\CVProject\datasets\bottles_occluded\image_3.jpg,2229,1911,2314,2095
D:\SEM 7\CVProject\datasets\bottles_occluded\image_3.jpg,2329,2065,2512,2150
D:\SEM 7\CVProject\datasets\bottles_occluded\image_3.jpg,848,655,981,772
D:\SEM 7\CVProject\datasets\bottles_occluded\image_3.jpg,1478,3199,1638,3296
D:\SEM 7\CVProject\datasets\bottles_occluded\image_3.jpg,1679,3164,1752,3375
D:\SEM 7\CVProject\datasets\bottles_occluded\image_3.jpg,0,774,107,918
D:\SEM 7\CVProject\datasets\bottles_occluded\image_3.jpg,2268,3736,2339,3951
D:\SEM 7\CVProject\datasets\bottles_occluded\image_3.jpg,96,2420,190,2582
D:\SEM 7\CVProject\datasets\bottles_occluded\image_3.jpg,2558,3337,2609,3633
D:\SEM 7\CVProject\datasets\bottles_occluded\image_3.jpg,1771,156,1863,321
D:\SEM 7\CVProject\datasets\bottles_occluded\image_3.jpg,1505,3376,1626,3501
D:\SEM 7\CVProject\datasets\bottles_occluded\image_3.jpg,1893,2153,1980,2326
D:\SEM 7\CVProject\datasets\bottles_occluded\image_3.jpg,2078,3075,2182,3219
D:\SEM 7\CVProject\datasets\bottles_occluded\image_3.jpg,2643,3653,2746,3798
D:\SEM 7\CVProject\datasets\bottles_occluded\image_3.jpg,1545,1152,1599,1426
D:\SEM 7\CVProject\datasets\bottles_occluded\image_3.jpg,446,2180,633,2259
D:\SEM 7\CVProject\datasets\bottles_occluded\image_3.jpg,2753,330,2831,518
D:\SEM 7\CVProject\datasets\bottles_occluded\image_3.jpg,2890,3819,3023,3929
D:\SEM 7\CVProject\datasets\bottles_occluded\image_3.jpg,2296,2960,2434,3066
D:\SEM 7\CVProject\datasets\bottles_occluded\image_3.jpg,1254,405,1344,567
D:\SEM 7\CVProject\datasets\bottles_occluded\image_3.jpg,1699,992,1800,1136
D:\SEM 7\CVProject\datasets\bottles_occluded\image_3.jpg,1684,1038,1726,1380
D:\SEM 7\CVProject\datasets\bottles_occluded\image_3.jpg,677,85,792,211
D:\SEM 7\CVProject\datasets\bottles_occluded\image_3.jpg,148,1238,250,1379
D:\SEM 7\CVProject\datasets\bottles_occluded\image_3.jpg,1973,1464,2127,1557
D:\SEM 7\CVProject\datasets\bottles_occluded\image_3.jpg,1,2683,71,2887
D:\SEM 7\CVProject\datasets\bottles_occluded\image_3.jpg,1974,2287,2104,2397
D:\SEM 7\CVProject\datasets\bottles_occluded\image_3.jpg,2665,1285,2728,1511
D:\SEM 7\CVProject\datasets\bottles_occluded\image_3.jpg,2016,311,2138,428
D:\SEM 7\CVProject\datasets\bottles_occluded\image_3.jpg,1433,2267,1517,2435
D:\SEM 7\CVProject\datasets\bottles_occluded\image_3.jpg,2244,1093,2284,1441
D:\SEM 7\CVProject\datasets\bottles_occluded\image_3.jpg,2323,2111,2395,2306
D:\SEM 7\CVProject\datasets\bottles_occluded\image_3.jpg,139,2073,260,2189
D:\SEM 7\CVProject\datasets\bottles_occluded\image_3.jpg,2784,3353,2907,3467
D:\SEM 7\CVProject\datasets\bottles_occluded\image_3.jpg,2510,889,2597,1050
D:\SEM 7\CVProject\datasets\bottles_occluded\image_3.jpg,1494,3442,1619,3554
D:\SEM 7\CVProject\datasets\bottles_occluded\image_3.jpg,1297,2277,1424,2387
D:\SEM 7\CVProject\datasets\bottles_occluded\image_3.jpg,1265,838,1379,960
D:\SEM 7\CVProject\datasets\bottles_occluded\image_3.jpg,1,1578,90,1734
D:\SEM 7\CVProject\datasets\bottles_occluded\image_3.jpg,371,295,457,456
D:\SEM 7\CVProject\datasets\bottles_occluded\image_3.jpg,1356,2993,1447,3145
D:\SEM 7\CVProject\datasets\bottles_occluded\image_3.jpg,2103,406,2208,537
D:\SEM 7\CVProject\datasets\bottles_occluded\image_3.jpg,882,3424,1051,3505
D:\SEM 7\CVProject\datasets\bottles_occluded\image_3.jpg,2910,2540,2989,2713
D:\SEM 7\CVProject\datasets\bottles_occluded\image_3.jpg,1083,861,1156,1048
D:\SEM 7\CVProject\datasets\bottles_occluded\image_3.jpg,2438,343,2572,445
D:\SEM 7\CVProject\datasets\bottles_occluded\image_3.jpg,1708,0,1874,82
D:\SEM 7\CVProject\datasets\bottles_occluded\image_3.jpg,2609,1505,2743,1606
D:\SEM 7\CVProject\datasets\bottles_occluded\image_3.jpg,22,448,85,662
D:\SEM 7\CVProject\datasets\bottles_occluded\image_3.jpg,530,1698,644,1816
D:\SEM 7\CVProject\datasets\bottles_occluded\image_3.jpg,801,29,875,210
D:\SEM 7\CVProject\datasets\bottles_occluded\image_3.jpg,2445,675,2554,798
D:\SEM 7\CVProject\datasets\bottles_occluded\image_3.jpg,2625,3172,2725,3306
D:\SEM 7\CVProject\datasets\bottles_occluded\image_3.jpg,2921,2,3023,133
D:\SEM 7\CVProject\datasets\bottles_occluded\image_3.jpg,1567,2121,1622,2362
D:\SEM 7\CVProject\datasets\bottles_occluded\image_3.jpg,180,1146,271,1292
D:\SEM 7\CVProject\datasets\bottles_occluded\image_3.jpg,1642,3027,1700,3254
D:\SEM 7\CVProject\datasets\bottles_occluded\image_3.jpg,186,877,277,1022
D:\SEM 7\CVProject\datasets\bottles_occluded\image_3.jpg,1125,283,1219,423
D:\SEM 7\CVProject\datasets\bottles_occluded\image_3.jpg,2040,3556,2220,3629
D:\SEM 7\CVProject\datasets\bottles_occluded\image_3.jpg,1701,3210,1797,3347
D:\SEM 7\CVProject\datasets\bottles_occluded\image_3.jpg,899,2363,1045,2453
D:\SEM 7\CVProject\datasets\bottles_occluded\image_3.jpg,80,2073,240,2155
D:\SEM 7\CVProject\datasets\bottles_occluded\image_3.jpg,2865,3093,3023,3176
D:\SEM 7\CVProject\datasets\bottles_occluded\image_3.jpg,1462,364,1576,479
D:\SEM 7\CVProject\datasets\bottles_occluded\image_3.jpg,1904,599,2054,686
D:\SEM 7\CVProject\datasets\bottles_occluded\image_3.jpg,1478,3133,1603,3237
D:\SEM 7\CVProject\datasets\bottles_occluded\image_3.jpg,126,1854,199,2031
D:\SEM 7\CVProject\datasets\bottles_occluded\image_3.jpg,2744,3882,2876,3980
D:\SEM 7\CVProject\datasets\bottles_occluded\image_3.jpg,2115,2180,2180,2378
D:\SEM 7\CVProject\datasets\bottles_occluded\image_3.jpg,676,3600,816,3692
D:\SEM 7\CVProject\datasets\bottles_occluded\image_3.jpg,369,3274,501,3371
D:\SEM 7\CVProject\datasets\bottles_occluded\image_3.jpg,1698,1351,1789,1491
D:\SEM 7\CVProject\datasets\bottles_occluded\image_3.jpg,920,2224,1073,2307
D:\SEM 7\CVProject\datasets\bottles_occluded\image_3.jpg,2792,2530,2857,2724
D:\SEM 7\CVProject\datasets\bottles_occluded\image_3.jpg,1,1686,74,1858
D:\SEM 7\CVProject\datasets\bottles_occluded\image_3.jpg,166,1525,288,1628
D:\SEM 7\CVProject\datasets\bottles_occluded\image_3.jpg,1176,23,1293,130
D:\SEM 7\CVProject\datasets\bottles_occluded\image_3.jpg,0,1930,96,2060
D:\SEM 7\CVProject\datasets\bottles_occluded\image_3.jpg,1972,1198,2099,1296
D:\SEM 7\CVProject\datasets\bottles_occluded\image_3.jpg,508,1396,554,1663
D:\SEM 7\CVProject\datasets\bottles_occluded\image_3.jpg,2591,3016,2711,3119
D:\SEM 7\CVProject\datasets\bottles_occluded\image_3.jpg,846,2567,906,2772
D:\SEM 7\CVProject\datasets\bottles_occluded\image_3.jpg,2292,328,2407,435
D:\SEM 7\CVProject\datasets\bottles_occluded\image_3.jpg,2764,1237,2913,1319
D:\SEM 7\CVProject\datasets\bottles_occluded\image_3.jpg,2938,2284,3021,2431
D:\SEM 7\CVProject\datasets\bottles_occluded\image_3.jpg,824,2195,902,2351
D:\SEM 7\CVProject\datasets\bottles_occluded\image_3.jpg,2315,3639,2414,3762
D:\SEM 7\CVProject\datasets\bottles_occluded\image_3.jpg,2706,476,2825,578
D:\SEM 7\CVProject\datasets\bottles_occluded\image_3.jpg,241,2221,294,2448
D:\SEM 7\CVProject\datasets\bottles_occluded\image_3.jpg,1855,2386,1929,2548
D:\SEM 7\CVProject\datasets\bottles_occluded\image_3.jpg,2648,2156,2773,2252
D:\SEM 7\CVProject\datasets\bottles_occluded\image_3.jpg,1817,2324,1958,2409
D:\SEM 7\CVProject\datasets\bottles_occluded\image_3.jpg,2958,3680,3023,3864
D:\SEM 7\CVProject\datasets\bottles_occluded\image_3.jpg,2467,577,2549,723
D:\SEM 7\CVProject\datasets\bottles_occluded\image_30.jpg,0,480,3023,3069
D:\SEM 7\CVProject\datasets\bottles_occluded\image_30.jpg,365,1772,2336,3689
D:\SEM 7\CVProject\datasets\bottles_occluded\image_30.jpg,0,1187,1426,3336
D:\SEM 7\CVProject\datasets\bottles_occluded\image_30.jpg,0,3202,1623,4031
D:\SEM 7\CVProject\datasets\bottles_occluded\image_30.jpg,2223,1832,3023,3477
D:\SEM 7\CVProject\datasets\bottles_occluded\image_30.jpg,1742,980,2546,2558
D:\SEM 7\CVProject\datasets\bottles_occluded\image_30.jpg,2076,2220,2770,3133
D:\SEM 7\CVProject\datasets\bottles_occluded\image_30.jpg,1995,1624,2782,2352
D:\SEM 7\CVProject\datasets\bottles_occluded\image_30.jpg,678,1275,1323,1825
D:\SEM 7\CVProject\datasets\bottles_occluded\image_30.jpg,24,1972,516,2538
D:\SEM 7\CVProject\datasets\bottles_occluded\image_30.jpg,1934,1237,2399,1831
D:\SEM 7\CVProject\datasets\bottles_occluded\image_30.jpg,1523,2739,1944,3353
D:\SEM 7\CVProject\datasets\bottles_occluded\image_30.jpg,1511,2980,2053,3455
D:\SEM 7\CVProject\datasets\bottles_occluded\image_30.jpg,2661,397,3023,850
D:\SEM 7\CVProject\datasets\bottles_occluded\image_30.jpg,0,0,472,343
D:\SEM 7\CVProject\datasets\bottles_occluded\image_30.jpg,2595,1657,2824,2295
D:\SEM 7\CVProject\datasets\bottles_occluded\image_30.jpg,1395,2571,1583,3302
D:\SEM 7\CVProject\datasets\bottles_occluded\image_30.jpg,1420,2617,1757,3004
D:\SEM 7\CVProject\datasets\bottles_occluded\image_30.jpg,2552,53,3023,307
D:\SEM 7\CVProject\datasets\bottles_occluded\image_30.jpg,1253,2325,1775,2550
D:\SEM 7\CVProject\datasets\bottles_occluded\image_30.jpg,1609,3347,2036,3621
D:\SEM 7\CVProject\datasets\bottles_occluded\image_30.jpg,576,3491,873,3856
D:\SEM 7\CVProject\datasets\bottles_occluded\image_30.jpg,588,0,978,274
D:\SEM 7\CVProject\datasets\bottles_occluded\image_30.jpg,2227,3181,2592,3467
D:\SEM 7\CVProject\datasets\bottles_occluded\image_30.jpg,1529,3007,1892,3291
D:\SEM 7\CVProject\datasets\bottles_occluded\image_30.jpg,411,1845,628,2294
D:\SEM 7\CVProject\datasets\bottles_occluded\image_30.jpg,748,2046,1038,2320
D:\SEM 7\CVProject\datasets\bottles_occluded\image_30.jpg,2785,3111,3023,3425
D:\SEM 7\CVProject\datasets\bottles_occluded\image_30.jpg,1592,2759,1922,2973
D:\SEM 7\CVProject\datasets\bottles_occluded\image_30.jpg,1883,3009,2050,3401
D:\SEM 7\CVProject\datasets\bottles_occluded\image_30.jpg,1760,2643,2002,2907
D:\SEM 7\CVProject\datasets\bottles_occluded\image_30.jpg,2493,1708,2695,2003
D:\SEM 7\CVProject\datasets\bottles_occluded\image_30.jpg,1409,2644,1583,2986
D:\SEM 7\CVProject\datasets\bottles_occluded\image_30.jpg,1567,3408,1819,3626
D:\SEM 7\CVProject\datasets\bottles_occluded\image_30.jpg,2288,1736,2450,2036
D:\SEM 7\CVProject\datasets\bottles_occluded\image_30.jpg,1024,2297,1220,2541
D:\SEM 7\CVProject\datasets\bottles_occluded\image_30.jpg,101,2050,320,2253
D:\SEM 7\CVProject\datasets\bottles_occluded\image_30.jpg,2033,1027,2301,1190
D:\SEM 7\CVProject\datasets\bottles_occluded\image_30.jpg,1712,3453,1981,3598
D:\SEM 7\CVProject\datasets\bottles_occluded\image_30.jpg,0,0,133,286
D:\SEM 7\CVProject\datasets\bottles_occluded\image_30.jpg,130,2593,262,2877
D:\SEM 7\CVProject\datasets\bottles_occluded\image_30.jpg,2017,1745,2142,2042
D:\SEM 7\CVProject\datasets\bottles_occluded\image_30.jpg,1814,2936,1943,3223
D:\SEM 7\CVProject\datasets\bottles_occluded\image_30.jpg,1863,362,2065,542
D:\SEM 7\CVProject\datasets\bottles_occluded\image_30.jpg,802,2639,917,2950
D:\SEM 7\CVProject\datasets\bottles_occluded\image_30.jpg,2578,3116,2754,3319
D:\SEM 7\CVProject\datasets\bottles_occluded\image_30.jpg,2427,405,2668,553
D:\SEM 7\CVProject\datasets\bottles_occluded\image_30.jpg,182,3047,354,3250
D:\SEM 7\CVProject\datasets\bottles_occluded\image_30.jpg,2180,2453,2414,2595
D:\SEM 7\CVProject\datasets\bottles_occluded\image_30.jpg,330,2457,476,2684
D:\SEM 7\CVProject\datasets\bottles_occluded\image_30.jpg,242,2731,409,2929
D:\SEM 7\CVProject\datasets\bottles_occluded\image_30.jpg,1017,2703,1133,2986
D:\SEM 7\CVProject\datasets\bottles_occluded\image_30.jpg,416,2789,562,3014
D:\SEM 7\CVProject\datasets\bottles_occluded\image_30.jpg,1771,2104,1923,2315
D:\SEM 7\CVProject\datasets\bottles_occluded\image_30.jpg,1265,230,1494,369
D:\SEM 7\CVProject\datasets\bottles_occluded\image_30.jpg,1916,2703,2053,2929
D:\SEM 7\CVProject\datasets\bottles_occluded\image_30.jpg,2212,2542,2371,2732
D:\SEM 7\CVProject\datasets\bottles_occluded\image_30.jpg,128,19,304,189
D:\SEM 7\CVProject\datasets\bottles_occluded\image_30.jpg,262,1370,467,1514
D:\SEM 7\CVProject\datasets\bottles_occluded\image_30.jpg,860,2721,984,2958
D:\SEM 7\CVProject\datasets\bottles_occluded\image_30.jpg,207,2918,369,3094
D:\SEM 7\CVProject\datasets\bottles_occluded\image_30.jpg,416,3076,568,3263
D:\SEM 7\CVProject\datasets\bottles_occluded\image_30.jpg,1,2030,89,2352
D:\SEM 7\CVProject\datasets\bottles_occluded\image_30.jpg,749,2097,918,2264
D:\SEM 7\CVProject\datasets\bottles_occluded\image_30.jpg,2863,2373,3000,2573
D:\SEM 7\CVProject\datasets\bottles_occluded\image_30.jpg,2044,1143,2288,1255
D:\SEM 7\CVProject\datasets\bottles_occluded\image_30.jpg,872,2882,990,3113
D:\SEM 7\CVProject\datasets\bottles_occluded\image_30.jpg,1700,3758,1863,3925
D:\SEM 7\CVProject\datasets\bottles_occluded\image_30.jpg,2525,947,2706,1097
D:\SEM 7\CVProject\datasets\bottles_occluded\image_30.jpg,394,1204,549,1377
D:\SEM 7\CVProject\datasets\bottles_occluded\image_30.jpg,2553,241,2728,394
D:\SEM 7\CVProject\datasets\bottles_occluded\image_30.jpg,896,2343,1057,2509
D:\SEM 7\CVProject\datasets\bottles_occluded\image_30.jpg,2769,3210,2908,3402
D:\SEM 7\CVProject\datasets\bottles_occluded\image_30.jpg,2830,2249,2967,2441
D:\SEM 7\CVProject\datasets\bottles_occluded\image_30.jpg,1249,1733,1307,2181
D:\SEM 7\CVProject\datasets\bottles_occluded\image_30.jpg,39,1369,196,1535
D:\SEM 7\CVProject\datasets\bottles_occluded\image_30.jpg,2389,1758,2503,1984
D:\SEM 7\CVProject\datasets\bottles_occluded\image_30.jpg,979,1714,1186,1838
D:\SEM 7\CVProject\datasets\bottles_occluded\image_30.jpg,373,1763,480,1998
D:\SEM 7\CVProject\datasets\bottles_occluded\image_30.jpg,805,2133,995,2264
D:\SEM 7\CVProject\datasets\bottles_occluded\image_30.jpg,214,1764,342,1958
D:\SEM 7\CVProject\datasets\bottles_occluded\image_30.jpg,2814,2122,2958,2293
D:\SEM 7\CVProject\datasets\bottles_occluded\image_30.jpg,1,3047,164,3198
D:\SEM 7\CVProject\datasets\bottles_occluded\image_30.jpg,665,3131,794,3320
D:\SEM 7\CVProject\datasets\bottles_occluded\image_30.jpg,1884,3159,2030,3326
D:\SEM 7\CVProject\datasets\bottles_occluded\image_30.jpg,1428,2708,1582,2865
D:\SEM 7\CVProject\datasets\bottles_occluded\image_30.jpg,46,2936,184,3109
D:\SEM 7\CVProject\datasets\bottles_occluded\image_30.jpg,2706,1315,2806,1546
D:\SEM 7\CVProject\datasets\bottles_occluded\image_30.jpg,924,2621,1080,2768
D:\SEM 7\CVProject\datasets\bottles_occluded\image_30.jpg,1,2606,103,2830
D:\SEM 7\CVProject\datasets\bottles_occluded\image_30.jpg,2920,2511,3019,2741
D:\SEM 7\CVProject\datasets\bottles_occluded\image_30.jpg,484,1917,619,2084
D:\SEM 7\CVProject\datasets\bottles_occluded\image_30.jpg,1160,86,1309,237
D:\SEM 7\CVProject\datasets\bottles_occluded\image_30.jpg,548,3118,670,3302
D:\SEM 7\CVProject\datasets\bottles_occluded\image_30.jpg,226,2502,352,2679
D:\SEM 7\CVProject\datasets\bottles_occluded\image_30.jpg,2715,3901,2886,4031
D:\SEM 7\CVProject\datasets\bottles_occluded\image_30.jpg,954,1810,1091,1972
D:\SEM 7\CVProject\datasets\bottles_occluded\image_30.jpg,1506,396,1695,513
D:\SEM 7\CVProject\datasets\bottles_occluded\image_30.jpg,282,764,418,926
D:\SEM 7\CVProject\datasets\bottles_occluded\image_30.jpg,1655,918,1775,1101
D:\SEM 7\CVProject\datasets\bottles_occluded\image_30.jpg,2336,1094,2452,1283
D:\SEM 7\CVProject\datasets\bottles_occluded\image_30.jpg,200,1534,344,1686
D:\SEM 7\CVProject\datasets\bottles_occluded\image_30.jpg,1523,2795,1590,3117
D:\SEM 7\CVProject\datasets\bottles_occluded\image_30.jpg,966,849,1090,1022
D:\SEM 7\CVProject\datasets\bottles_occluded\image_30.jpg,2262,3269,2383,3445
D:\SEM 7\CVProject\datasets\bottles_occluded\image_30.jpg,102,2807,224,2980
D:\SEM 7\CVProject\datasets\bottles_occluded\image_30.jpg,2353,967,2476,1138
D:\SEM 7\CVProject\datasets\bottles_occluded\image_30.jpg,1931,1986,2026,2205
D:\SEM 7\CVProject\datasets\bottles_occluded\image_30.jpg,1409,2857,1459,3268
D:\SEM 7\CVProject\datasets\bottles_occluded\image_30.jpg,194,1444,340,1585
D:\SEM 7\CVProject\datasets\bottles_occluded\image_30.jpg,2347,2622,2484,2769
D:\SEM 7\CVProject\datasets\bottles_occluded\image_30.jpg,1621,1740,1720,1943
D:\SEM 7\CVProject\datasets\bottles_occluded\image_30.jpg,55,1096,188,1247
D:\SEM 7\CVProject\datasets\bottles_occluded\image_30.jpg,581,3018,737,3146
D:\SEM 7\CVProject\datasets\bottles_occluded\image_30.jpg,84,1616,208,1777
D:\SEM 7\CVProject\datasets\bottles_occluded\image_30.jpg,143,923,364,1013
D:\SEM 7\CVProject\datasets\bottles_occluded\image_30.jpg,2308,79,2507,179
D:\SEM 7\CVProject\datasets\bottles_occluded\image_30.jpg,290,1691,443,1821
D:\SEM 7\CVProject\datasets\bottles_occluded\image_30.jpg,472,1588,596,1748
D:\SEM 7\CVProject\datasets\bottles_occluded\image_30.jpg,2283,2773,2426,2911
D:\SEM 7\CVProject\datasets\bottles_occluded\image_30.jpg,501,129,640,268
D:\SEM 7\CVProject\datasets\bottles_occluded\image_30.jpg,812,2080,1019,2173
D:\SEM 7\CVProject\datasets\bottles_occluded\image_30.jpg,572,1099,671,1288
D:\SEM 7\CVProject\datasets\bottles_occluded\image_30.jpg,2382,3293,2482,3480
D:\SEM 7\CVProject\datasets\bottles_occluded\image_30.jpg,1791,3080,1925,3219
D:\SEM 7\CVProject\datasets\bottles_occluded\image_30.jpg,2634,3899,2775,4031
D:\SEM 7\CVProject\datasets\bottles_occluded\image_30.jpg,1589,2193,1711,2345
D:\SEM 7\CVProject\datasets\bottles_occluded\image_30.jpg,509,1520,636,1665
D:\SEM 7\CVProject\datasets\bottles_occluded\image_30.jpg,1800,2795,1910,2962
D:\SEM 7\CVProject\datasets\bottles_occluded\image_30.jpg,193,1244,328,1380
D:\SEM 7\CVProject\datasets\bottles_occluded\image_30.jpg,1,2342,96,2534
D:\SEM 7\CVProject\datasets\bottles_occluded\image_30.jpg,2580,1333,2672,1531
D:\SEM 7\CVProject\datasets\bottles_occluded\image_30.jpg,1808,1084,1924,1241
D:\SEM 7\CVProject\datasets\bottles_occluded\image_30.jpg,1726,1783,1847,1929
D:\SEM 7\CVProject\datasets\bottles_occluded\image_30.jpg,461,12,650,105
D:\SEM 7\CVProject\datasets\bottles_occluded\image_30.jpg,47,2530,219,2631
D:\SEM 7\CVProject\datasets\bottles_occluded\image_30.jpg,2538,3243,2644,3405
D:\SEM 7\CVProject\datasets\bottles_occluded\image_30.jpg,84,2301,215,2432
D:\SEM 7\CVProject\datasets\bottles_occluded\image_30.jpg,2843,1850,2942,2023
D:\SEM 7\CVProject\datasets\bottles_occluded\image_30.jpg,93,717,202,874
D:\SEM 7\CVProject\datasets\bottles_occluded\image_30.jpg,2714,1868,2831,2014
D:\SEM 7\CVProject\datasets\bottles_occluded\image_30.jpg,987,90,1160,188
D:\SEM 7\CVProject\datasets\bottles_occluded\image_30.jpg,2335,2504,2451,2650
D:\SEM 7\CVProject\datasets\bottles_occluded\image_30.jpg,475,1382,617,1501
D:\SEM 7\CVProject\datasets\bottles_occluded\image_30.jpg,1612,3019,1713,3185
D:\SEM 7\CVProject\datasets\bottles_occluded\image_30.jpg,2004,2803,2055,3129
D:\SEM 7\CVProject\datasets\bottles_occluded\image_30.jpg,1,2812,91,2996
D:\SEM 7\CVProject\datasets\bottles_occluded\image_30.jpg,1855,1302,1948,1479
D:\SEM 7\CVProject\datasets\bottles_occluded\image_30.jpg,1195,1136,1326,1261
D:\SEM 7\CVProject\datasets\bottles_occluded\image_30.jpg,48,1287,180,1411
D:\SEM 7\CVProject\datasets\bottles_occluded\image_30.jpg,187,1914,325,2032
D:\SEM 7\CVProject\datasets\bottles_occluded\image_30.jpg,720,1036,821,1197
D:\SEM 7\CVProject\datasets\bottles_occluded\image_30.jpg,31,1487,140,1634
D:\SEM 7\CVProject\datasets\bottles_occluded\image_30.jpg,1660,1054,1745,1242
D:\SEM 7\CVProject\datasets\bottles_occluded\image_30.jpg,448,1698,557,1844
D:\SEM 7\CVProject\datasets\bottles_occluded\image_30.jpg,2155,122,2288,241
D:\SEM 7\CVProject\datasets\bottles_occluded\image_30.jpg,2838,969,2940,1124
D:\SEM 7\CVProject\datasets\bottles_occluded\image_30.jpg,2614,1251,2746,1370
D:\SEM 7\CVProject\datasets\bottles_occluded\image_30.jpg,438,1112,546,1257
D:\SEM 7\CVProject\datasets\bottles_occluded\image_30.jpg,359,2530,455,2693
D:\SEM 7\CVProject\datasets\bottles_occluded\image_30.jpg,2809,1417,2905,1579
D:\SEM 7\CVProject\datasets\bottles_occluded\image_30.jpg,2862,1746,2958,1908
D:\SEM 7\CVProject\datasets\bottles_occluded\image_30.jpg,80,2427,234,2528
D:\SEM 7\CVProject\datasets\bottles_occluded\image_30.jpg,1660,1479,1775,1614
D:\SEM 7\CVProject\datasets\bottles_occluded\image_30.jpg,1481,915,1573,1083
D:\SEM 7\CVProject\datasets\bottles_occluded\image_30.jpg,1724,2781,1874,2884
D:\SEM 7\CVProject\datasets\bottles_occluded\image_30.jpg,2280,237,2394,372
D:\SEM 7\CVProject\datasets\bottles_occluded\image_30.jpg,162,1321,266,1467
D:\SEM 7\CVProject\datasets\bottles_occluded\image_30.jpg,2235,1458,2338,1605
D:\SEM 7\CVProject\datasets\bottles_occluded\image_30.jpg,2815,884,2928,1018
D:\SEM 7\CVProject\datasets\bottles_occluded\image_30.jpg,824,2504,950,2624
D:\SEM 7\CVProject\datasets\bottles_occluded\image_30.jpg,341,3083,425,3262
D:\SEM 7\CVProject\datasets\bottles_occluded\image_30.jpg,1024,1091,1127,1236
D:\SEM 7\CVProject\datasets\bottles_occluded\image_30.jpg,2157,871,2271,1002
D:\SEM 7\CVProject\datasets\bottles_occluded\image_30.jpg,331,1501,452,1624
D:\SEM 7\CVProject\datasets\bottles_occluded\image_30.jpg,2704,951,2824,1075
D:\SEM 7\CVProject\datasets\bottles_occluded\image_30.jpg,1653,1870,1757,2011
D:\SEM 7\CVProject\datasets\bottles_occluded\image_30.jpg,2551,1717,2608,1973
D:\SEM 7\CVProject\datasets\bottles_occluded\image_30.jpg,765,1902,882,2027
D:\SEM 7\CVProject\datasets\bottles_occluded\image_30.jpg,2764,1204,2942,1286
D:\SEM 7\CVProject\datasets\bottles_occluded\image_30.jpg,322,993,431,1127
D:\SEM 7\CVProject\datasets\bottles_occluded\image_30.jpg,2031,2166,2081,2456
D:\SEM 7\CVProject\datasets\bottles_occluded\image_30.jpg,2811,1353,2939,1467
D:\SEM 7\CVProject\datasets\bottles_occluded\image_30.jpg,1414,52,1557,154
D:\SEM 7\CVProject\datasets\bottles_occluded\image_30.jpg,268,1347,358,1508
D:\SEM 7\CVProject\datasets\bottles_occluded\image_30.jpg,2929,3878,3023,4031
D:\SEM 7\CVProject\datasets\bottles_occluded\image_30.jpg,31,2719,122,2876
D:\SEM 7\CVProject\datasets\bottles_occluded\image_30.jpg,2833,1975,2927,2127
D:\SEM 7\CVProject\datasets\bottles_occluded\image_30.jpg,1450,1606,1555,1742
D:\SEM 7\CVProject\datasets\bottles_occluded\image_30.jpg,2489,1785,2569,1963
D:\SEM 7\CVProject\datasets\bottles_occluded\image_30.jpg,2699,1485,2800,1626
D:\SEM 7\CVProject\datasets\bottles_occluded\image_30.jpg,1724,1182,1822,1327
D:\SEM 7\CVProject\datasets\bottles_occluded\image_30.jpg,510,2944,602,3098
D:\SEM 7\CVProject\datasets\bottles_occluded\image_30.jpg,190,3118,322,3225
D:\SEM 7\CVProject\datasets\bottles_occluded\image_30.jpg,1716,2240,1814,2384
D:\SEM 7\CVProject\datasets\bottles_occluded\image_30.jpg,1797,1996,1877,2172
D:\SEM 7\CVProject\datasets\bottles_occluded\image_30.jpg,1537,3055,1618,3228
D:\SEM 7\CVProject\datasets\bottles_occluded\image_30.jpg,823,1102,954,1209
D:\SEM 7\CVProject\datasets\bottles_occluded\image_30.jpg,1523,2164,1577,2421
D:\SEM 7\CVProject\datasets\bottles_occluded\image_30.jpg,2879,3913,2997,4031
D:\SEM 7\CVProject\datasets\bottles_occluded\image_30.jpg,1322,817,1445,930
D:\SEM 7\CVProject\datasets\bottles_occluded\image_30.jpg,130,1184,218,1340
D:\SEM 7\CVProject\datasets\bottles_occluded\image_30.jpg,2482,2531,2576,2677
D:\SEM 7\CVProject\datasets\bottles_occluded\image_30.jpg,1130,3543,1251,3656
D:\SEM 7\CVProject\datasets\bottles_occluded\image_30.jpg,1462,1518,1564,1652
D:\SEM 7\CVProject\datasets\bottles_occluded\image_30.jpg,154,1067,288,1169
D:\SEM 7\CVProject\datasets\bottles_occluded\image_30.jpg,2657,1666,2797,1763
D:\SEM 7\CVProject\datasets\bottles_occluded\image_30.jpg,2762,3132,2882,3245
D:\SEM 7\CVProject\datasets\bottles_occluded\image_30.jpg,1873,2880,1933,3104
D:\SEM 7\CVProject\datasets\bottles_occluded\image_30.jpg,2072,3892,2169,4031
D:\SEM 7\CVProject\datasets\bottles_occluded\image_30.jpg,2592,1176,2745,1264
D:\SEM 7\CVProject\datasets\bottles_occluded\image_30.jpg,437,2676,512,2855
D:\SEM 7\CVProject\datasets\bottles_occluded\image_30.jpg,19,1196,128,1319
D:\SEM 7\CVProject\datasets\bottles_occluded\image_30.jpg,672,1203,781,1326
D:\SEM 7\CVProject\datasets\bottles_occluded\image_30.jpg,12,694,115,824
D:\SEM 7\CVProject\datasets\bottles_occluded\image_30.jpg,930,2828,1012,2990
D:\SEM 7\CVProject\datasets\bottles_occluded\image_30.jpg,1894,2942,1943,3211
D:\SEM 7\CVProject\datasets\bottles_occluded\image_30.jpg,1,2255,93,2399
D:\SEM 7\CVProject\datasets\bottles_occluded\image_30.jpg,1933,2153,2035,2282
D:\SEM 7\CVProject\datasets\bottles_occluded\image_30.jpg,2729,1797,2853,1903
D:\SEM 7\CVProject\datasets\bottles_occluded\image_30.jpg,1471,1433,1572,1563
D:\SEM 7\CVProject\datasets\bottles_occluded\image_30.jpg,2882,783,3023,876
D:\SEM 7\CVProject\datasets\bottles_occluded\image_30.jpg,673,1131,790,1243
D:\SEM 7\CVProject\datasets\bottles_occluded\image_30.jpg,381,2984,500,3094
D:\SEM 7\CVProject\datasets\bottles_occluded\image_30.jpg,2796,1573,2924,1675
D:\SEM 7\CVProject\datasets\bottles_occluded\image_30.jpg,2848,1263,2931,1420
D:\SEM 7\CVProject\datasets\bottles_occluded\image_30.jpg,194,762,293,893
D:\SEM 7\CVProject\datasets\bottles_occluded\image_30.jpg,1774,2107,1837,2312
D:\SEM 7\CVProject\datasets\bottles_occluded\image_30.jpg,1831,1457,1935,1581
D:\SEM 7\CVProject\datasets\bottles_occluded\image_30.jpg,542,1737,641,1867
D:\SEM 7\CVProject\datasets\bottles_occluded\image_30.jpg,1903,1008,2012,1126
D:\SEM 7\CVProject\datasets\bottles_occluded\image_30.jpg,1403,2051,1510,2171
D:\SEM 7\CVProject\datasets\bottles_occluded\image_30.jpg,2355,2766,2427,2943
D:\SEM 7\CVProject\datasets\bottles_occluded\image_30.jpg,2598,552,2727,650
D:\SEM 7\CVProject\datasets\bottles_occluded\image_30.jpg,349,575,425,741
D:\SEM 7\CVProject\datasets\bottles_occluded\image_30.jpg,855,1822,978,1924
D:\SEM 7\CVProject\datasets\bottles_occluded\image_30.jpg,556,1239,654,1367
D:\SEM 7\CVProject\datasets\bottles_occluded\image_30.jpg,1432,1784,1538,1902
D:\SEM 7\CVProject\datasets\bottles_occluded\image_30.jpg,973,3079,1093,3183
D:\SEM 7\CVProject\datasets\bottles_occluded\image_30.jpg,346,1431,467,1534
D:\SEM 7\CVProject\datasets\bottles_occluded\image_30.jpg,1661,0,1788,98
D:\SEM 7\CVProject\datasets\bottles_occluded\image_30.jpg,1710,1706,1820,1819
D:\SEM 7\CVProject\datasets\bottles_occluded\image_30.jpg,956,768,1064,883
D:\SEM 7\CVProject\datasets\bottles_occluded\image_30.jpg,1,1620,78,1781
D:\SEM 7\CVProject\datasets\bottles_occluded\image_30.jpg,2701,2939,2770,3118
D:\SEM 7\CVProject\datasets\bottles_occluded\image_30.jpg,2752,1250,2846,1381
D:\SEM 7\CVProject\datasets\bottles_occluded\image_30.jpg,1,913,95,1043
D:\SEM 7\CVProject\datasets\bottles_occluded\image_30.jpg,264,2644,348,2789
D:\SEM 7\CVProject\datasets\bottles_occluded\image_30.jpg,2319,593,2450,686
D:\SEM 7\CVProject\datasets\bottles_occluded\image_30.jpg,2752,481,2850,605
D:\SEM 7\CVProject\datasets\bottles_occluded\image_30.jpg,253,582,347,711
D:\SEM 7\CVProject\datasets\bottles_occluded\image_30.jpg,2943,994,3021,1149
D:\SEM 7\CVProject\datasets\bottles_occluded\image_30.jpg,918,674,1011,804
D:\SEM 7\CVProject\datasets\bottles_occluded\image_30.jpg,2684,1593,2786,1711
D:\SEM 7\CVProject\datasets\bottles_occluded\image_30.jpg,1797,985,1899,1103
D:\SEM 7\CVProject\datasets\bottles_occluded\image_30.jpg,749,2099,808,2302
D:\SEM 7\CVProject\datasets\bottles_occluded\image_30.jpg,1675,2126,1771,2251
D:\SEM 7\CVProject\datasets\bottles_occluded\image_30.jpg,1597,739,1690,868
D:\SEM 7\CVProject\datasets\bottles_occluded\image_30.jpg,1013,632,1078,816
D:\SEM 7\CVProject\datasets\bottles_occluded\image_31.jpg,300,0,2118,2853
D:\SEM 7\CVProject\datasets\bottles_occluded\image_31.jpg,259,2527,1859,3680
D:\SEM 7\CVProject\datasets\bottles_occluded\image_31.jpg,1686,2116,3023,3402
D:\SEM 7\CVProject\datasets\bottles_occluded\image_31.jpg,0,2874,1162,4031
D:\SEM 7\CVProject\datasets\bottles_occluded\image_31.jpg,2079,0,3023,1227
D:\SEM 7\CVProject\datasets\bottles_occluded\image_31.jpg,750,2617,1803,3314
D:\SEM 7\CVProject\datasets\bottles_occluded\image_31.jpg,1045,1928,1730,2855
D:\SEM 7\CVProject\datasets\bottles_occluded\image_31.jpg,732,1079,1533,1454
D:\SEM 7\CVProject\datasets\bottles_occluded\image_31.jpg,2253,2168,3023,2555
D:\SEM 7\CVProject\datasets\bottles_occluded\image_31.jpg,2411,0,3023,472
D:\SEM 7\CVProject\datasets\bottles_occluded\image_31.jpg,0,2911,423,3550
D:\SEM 7\CVProject\datasets\bottles_occluded\image_31.jpg,0,2150,760,2483
D:\SEM 7\CVProject\datasets\bottles_occluded\image_31.jpg,0,0,394,464
D:\SEM 7\CVProject\datasets\bottles_occluded\image_31.jpg,1031,184,1576,510
D:\SEM 7\CVProject\datasets\bottles_occluded\image_31.jpg,709,1319,1370,1583
D:\SEM 7\CVProject\datasets\bottles_occluded\image_31.jpg,923,972,1553,1232
D:\SEM 7\CVProject\datasets\bottles_occluded\image_31.jpg,33,2439,381,2900
D:\SEM 7\CVProject\datasets\bottles_occluded\image_31.jpg,1083,3691,1485,4031
D:\SEM 7\CVProject\datasets\bottles_occluded\image_31.jpg,787,652,982,1188
D:\SEM 7\CVProject\datasets\bottles_occluded\image_31.jpg,0,2298,235,2718
D:\SEM 7\CVProject\datasets\bottles_occluded\image_31.jpg,908,0,1383,193
D:\SEM 7\CVProject\datasets\bottles_occluded\image_31.jpg,1464,2110,1575,2729
D:\SEM 7\CVProject\datasets\bottles_occluded\image_31.jpg,1030,560,1418,729
D:\SEM 7\CVProject\datasets\bottles_occluded\image_31.jpg,1793,3411,2033,3667
D:\SEM 7\CVProject\datasets\bottles_occluded\image_31.jpg,1254,759,1426,1044
D:\SEM 7\CVProject\datasets\bottles_occluded\image_31.jpg,0,2656,143,2978
D:\SEM 7\CVProject\datasets\bottles_occluded\image_31.jpg,979,2133,1067,2540
D:\SEM 7\CVProject\datasets\bottles_occluded\image_31.jpg,2525,1882,2697,2055
D:\SEM 7\CVProject\datasets\bottles_occluded\image_31.jpg,884,2246,996,2493
D:\SEM 7\CVProject\datasets\bottles_occluded\image_31.jpg,258,2577,397,2775
D:\SEM 7\CVProject\datasets\bottles_occluded\image_31.jpg,1514,796,1646,985
D:\SEM 7\CVProject\datasets\bottles_occluded\image_31.jpg,1059,2304,1216,2462
D:\SEM 7\CVProject\datasets\bottles_occluded\image_31.jpg,1564,2748,1662,2996
D:\SEM 7\CVProject\datasets\bottles_occluded\image_31.jpg,1346,2838,1555,2949
D:\SEM 7\CVProject\datasets\bottles_occluded\image_31.jpg,1691,2383,1863,2509
D:\SEM 7\CVProject\datasets\bottles_occluded\image_31.jpg,749,1925,888,2080
D:\SEM 7\CVProject\datasets\bottles_occluded\image_31.jpg,2928,3371,3023,3595
D:\SEM 7\CVProject\datasets\bottles_occluded\image_31.jpg,1463,2482,1547,2732
D:\SEM 7\CVProject\datasets\bottles_occluded\image_31.jpg,1,3329,152,3468
D:\SEM 7\CVProject\datasets\bottles_occluded\image_31.jpg,1593,766,1666,1050
D:\SEM 7\CVProject\datasets\bottles_occluded\image_31.jpg,1218,2296,1344,2458
D:\SEM 7\CVProject\datasets\bottles_occluded\image_31.jpg,1773,3416,1879,3607
D:\SEM 7\CVProject\datasets\bottles_occluded\image_31.jpg,108,2527,311,2622
D:\SEM 7\CVProject\datasets\bottles_occluded\image_31.jpg,2811,3338,2935,3482
D:\SEM 7\CVProject\datasets\bottles_occluded\image_31.jpg,1523,3151,1621,3329
D:\SEM 7\CVProject\datasets\bottles_occluded\image_31.jpg,1340,2233,1404,2495
D:\SEM 7\CVProject\datasets\bottles_occluded\image_31.jpg,1247,1309,1376,1439
D:\SEM 7\CVProject\datasets\bottles_occluded\image_31.jpg,758,2128,828,2365
D:\SEM 7\CVProject\datasets\bottles_occluded\image_31.jpg,814,3017,933,3151
D:\SEM 7\CVProject\datasets\bottles_occluded\image_31.jpg,928,3321,1054,3446
D:\SEM 7\CVProject\datasets\bottles_occluded\image_31.jpg,637,39,690,334
D:\SEM 7\CVProject\datasets\bottles_occluded\image_31.jpg,5,3073,93,3251
D:\SEM 7\CVProject\datasets\bottles_occluded\image_31.jpg,753,2065,858,2214
D:\SEM 7\CVProject\datasets\bottles_occluded\image_31.jpg,2690,3533,2855,3624
D:\SEM 7\CVProject\datasets\bottles_occluded\image_31.jpg,460,3483,551,3644
D:\SEM 7\CVProject\datasets\bottles_occluded\image_31.jpg,993,2214,1051,2449
D:\SEM 7\CVProject\datasets\bottles_occluded\image_31.jpg,2839,3443,2952,3561
D:\SEM 7\CVProject\datasets\bottles_occluded\image_31.jpg,2361,2547,2463,2677
D:\SEM 7\CVProject\datasets\bottles_occluded\image_31.jpg,1643,2171,1695,2422
D:\SEM 7\CVProject\datasets\bottles_occluded\image_31.jpg,1648,3578,1790,3669
D:\SEM 7\CVProject\datasets\bottles_occluded\image_31.jpg,2718,3468,2821,3591
D:\SEM 7\CVProject\datasets\bottles_occluded\image_31.jpg,103,409,225,510
D:\SEM 7\CVProject\datasets\bottles_occluded\image_4.jpg,0,1760,3023,4031
D:\SEM 7\CVProject\datasets\bottles_occluded\image_4.jpg,143,792,2503,2232
D:\SEM 7\CVProject\datasets\bottles_occluded\image_4.jpg,1695,0,2826,2299
D:\SEM 7\CVProject\datasets\bottles_occluded\image_4.jpg,828,1875,2325,3170
D:\SEM 7\CVProject\datasets\bottles_occluded\image_4.jpg,1330,1068,2531,2443
D:\SEM 7\CVProject\datasets\bottles_occluded\image_4.jpg,0,426,930,1719
D:\SEM 7\CVProject\datasets\bottles_occluded\image_4.jpg,2119,2777,3023,4031
D:\SEM 7\CVProject\datasets\bottles_occluded\image_4.jpg,896,0,1867,582
D:\SEM 7\CVProject\datasets\bottles_occluded\image_4.jpg,1356,2793,2122,3336
D:\SEM 7\CVProject\datasets\bottles_occluded\image_4.jpg,2605,0,2860,1052
D:\SEM 7\CVProject\datasets\bottles_occluded\image_4.jpg,0,908,255,1758
D:\SEM 7\CVProject\datasets\bottles_occluded\image_4.jpg,2478,0,2724,852
D:\SEM 7\CVProject\datasets\bottles_occluded\image_4.jpg,1178,1879,1491,2410
D:\SEM 7\CVProject\datasets\bottles_occluded\image_4.jpg,1442,1896,1722,2425
D:\SEM 7\CVProject\datasets\bottles_occluded\image_4.jpg,1222,2561,1702,2858
D:\SEM 7\CVProject\datasets\bottles_occluded\image_4.jpg,1288,932,1623,1274
D:\SEM 7\CVProject\datasets\bottles_occluded\image_4.jpg,1363,1916,1678,2200
D:\SEM 7\CVProject\datasets\bottles_occluded\image_4.jpg,246,1722,410,2225
D:\SEM 7\CVProject\datasets\bottles_occluded\image_4.jpg,0,1684,284,1959
D:\SEM 7\CVProject\datasets\bottles_occluded\image_4.jpg,1388,2898,1763,3076
D:\SEM 7\CVProject\datasets\bottles_occluded\image_4.jpg,2024,3571,2257,3821
D:\SEM 7\CVProject\datasets\bottles_occluded\image_4.jpg,1174,1482,1517,1648
D:\SEM 7\CVProject\datasets\bottles_occluded\image_4.jpg,2840,2857,3023,3138
D:\SEM 7\CVProject\datasets\bottles_occluded\image_4.jpg,1213,1364,1555,1511
D:\SEM 7\CVProject\datasets\bottles_occluded\image_4.jpg,1513,3802,1732,4031
D:\SEM 7\CVProject\datasets\bottles_occluded\image_4.jpg,1357,940,1608,1128
D:\SEM 7\CVProject\datasets\bottles_occluded\image_4.jpg,193,3036,355,3303
D:\SEM 7\CVProject\datasets\bottles_occluded\image_4.jpg,1410,2669,1677,2826
D:\SEM 7\CVProject\datasets\bottles_occluded\image_4.jpg,523,2251,715,2435
D:\SEM 7\CVProject\datasets\bottles_occluded\image_4.jpg,1298,936,1488,1120
D:\SEM 7\CVProject\datasets\bottles_occluded\image_4.jpg,690,3808,846,4031
D:\SEM 7\CVProject\datasets\bottles_occluded\image_4.jpg,1398,2912,1582,3090
D:\SEM 7\CVProject\datasets\bottles_occluded\image_4.jpg,1951,3767,2114,3965
D:\SEM 7\CVProject\datasets\bottles_occluded\image_4.jpg,1260,2696,1421,2895
D:\SEM 7\CVProject\datasets\bottles_occluded\image_4.jpg,1527,2384,1732,2539
D:\SEM 7\CVProject\datasets\bottles_occluded\image_4.jpg,1076,3798,1230,4003
D:\SEM 7\CVProject\datasets\bottles_occluded\image_4.jpg,1399,2020,1522,2276
D:\SEM 7\CVProject\datasets\bottles_occluded\image_4.jpg,1216,2327,1405,2493
D:\SEM 7\CVProject\datasets\bottles_occluded\image_4.jpg,735,2493,955,2623
D:\SEM 7\CVProject\datasets\bottles_occluded\image_4.jpg,2783,3160,2988,3297
D:\SEM 7\CVProject\datasets\bottles_occluded\image_4.jpg,0,3188,103,3446
D:\SEM 7\CVProject\datasets\bottles_occluded\image_4.jpg,1633,3708,1783,3872
D:\SEM 7\CVProject\datasets\bottles_occluded\image_4.jpg,2263,3464,2427,3612
D:\SEM 7\CVProject\datasets\bottles_occluded\image_4.jpg,810,3192,978,3317
D:\SEM 7\CVProject\datasets\bottles_occluded\image_4.jpg,1298,3180,1390,3405
D:\SEM 7\CVProject\datasets\bottles_occluded\image_4.jpg,2786,3424,2973,3530
D:\SEM 7\CVProject\datasets\bottles_occluded\image_4.jpg,924,3838,1072,3970
D:\SEM 7\CVProject\datasets\bottles_occluded\image_4.jpg,462,3434,622,3555
D:\SEM 7\CVProject\datasets\bottles_occluded\image_4.jpg,754,2644,930,2751
D:\SEM 7\CVProject\datasets\bottles_occluded\image_4.jpg,778,2720,953,2822
D:\SEM 7\CVProject\datasets\bottles_occluded\image_4.jpg,1036,1500,1153,1651
D:\SEM 7\CVProject\datasets\bottles_occluded\image_4.jpg,1078,2894,1233,3006
D:\SEM 7\CVProject\datasets\bottles_occluded\image_4.jpg,861,2339,1011,2453
D:\SEM 7\CVProject\datasets\bottles_occluded\image_4.jpg,798,3900,921,4031
D:\SEM 7\CVProject\datasets\bottles_occluded\image_4.jpg,1473,2403,1662,2488
D:\SEM 7\CVProject\datasets\bottles_occluded\image_4.jpg,1729,1873,1898,1967
D:\SEM 7\CVProject\datasets\bottles_occluded\image_4.jpg,187,3374,283,3539
D:\SEM 7\CVProject\datasets\bottles_occluded\image_4.jpg,115,3045,221,3193
D:\SEM 7\CVProject\datasets\bottles_occluded\image_4.jpg,1198,2333,1280,2516
D:\SEM 7\CVProject\datasets\bottles_occluded\image_4.jpg,2819,3362,2953,3469
D:\SEM 7\CVProject\datasets\bottles_occluded\image_4.jpg,1573,2591,1694,2709
D:\SEM 7\CVProject\datasets\bottles_occluded\image_4.jpg,1214,2428,1291,2612
D:\SEM 7\CVProject\datasets\bottles_occluded\image_4.jpg,1474,951,1601,1062
D:\SEM 7\CVProject\datasets\bottles_occluded\image_4.jpg,94,3339,237,3436
D:\SEM 7\CVProject\datasets\bottles_occluded\image_4.jpg,1405,2949,1520,3069
D:\SEM 7\CVProject\datasets\bottles_occluded\image_4.jpg,1516,2075,1602,2235
D:\SEM 7\CVProject\datasets\bottles_occluded\image_4.jpg,1467,2025,1522,2265
D:\SEM 7\CVProject\datasets\bottles_occluded\image_4.jpg,2689,3396,2790,3527
D:\SEM 7\CVProject\datasets\bottles_occluded\image_4.jpg,1366,3746,1435,3936
D:\SEM 7\CVProject\datasets\bottles_occluded\image_4.jpg,1601,2035,1667,2224
D:\SEM 7\CVProject\datasets\bottles_occluded\image_4.jpg,1408,3893,1527,3997
D:\SEM 7\CVProject\datasets\bottles_occluded\image_4.jpg,1300,2550,1461,2625
D:\SEM 7\CVProject\datasets\bottles_occluded\image_4.jpg,0,3942,135,4031
D:\SEM 7\CVProject\datasets\bottles_occluded\image_4.jpg,1264,2608,1352,2744
D:\SEM 7\CVProject\datasets\bottles_occluded\image_5.jpg,745,352,3023,4031
D:\SEM 7\CVProject\datasets\bottles_occluded\image_5.jpg,0,0,2182,1867
D:\SEM 7\CVProject\datasets\bottles_occluded\image_5.jpg,605,2390,2073,4031
D:\SEM 7\CVProject\datasets\bottles_occluded\image_5.jpg,1911,2542,3023,4031
D:\SEM 7\CVProject\datasets\bottles_occluded\image_5.jpg,0,2850,954,3835
D:\SEM 7\CVProject\datasets\bottles_occluded\image_5.jpg,1945,739,2940,1593
D:\SEM 7\CVProject\datasets\bottles_occluded\image_5.jpg,741,1561,1268,2884
D:\SEM 7\CVProject\datasets\bottles_occluded\image_5.jpg,2157,48,2935,868
D:\SEM 7\CVProject\datasets\bottles_occluded\image_5.jpg,1103,1132,1708,1883
D:\SEM 7\CVProject\datasets\bottles_occluded\image_5.jpg,1069,3235,1608,4031
D:\SEM 7\CVProject\datasets\bottles_occluded\image_5.jpg,467,1543,893,2432
D:\SEM 7\CVProject\datasets\bottles_occluded\image_5.jpg,1710,1488,2260,2076
D:\SEM 7\CVProject\datasets\bottles_occluded\image_5.jpg,1336,1895,1756,2652
D:\SEM 7\CVProject\datasets\bottles_occluded\image_5.jpg,2248,2182,2794,2764
D:\SEM 7\CVProject\datasets\bottles_occluded\image_5.jpg,756,2186,1298,2767
D:\SEM 7\CVProject\datasets\bottles_occluded\image_5.jpg,96,1536,675,2074
D:\SEM 7\CVProject\datasets\bottles_occluded\image_5.jpg,823,3353,1278,4031
D:\SEM 7\CVProject\datasets\bottles_occluded\image_5.jpg,1596,1259,2173,1774
D:\SEM 7\CVProject\datasets\bottles_occluded\image_5.jpg,141,3421,655,3952
D:\SEM 7\CVProject\datasets\bottles_occluded\image_5.jpg,258,3614,907,4031
D:\SEM 7\CVProject\datasets\bottles_occluded\image_5.jpg,1105,339,1602,881
D:\SEM 7\CVProject\datasets\bottles_occluded\image_5.jpg,430,2436,802,3069
D:\SEM 7\CVProject\datasets\bottles_occluded\image_5.jpg,0,1702,339,2396
D:\SEM 7\CVProject\datasets\bottles_occluded\image_5.jpg,1595,761,2121,1193
D:\SEM 7\CVProject\datasets\bottles_occluded\image_5.jpg,2701,1037,3023,1735
D:\SEM 7\CVProject\datasets\bottles_occluded\image_5.jpg,2532,1592,3007,2059
D:\SEM 7\CVProject\datasets\bottles_occluded\image_5.jpg,426,58,982,452
D:\SEM 7\CVProject\datasets\bottles_occluded\image_5.jpg,360,2715,651,3358
D:\SEM 7\CVProject\datasets\bottles_occluded\image_5.jpg,54,1408,646,1713
D:\SEM 7\CVProject\datasets\bottles_occluded\image_5.jpg,1037,2010,1420,2467
D:\SEM 7\CVProject\datasets\bottles_occluded\image_5.jpg,1791,2926,2095,3469
D:\SEM 7\CVProject\datasets\bottles_occluded\image_5.jpg,117,2506,571,2868
D:\SEM 7\CVProject\datasets\bottles_occluded\image_5.jpg,0,3630,409,4031
D:\SEM 7\CVProject\datasets\bottles_occluded\image_5.jpg,269,3319,622,3752
D:\SEM 7\CVProject\datasets\bottles_occluded\image_5.jpg,2623,2925,3023,3303
D:\SEM 7\CVProject\datasets\bottles_occluded\image_5.jpg,1910,1011,2371,1335
D:\SEM 7\CVProject\datasets\bottles_occluded\image_5.jpg,6,5,398,364
D:\SEM 7\CVProject\datasets\bottles_occluded\image_5.jpg,2725,3572,3023,4031
D:\SEM 7\CVProject\datasets\bottles_occluded\image_5.jpg,936,1857,1345,2186
D:\SEM 7\CVProject\datasets\bottles_occluded\image_5.jpg,2763,723,3023,1232
D:\SEM 7\CVProject\datasets\bottles_occluded\image_5.jpg,1074,240,1485,560
D:\SEM 7\CVProject\datasets\bottles_occluded\image_5.jpg,2668,564,2982,957
D:\SEM 7\CVProject\datasets\bottles_occluded\image_5.jpg,942,2831,1352,3129
D:\SEM 7\CVProject\datasets\bottles_occluded\image_5.jpg,37,1682,437,1975
D:\SEM 7\CVProject\datasets\bottles_occluded\image_5.jpg,2250,2183,2594,2508
D:\SEM 7\CVProject\datasets\bottles_occluded\image_5.jpg,1839,1521,2087,1955
D:\SEM 7\CVProject\datasets\bottles_occluded\image_5.jpg,656,1207,984,1517
D:\SEM 7\CVProject\datasets\bottles_occluded\image_5.jpg,2068,0,2369,337
D:\SEM 7\CVProject\datasets\bottles_occluded\image_5.jpg,0,1037,280,1397
D:\SEM 7\CVProject\datasets\bottles_occluded\image_5.jpg,962,1945,1094,2701
D:\SEM 7\CVProject\datasets\bottles_occluded\image_5.jpg,430,616,722,956
D:\SEM 7\CVProject\datasets\bottles_occluded\image_5.jpg,20,2488,232,2955
D:\SEM 7\CVProject\datasets\bottles_occluded\image_5.jpg,226,1966,494,2317
D:\SEM 7\CVProject\datasets\bottles_occluded\image_5.jpg,2160,2040,2418,2390
D:\SEM 7\CVProject\datasets\bottles_occluded\image_5.jpg,492,2750,749,3100
D:\SEM 7\CVProject\datasets\bottles_occluded\image_5.jpg,1590,1400,1966,1639
D:\SEM 7\CVProject\datasets\bottles_occluded\image_5.jpg,1361,155,1613,509
D:\SEM 7\CVProject\datasets\bottles_occluded\image_5.jpg,1653,1904,1835,2389
D:\SEM 7\CVProject\datasets\bottles_occluded\image_5.jpg,1896,0,2157,338
D:\SEM 7\CVProject\datasets\bottles_occluded\image_5.jpg,45,2187,255,2589
D:\SEM 7\CVProject\datasets\bottles_occluded\image_5.jpg,1881,1830,2212,2081
D:\SEM 7\CVProject\datasets\bottles_occluded\image_5.jpg,750,2769,1066,3025
D:\SEM 7\CVProject\datasets\bottles_occluded\image_5.jpg,2347,2192,2714,2411
D:\SEM 7\CVProject\datasets\bottles_occluded\image_5.jpg,1977,1513,2189,1892
D:\SEM 7\CVProject\datasets\bottles_occluded\image_5.jpg,1037,2378,1263,2729
D:\SEM 7\CVProject\datasets\bottles_occluded\image_5.jpg,1469,1902,1732,2186
D:\SEM 7\CVProject\datasets\bottles_occluded\image_5.jpg,2345,1523,2702,1730
D:\SEM 7\CVProject\datasets\bottles_occluded\image_5.jpg,2238,2444,2484,2743
D:\SEM 7\CVProject\datasets\bottles_occluded\image_5.jpg,414,2212,755,2426
D:\SEM 7\CVProject\datasets\bottles_occluded\image_5.jpg,1669,797,1948,1054
D:\SEM 7\CVProject\datasets\bottles_occluded\image_5.jpg,2025,3563,2206,3958
D:\SEM 7\CVProject\datasets\bottles_occluded\image_5.jpg,978,3737,1221,4031
D:\SEM 7\CVProject\datasets\bottles_occluded\image_5.jpg,2117,1490,2408,1731
D:\SEM 7\CVProject\datasets\bottles_occluded\image_5.jpg,2543,476,2805,736
D:\SEM 7\CVProject\datasets\bottles_occluded\image_5.jpg,2260,95,2479,406
D:\SEM 7\CVProject\datasets\bottles_occluded\image_5.jpg,2578,1294,2892,1508
D:\SEM 7\CVProject\datasets\bottles_occluded\image_5.jpg,2847,1,3023,380
D:\SEM 7\CVProject\datasets\bottles_occluded\image_5.jpg,768,622,978,933
D:\SEM 7\CVProject\datasets\bottles_occluded\image_5.jpg,2862,535,3023,922
D:\SEM 7\CVProject\datasets\bottles_occluded\image_5.jpg,2048,1516,2297,1762
D:\SEM 7\CVProject\datasets\bottles_occluded\image_5.jpg,0,2725,154,3119
D:\SEM 7\CVProject\datasets\bottles_occluded\image_5.jpg,1962,1636,2110,2038
D:\SEM 7\CVProject\datasets\bottles_occluded\image_5.jpg,1390,2470,1551,2838
D:\SEM 7\CVProject\datasets\bottles_occluded\image_5.jpg,2411,2529,2662,2762
D:\SEM 7\CVProject\datasets\bottles_occluded\image_5.jpg,2195,628,2435,871
D:\SEM 7\CVProject\datasets\bottles_occluded\image_5.jpg,2596,2328,2787,2632
D:\SEM 7\CVProject\datasets\bottles_occluded\image_5.jpg,1136,266,1361,524
D:\SEM 7\CVProject\datasets\bottles_occluded\image_5.jpg,993,0,1233,236
D:\SEM 7\CVProject\datasets\bottles_occluded\image_5.jpg,2704,1508,2912,1780
D:\SEM 7\CVProject\datasets\bottles_occluded\image_5.jpg,1434,1018,1663,1265
D:\SEM 7\CVProject\datasets\bottles_occluded\image_5.jpg,518,307,780,520
D:\SEM 7\CVProject\datasets\bottles_occluded\image_5.jpg,880,1396,1177,1578
D:\SEM 7\CVProject\datasets\bottles_occluded\image_5.jpg,1889,1292,2078,1578
D:\SEM 7\CVProject\datasets\bottles_occluded\image_5.jpg,2550,1254,2714,1581
D:\SEM 7\CVProject\datasets\bottles_occluded\image_5.jpg,338,1817,527,2097
D:\SEM 7\CVProject\datasets\bottles_occluded\image_5.jpg,2755,1489,3023,1682
D:\SEM 7\CVProject\datasets\bottles_occluded\image_5.jpg,1755,3258,1962,3503
D:\SEM 7\CVProject\datasets\bottles_occluded\image_5.jpg,2590,1448,2732,1801
D:\SEM 7\CVProject\datasets\bottles_occluded\image_5.jpg,2895,1944,3023,2331
D:\SEM 7\CVProject\datasets\bottles_occluded\image_5.jpg,51,2405,323,2587
D:\SEM 7\CVProject\datasets\bottles_occluded\image_5.jpg,558,3117,751,3372
D:\SEM 7\CVProject\datasets\bottles_occluded\image_5.jpg,1107,2253,1234,2635
D:\SEM 7\CVProject\datasets\bottles_occluded\image_5.jpg,0,2981,182,3247
D:\SEM 7\CVProject\datasets\bottles_occluded\image_5.jpg,211,212,359,531
D:\SEM 7\CVProject\datasets\bottles_occluded\image_5.jpg,343,2007,516,2270
D:\SEM 7\CVProject\datasets\bottles_occluded\image_5.jpg,334,180,566,376
D:\SEM 7\CVProject\datasets\bottles_occluded\image_5.jpg,859,1648,1145,1806
D:\SEM 7\CVProject\datasets\bottles_occluded\image_5.jpg,2247,1972,2373,2319
D:\SEM 7\CVProject\datasets\bottles_occluded\image_5.jpg,825,3709,958,4031
D:\SEM 7\CVProject\datasets\bottles_occluded\image_5.jpg,722,3570,891,3820
D:\SEM 7\CVProject\datasets\bottles_occluded\image_5.jpg,1087,2975,1353,3133
D:\SEM 7\CVProject\datasets\bottles_occluded\image_5.jpg,832,0,983,275
D:\SEM 7\CVProject\datasets\bottles_occluded\image_5.jpg,0,0,218,190
D:\SEM 7\CVProject\datasets\bottles_occluded\image_5.jpg,2323,2202,2486,2455
D:\SEM 7\CVProject\datasets\bottles_occluded\image_5.jpg,1369,2200,1513,2484
D:\SEM 7\CVProject\datasets\bottles_occluded\image_5.jpg,1094,2727,1345,2889
D:\SEM 7\CVProject\datasets\bottles_occluded\image_5.jpg,228,2167,427,2369
D:\SEM 7\CVProject\datasets\bottles_occluded\image_5.jpg,1905,2693,2140,2863
D:\SEM 7\CVProject\datasets\bottles_occluded\image_5.jpg,699,3118,800,3507
D:\SEM 7\CVProject\datasets\bottles_occluded\image_5.jpg,85,693,261,915
D:\SEM 7\CVProject\datasets\bottles_occluded\image_5.jpg,2227,2567,2435,2753
D:\SEM 7\CVProject\datasets\bottles_occluded\image_5.jpg,203,1918,425,2092
D:\SEM 7\CVProject\datasets\bottles_occluded\image_5.jpg,98,2842,355,2990
D:\SEM 7\CVProject\datasets\bottles_occluded\image_5.jpg,288,3603,486,3794
D:\SEM 7\CVProject\datasets\bottles_occluded\image_5.jpg,398,2415,544,2672
D:\SEM 7\CVProject\datasets\bottles_occluded\image_5.jpg,2064,0,2265,186
D:\SEM 7\CVProject\datasets\bottles_occluded\image_5.jpg,1519,1010,1745,1174
D:\SEM 7\CVProject\datasets\bottles_occluded\image_5.jpg,979,2386,1075,2771
D:\SEM 7\CVProject\datasets\bottles_occluded\image_5.jpg,1080,3127,1337,3269
D:\SEM 7\CVProject\datasets\bottles_occluded\image_5.jpg,1930,2041,2155,2203
D:\SEM 7\CVProject\datasets\bottles_occluded\image_5.jpg,1,871,98,1245
D:\SEM 7\CVProject\datasets\bottles_occluded\image_5.jpg,875,2998,1020,3248
D:\SEM 7\CVProject\datasets\bottles_occluded\image_5.jpg,549,1592,747,1774
D:\SEM 7\CVProject\datasets\bottles_occluded\image_5.jpg,1105,3253,1341,3405
D:\SEM 7\CVProject\datasets\bottles_occluded\image_5.jpg,0,339,217,504
D:\SEM 7\CVProject\datasets\bottles_occluded\image_5.jpg,1819,0,2040,158
D:\SEM 7\CVProject\datasets\bottles_occluded\image_5.jpg,344,942,508,1154
D:\SEM 7\CVProject\datasets\bottles_occluded\image_5.jpg,1718,2366,1898,2557
D:\SEM 7\CVProject\datasets\bottles_occluded\image_5.jpg,2120,3283,2248,3551
D:\SEM 7\CVProject\datasets\bottles_occluded\image_5.jpg,848,2740,1067,2896
D:\SEM 7\CVProject\datasets\bottles_occluded\image_5.jpg,332,2496,492,2709
D:\SEM 7\CVProject\datasets\bottles_occluded\image_5.jpg,39,3860,237,4031
D:\SEM 7\CVProject\datasets\bottles_occluded\image_5.jpg,2778,3865,2980,4031
D:\SEM 7\CVProject\datasets\bottles_occluded\image_5.jpg,0,2007,192,2171
D:\SEM 7\CVProject\datasets\bottles_occluded\image_5.jpg,0,3735,155,3938
D:\SEM 7\CVProject\datasets\bottles_occluded\image_5.jpg,2271,1821,2426,2021
D:\SEM 7\CVProject\datasets\bottles_occluded\image_5.jpg,2245,0,2372,238
D:\SEM 7\CVProject\datasets\bottles_occluded\image_5.jpg,1455,175,1576,424
D:\SEM 7\CVProject\datasets\bottles_occluded\image_5.jpg,0,3296,173,3470
D:\SEM 7\CVProject\datasets\bottles_occluded\image_5.jpg,315,1189,478,1373
D:\SEM 7\CVProject\datasets\bottles_occluded\image_5.jpg,37,465,159,710
D:\SEM 7\CVProject\datasets\bottles_occluded\image_5.jpg,1666,1201,1879,1339
D:\SEM 7\CVProject\datasets\bottles_occluded\image_5.jpg,529,3705,645,3958
D:\SEM 7\CVProject\datasets\bottles_occluded\image_5.jpg,591,148,730,359
D:\SEM 7\CVProject\datasets\bottles_occluded\image_5.jpg,0,2601,147,2800
D:\SEM 7\CVProject\datasets\bottles_occluded\image_5.jpg,948,2932,1184,3055
D:\SEM 7\CVProject\datasets\bottles_occluded\image_5.jpg,1585,1442,1721,1653
D:\SEM 7\CVProject\datasets\bottles_occluded\image_5.jpg,968,463,1099,681
D:\SEM 7\CVProject\datasets\bottles_occluded\image_5.jpg,147,3433,346,3576
D:\SEM 7\CVProject\datasets\bottles_occluded\image_5.jpg,0,3110,172,3274
D:\SEM 7\CVProject\datasets\bottles_occluded\image_5.jpg,1765,122,1973,257
D:\SEM 7\CVProject\datasets\bottles_occluded\image_5.jpg,298,3552,450,3736
D:\SEM 7\CVProject\datasets\bottles_occluded\image_5.jpg,928,0,1173,114
D:\SEM 7\CVProject\datasets\bottles_occluded\image_5.jpg,327,2330,443,2570
D:\SEM 7\CVProject\datasets\bottles_occluded\image_5.jpg,2774,564,2990,692
D:\SEM 7\CVProject\datasets\bottles_occluded\image_5.jpg,2111,578,2184,955
D:\SEM 7\CVProject\datasets\bottles_occluded\image_5.jpg,490,891,658,1055
D:\SEM 7\CVProject\datasets\bottles_occluded\image_5.jpg,693,298,849,473
D:\SEM 7\CVProject\datasets\bottles_occluded\image_5.jpg,1474,461,1680,593
D:\SEM 7\CVProject\datasets\bottles_occluded\image_5.jpg,849,1081,973,1300
D:\SEM 7\CVProject\datasets\bottles_occluded\image_5.jpg,293,3352,429,3551
D:\SEM 7\CVProject\datasets\bottles_occluded\image_5.jpg,626,598,826,732
D:\SEM 7\CVProject\datasets\bottles_occluded\image_5.jpg,2563,2166,2787,2285
D:\SEM 7\CVProject\datasets\bottles_occluded\image_5.jpg,1900,656,2004,912
D:\SEM 7\CVProject\datasets\bottles_occluded\image_5.jpg,1983,1746,2106,1961
D:\SEM 7\CVProject\datasets\bottles_occluded\image_5.jpg,471,955,622,1128
D:\SEM 7\CVProject\datasets\bottles_occluded\image_5.jpg,2471,2056,2660,2194
D:\SEM 7\CVProject\datasets\bottles_occluded\image_5.jpg,2843,123,2991,299
D:\SEM 7\CVProject\datasets\bottles_occluded\image_5.jpg,1559,1141,1744,1281
D:\SEM 7\CVProject\datasets\bottles_occluded\image_5.jpg,655,3759,750,4031
D:\SEM 7\CVProject\datasets\bottles_occluded\image_5.jpg,2748,738,2872,943
D:\SEM 7\CVProject\datasets\bottles_occluded\image_5.jpg,231,3213,396,3367
D:\SEM 7\CVProject\datasets\bottles_occluded\image_5.jpg,1094,1673,1276,1812
D:\SEM 7\CVProject\datasets\bottles_occluded\image_5.jpg,2363,1737,2556,1867
D:\SEM 7\CVProject\datasets\bottles_occluded\image_5.jpg,0,207,146,378
D:\SEM 7\CVProject\datasets\bottles_occluded\image_5.jpg,1035,2344,1175,2521
D:\SEM 7\CVProject\datasets\bottles_occluded\image_5.jpg,2167,1308,2307,1484
D:\SEM 7\CVProject\datasets\bottles_occluded\image_5.jpg,2634,2395,2788,2555
D:\SEM 7\CVProject\datasets\bottles_occluded\image_5.jpg,207,2152,304,2405
D:\SEM 7\CVProject\datasets\bottles_occluded\image_5.jpg,911,2355,996,2641
D:\SEM 7\CVProject\datasets\bottles_occluded\image_5.jpg,529,1408,643,1619
D:\SEM 7\CVProject\datasets\bottles_occluded\image_5.jpg,1443,1925,1608,2070
D:\SEM 7\CVProject\datasets\bottles_occluded\image_5.jpg,225,116,439,226
D:\SEM 7\CVProject\datasets\bottles_occluded\image_5.jpg,2710,1895,2853,2059
D:\SEM 7\CVProject\datasets\bottles_occluded\image_5.jpg,1,2309,98,2549
D:\SEM 7\CVProject\datasets\bottles_occluded\image_5.jpg,973,3051,1060,3313
D:\SEM 7\CVProject\datasets\bottles_occluded\image_5.jpg,1,1098,110,1306
D:\SEM 7\CVProject\datasets\bottles_occluded\image_5.jpg,1102,1192,1223,1378
D:\SEM 7\CVProject\datasets\bottles_occluded\image_5.jpg,1144,339,1321,466
D:\SEM 7\CVProject\datasets\bottles_occluded\image_5.jpg,2707,2244,2866,2385
D:\SEM 7\CVProject\datasets\bottles_occluded\image_5.jpg,836,1625,997,1764
D:\SEM 7\CVProject\datasets\bottles_occluded\image_5.jpg,2163,1878,2258,2113
D:\SEM 7\CVProject\datasets\bottles_occluded\image_5.jpg,166,1900,263,2130
D:\SEM 7\CVProject\datasets\bottles_occluded\image_5.jpg,382,3191,455,3495
D:\SEM 7\CVProject\datasets\bottles_occluded\image_5.jpg,910,910,1049,1070
D:\SEM 7\CVProject\datasets\bottles_occluded\image_5.jpg,1684,0,1834,147
D:\SEM 7\CVProject\datasets\bottles_occluded\image_5.jpg,544,2421,762,2519
D:\SEM 7\CVProject\datasets\bottles_occluded\image_5.jpg,519,3333,630,3525
D:\SEM 7\CVProject\datasets\bottles_occluded\image_5.jpg,2352,2176,2449,2392
D:\SEM 7\CVProject\datasets\bottles_occluded\image_5.jpg,2090,188,2237,330
D:\SEM 7\CVProject\datasets\bottles_occluded\image_5.jpg,1065,276,1207,423
D:\SEM 7\CVProject\datasets\bottles_occluded\image_5.jpg,1371,1104,1493,1275
D:\SEM 7\CVProject\datasets\bottles_occluded\image_5.jpg,671,2232,777,2428
D:\SEM 7\CVProject\datasets\bottles_occluded\image_5.jpg,307,2303,436,2464
D:\SEM 7\CVProject\datasets\bottles_occluded\image_5.jpg,430,2541,533,2741
D:\SEM 7\CVProject\datasets\bottles_occluded\image_5.jpg,0,1572,94,1791
D:\SEM 7\CVProject\datasets\bottles_occluded\image_5.jpg,1498,891,1598,1096
D:\SEM 7\CVProject\datasets\bottles_occluded\image_5.jpg,281,2784,440,2913
D:\SEM 7\CVProject\datasets\bottles_occluded\image_5.jpg,581,2232,681,2436
D:\SEM 7\CVProject\datasets\bottles_occluded\image_5.jpg,628,2735,749,2903
D:\SEM 7\CVProject\datasets\bottles_occluded\image_5.jpg,1628,1049,1777,1185
D:\SEM 7\CVProject\datasets\bottles_occluded\image_5.jpg,0,2208,131,2362
D:\SEM 7\CVProject\datasets\bottles_occluded\image_5.jpg,2136,1301,2244,1487
D:\SEM 7\CVProject\datasets\bottles_occluded\image_5.jpg,1,3310,74,3583
D:\SEM 7\CVProject\datasets\bottles_occluded\image_5.jpg,1928,2028,2119,2132
D:\SEM 7\CVProject\datasets\bottles_occluded\image_5.jpg,466,2326,594,2481
D:\SEM 7\CVProject\datasets\bottles_occluded\image_5.jpg,953,592,1087,740
D:\SEM 7\CVProject\datasets\bottles_occluded\image_5.jpg,85,989,173,1214
D:\SEM 7\CVProject\datasets\bottles_occluded\image_5.jpg,662,3583,766,3771
D:\SEM 7\CVProject\datasets\bottles_occluded\image_5.jpg,1901,1105,1999,1304
D:\SEM 7\CVProject\datasets\bottles_occluded\image_5.jpg,662,1866,782,2028
D:\SEM 7\CVProject\datasets\bottles_occluded\image_5.jpg,1786,620,1933,752
D:\SEM 7\CVProject\datasets\bottles_occluded\image_5.jpg,1751,880,1888,1021
D:\SEM 7\CVProject\datasets\bottles_occluded\image_5.jpg,1705,851,1840,994
D:\SEM 7\CVProject\datasets\bottles_occluded\image_5.jpg,2462,2573,2571,2750
D:\SEM 7\CVProject\datasets\bottles_occluded\image_5.jpg,2591,1552,2677,1776
D:\SEM 7\CVProject\datasets\bottles_occluded\image_5.jpg,1557,1331,1641,1560
D:\SEM 7\CVProject\datasets\bottles_occluded\image_5.jpg,2594,2388,2702,2566
D:\SEM 7\CVProject\datasets\bottles_occluded\image_5.jpg,525,2517,636,2690
D:\SEM 7\CVProject\datasets\bottles_occluded\image_5.jpg,272,3685,408,3825
D:\SEM 7\CVProject\datasets\bottles_occluded\image_5.jpg,2701,70,2833,213
D:\SEM 7\CVProject\datasets\bottles_occluded\image_5.jpg,1316,1748,1508,1846
D:\SEM 7\CVProject\datasets\bottles_occluded\image_5.jpg,264,320,373,492
D:\SEM 7\CVProject\datasets\bottles_occluded\image_5.jpg,1580,342,1687,517
D:\SEM 7\CVProject\datasets\bottles_occluded\image_5.jpg,2229,3760,2334,3938
D:\SEM 7\CVProject\datasets\bottles_occluded\image_5.jpg,2651,3535,2727,3780
D:\SEM 7\CVProject\datasets\bottles_occluded\image_5.jpg,587,1067,684,1259
D:\SEM 7\CVProject\datasets\bottles_occluded\image_5.jpg,2140,2478,2231,2682
D:\SEM 7\CVProject\datasets\bottles_occluded\image_5.jpg,1420,1225,1528,1397
D:\SEM 7\CVProject\datasets\bottles_occluded\image_5.jpg,991,1993,1066,2239
D:\SEM 7\CVProject\datasets\bottles_occluded\image_5.jpg,859,58,977,214
D:\SEM 7\CVProject\datasets\bottles_occluded\image_5.jpg,116,3056,230,3217
D:\SEM 7\CVProject\datasets\bottles_occluded\image_5.jpg,60,0,219,115
D:\SEM 7\CVProject\datasets\bottles_occluded\image_5.jpg,359,73,467,242
D:\SEM 7\CVProject\datasets\bottles_occluded\image_5.jpg,684,2076,770,2287
D:\SEM 7\CVProject\datasets\bottles_occluded\image_5.jpg,1204,1136,1334,1275
D:\SEM 7\CVProject\datasets\bottles_occluded\image_5.jpg,850,2269,893,2684
D:\SEM 7\CVProject\datasets\bottles_occluded\image_5.jpg,1776,1772,1855,1999
D:\SEM 7\CVProject\datasets\bottles_occluded\image_5.jpg,1267,18,1375,184
D:\SEM 7\CVProject\datasets\bottles_occluded\image_5.jpg,1624,3871,1736,4031
D:\SEM 7\CVProject\datasets\bottles_occluded\image_5.jpg,2501,0,2702,89
D:\SEM 7\CVProject\datasets\bottles_occluded\image_5.jpg,2904,1309,3023,1459
D:\SEM 7\CVProject\datasets\bottles_occluded\image_5.jpg,1047,3043,1099,3382
D:\SEM 7\CVProject\datasets\bottles_occluded\image_5.jpg,1878,854,2047,959
D:\SEM 7\CVProject\datasets\bottles_occluded\image_5.jpg,1047,3912,1196,4031
D:\SEM 7\CVProject\datasets\bottles_occluded\image_5.jpg,2180,1721,2299,1870
D:\SEM 7\CVProject\datasets\bottles_occluded\image_5.jpg,1209,2039,1343,2171
D:\SEM 7\CVProject\datasets\bottles_occluded\image_5.jpg,2915,392,3023,554
D:\SEM 7\CVProject\datasets\bottles_occluded\image_5.jpg,1785,0,1890,166
D:\SEM 7\CVProject\datasets\bottles_occluded\image_5.jpg,111,2618,207,2799
D:\SEM 7\CVProject\datasets\bottles_occluded\image_5.jpg,2213,1547,2317,1714
D:\SEM 7\CVProject\datasets\bottles_occluded\image_5.jpg,1056,513,1166,670
D:\SEM 7\CVProject\datasets\bottles_occluded\image_5.jpg,2159,1456,2324,1560
D:\SEM 7\CVProject\datasets\bottles_occluded\image_5.jpg,809,3532,892,3737
D:\SEM 7\CVProject\datasets\bottles_occluded\image_5.jpg,2247,2034,2310,2302
D:\SEM 7\CVProject\datasets\bottles_occluded\image_5.jpg,575,3327,754,3421
D:\SEM 7\CVProject\datasets\bottles_occluded\image_5.jpg,1004,51,1078,278
D:\SEM 7\CVProject\datasets\bottles_occluded\image_5.jpg,590,3546,767,3641
D:\SEM 7\CVProject\datasets\bottles_occluded\image_5.jpg,659,2453,759,2621
D:\SEM 7\CVProject\datasets\bottles_occluded\image_5.jpg,57,1621,169,1771
D:\SEM 7\CVProject\datasets\bottles_occluded\image_5.jpg,1600,0,1715,146
D:\SEM 7\CVProject\datasets\bottles_occluded\image_5.jpg,642,3025,743,3191
D:\SEM 7\CVProject\datasets\bottles_occluded\image_5.jpg,1347,1544,1455,1699
D:\SEM 7\CVProject\datasets\bottles_occluded\image_5.jpg,1924,213,2082,318
D:\SEM 7\CVProject\datasets\bottles_occluded\image_5.jpg,462,2762,584,2898
D:\SEM 7\CVProject\datasets\bottles_occluded\image_5.jpg,1316,1448,1423,1603
D:\SEM 7\CVProject\datasets\bottles_occluded\image_5.jpg,1,3263,129,3392
D:\SEM 7\CVProject\datasets\bottles_occluded\image_5.jpg,2580,870,2707,1000
D:\SEM 7\CVProject\datasets\bottles_occluded\image_5.jpg,2296,1138,2432,1259
D:\SEM 7\CVProject\datasets\bottles_occluded\image_5.jpg,620,3599,739,3737
D:\SEM 7\CVProject\datasets\bottles_occluded\image_5.jpg,2036,2108,2174,2226
D:\SEM 7\CVProject\datasets\bottles_occluded\image_5.jpg,491,1066,585,1239
D:\SEM 7\CVProject\datasets\bottles_occluded\image_5.jpg,1,921,56,1215
D:\SEM 7\CVProject\datasets\bottles_occluded\image_5.jpg,1756,3305,1872,3445
D:\SEM 7\CVProject\datasets\bottles_occluded\image_5.jpg,360,3704,464,3860
D:\SEM 7\CVProject\datasets\bottles_occluded\image_5.jpg,2484,2346,2595,2492
D:\SEM 7\CVProject\datasets\bottles_occluded\image_5.jpg,2050,711,2111,975
D:\SEM 7\CVProject\datasets\bottles_occluded\image_5.jpg,1415,397,1531,536
D:\SEM 7\CVProject\datasets\bottles_occluded\image_5.jpg,2619,1283,2712,1456
D:\SEM 7\CVProject\datasets\bottles_occluded\image_5.jpg,340,161,454,302
D:\SEM 7\CVProject\datasets\bottles_occluded\image_5.jpg,2428,1422,2527,1582
D:\SEM 7\CVProject\datasets\bottles_occluded\image_5.jpg,2122,847,2224,1002
D:\SEM 7\CVProject\datasets\bottles_occluded\image_5.jpg,277,3591,361,3779
D:\SEM 7\CVProject\datasets\bottles_occluded\image_5.jpg,570,2704,679,2849
D:\SEM 7\CVProject\datasets\bottles_occluded\image_5.jpg,916,2895,1042,3020
D:\SEM 7\CVProject\datasets\bottles_occluded\image_5.jpg,2746,32,2844,192
D:\SEM 7\CVProject\datasets\bottles_occluded\image_5.jpg,133,3573,244,3714
D:\SEM 7\CVProject\datasets\bottles_occluded\image_5.jpg,591,2621,706,2757
D:\SEM 7\CVProject\datasets\bottles_occluded\image_5.jpg,2960,3629,3023,3876
D:\SEM 7\CVProject\datasets\bottles_occluded\image_5.jpg,268,943,465,1022
D:\SEM 7\CVProject\datasets\bottles_occluded\image_5.jpg,59,1447,232,1537
D:\SEM 7\CVProject\datasets\bottles_occluded\image_5.jpg,625,2050,757,2168
D:\SEM 7\CVProject\datasets\bottles_occluded\image_5.jpg,706,3666,816,3806
D:\SEM 7\CVProject\datasets\bottles_occluded\image_5.jpg,236,503,388,604
D:\SEM 7\CVProject\datasets\bottles_occluded\image_5.jpg,654,1019,806,1120
D:\SEM 7\CVProject\datasets\bottles_occluded\image_5.jpg,1553,1000,1632,1194
D:\SEM 7\CVProject\datasets\bottles_occluded\image_5.jpg,1870,362,1978,504
D:\SEM 7\CVProject\datasets\bottles_occluded\image_5.jpg,1678,543,1811,658
D:\SEM 7\CVProject\datasets\bottles_occluded\image_5.jpg,2747,3840,2913,3932
D:\SEM 7\CVProject\datasets\bottles_occluded\image_5.jpg,528,2895,655,3015
D:\SEM 7\CVProject\datasets\bottles_occluded\image_5.jpg,2657,2064,2785,2183
D:\SEM 7\CVProject\datasets\bottles_occluded\image_5.jpg,2648,2698,2741,2860
D:\SEM 7\CVProject\datasets\bottles_occluded\image_5.jpg,2472,381,2609,491
D:\SEM 7\CVProject\datasets\bottles_occluded\image_5.jpg,2398,2483,2495,2638
D:\SEM 7\CVProject\datasets\bottles_occluded\image_5.jpg,2405,1018,2495,1185
D:\SEM 7\CVProject\datasets\bottles_occluded\image_5.jpg,2563,3584,2655,3747
D:\SEM 7\CVProject\datasets\bottles_occluded\image_5.jpg,2461,2019,2617,2115
D:\SEM 7\CVProject\datasets\bottles_occluded\image_5.jpg,114,3344,290,3429
D:\SEM 7\CVProject\datasets\bottles_occluded\image_5.jpg,178,2824,309,2937
D:\SEM 7\CVProject\datasets\bottles_occluded\image_5.jpg,1879,1054,1991,1186
D:\SEM 7\CVProject\datasets\bottles_occluded\image_5.jpg,464,2828,534,3038
D:\SEM 7\CVProject\datasets\bottles_occluded\image_5.jpg,1648,2784,1777,2898
D:\SEM 7\CVProject\datasets\bottles_occluded\image_5.jpg,1700,105,1845,206
D:\SEM 7\CVProject\datasets\bottles_occluded\image_5.jpg,1525,2666,1614,2830
D:\SEM 7\CVProject\datasets\bottles_occluded\image_5.jpg,135,1897,225,2059
D:\SEM 7\CVProject\datasets\bottles_occluded\image_5.jpg,2121,1247,2212,1407
D:\SEM 7\CVProject\datasets\bottles_occluded\image_5.jpg,2643,2360,2740,2510
D:\SEM 7\CVProject\datasets\bottles_occluded\image_5.jpg,583,176,684,320
D:\SEM 7\CVProject\datasets\bottles_occluded\image_5.jpg,2114,457,2185,661
D:\SEM 7\CVProject\datasets\bottles_occluded\image_5.jpg,2853,2039,2973,2159
D:\SEM 7\CVProject\datasets\bottles_occluded\image_5.jpg,416,3821,499,3994
D:\SEM 7\CVProject\datasets\bottles_occluded\image_5.jpg,1721,268,1816,419
D:\SEM 7\CVProject\datasets\bottles_occluded\image_5.jpg,1667,1407,1761,1559
D:\SEM 7\CVProject\datasets\bottles_occluded\image_5.jpg,2694,2504,2866,2587
D:\SEM 7\CVProject\datasets\bottles_occluded\image_5.jpg,234,3747,350,3870
D:\SEM 7\CVProject\datasets\bottles_occluded\image_5.jpg,1382,1643,1477,1793
D:\SEM 7\CVProject\datasets\bottles_occluded\image_5.jpg,2707,1636,2861,1728
D:\SEM 7\CVProject\datasets\bottles_occluded\image_5.jpg,1,1660,46,1972
D:\SEM 7\CVProject\datasets\bottles_occluded\image_5.jpg,243,2494,368,2607
D:\SEM 7\CVProject\datasets\bottles_occluded\image_5.jpg,2918,1018,2986,1224
D:\SEM 7\CVProject\datasets\bottles_occluded\image_5.jpg,369,2810,442,3002
D:\SEM 7\CVProject\datasets\bottles_occluded\image_5.jpg,63,2405,193,2513
D:\SEM 7\CVProject\datasets\bottles_occluded\image_5.jpg,674,2392,763,2549
D:\SEM 7\CVProject\datasets\bottles_occluded\image_5.jpg,294,3072,378,3238
D:\SEM 7\CVProject\datasets\bottles_occluded\image_5.jpg,119,742,241,856
D:\SEM 7\CVProject\datasets\bottles_occluded\image_5.jpg,282,2641,429,2735
D:\SEM 7\CVProject\datasets\bottles_occluded\image_5.jpg,2051,1098,2143,1248
D:\SEM 7\CVProject\datasets\bottles_occluded\image_5.jpg,17,1747,119,1882
D:\SEM 7\CVProject\datasets\bottles_occluded\image_5.jpg,1128,3507,1197,3706
D:\SEM 7\CVProject\datasets\bottles_occluded\image_5.jpg,1358,1998,1429,2191
D:\SEM 7\CVProject\datasets\bottles_occluded\image_5.jpg,2925,2832,3023,2972
D:\SEM 7\CVProject\datasets\bottles_occluded\image_5.jpg,531,2298,648,2415
D:\SEM 7\CVProject\datasets\bottles_occluded\image_5.jpg,1522,0,1637,119
D:\SEM 7\CVProject\datasets\bottles_occluded\image_5.jpg,2266,1962,2387,2075
D:\SEM 7\CVProject\datasets\bottles_occluded\image_5.jpg,1271,3775,1437,3857
D:\SEM 7\CVProject\datasets\bottles_occluded\image_5.jpg,361,197,514,286
D:\SEM 7\CVProject\datasets\bottles_occluded\image_5.jpg,258,2356,367,2481
D:\SEM 7\CVProject\datasets\bottles_occluded\image_5.jpg,876,1052,960,1214
D:\SEM 7\CVProject\datasets\bottles_occluded\image_5.jpg,1408,838,1483,1019
D:\SEM 7\CVProject\datasets\bottles_occluded\image_5.jpg,2297,1736,2473,1813
D:\SEM 7\CVProject\datasets\bottles_occluded\image_5.jpg,293,571,367,754
D:\SEM 7\CVProject\datasets\bottles_occluded\image_5.jpg,1869,183,2032,266
D:\SEM 7\CVProject\datasets\bottles_occluded\image_5.jpg,2599,79,2699,214
D:\SEM 7\CVProject\datasets\bottles_occluded\image_5.jpg,472,3743,558,3899
D:\SEM 7\CVProject\datasets\bottles_occluded\image_5.jpg,2310,367,2383,550
D:\SEM 7\CVProject\datasets\bottles_occluded\image_5.jpg,276,1210,371,1350
D:\SEM 7\CVProject\datasets\bottles_occluded\image_5.jpg,532,293,696,374
D:\SEM 7\CVProject\datasets\bottles_occluded\image_5.jpg,2784,3598,2864,3764
D:\SEM 7\CVProject\datasets\bottles_occluded\image_5.jpg,1736,2166,1804,2361
D:\SEM 7\CVProject\datasets\bottles_occluded\image_5.jpg,2452,1218,2543,1364
D:\SEM 7\CVProject\datasets\bottles_occluded\image_5.jpg,2175,1242,2234,1466
D:\SEM 7\CVProject\datasets\bottles_occluded\image_5.jpg,2229,1900,2295,2100
D:\SEM 7\CVProject\datasets\bottles_occluded\image_5.jpg,2148,1130,2236,1280
D:\SEM 7\CVProject\datasets\bottles_occluded\image_5.jpg,517,433,614,569
D:\SEM 7\CVProject\datasets\bottles_occluded\image_5.jpg,586,1571,667,1733
D:\SEM 7\CVProject\datasets\bottles_occluded\image_5.jpg,0,2844,62,3055
D:\SEM 7\CVProject\datasets\bottles_occluded\image_5.jpg,962,2041,1007,2330
D:\SEM 7\CVProject\datasets\bottles_occluded\image_5.jpg,1448,2835,1533,2989
D:\SEM 7\CVProject\datasets\bottles_occluded\image_5.jpg,1,0,70,189
D:\SEM 7\CVProject\datasets\bottles_occluded\image_5.jpg,963,3324,1068,3448
D:\SEM 7\CVProject\datasets\bottles_occluded\image_5.jpg,2934,2313,3023,2459
D:\SEM 7\CVProject\datasets\bottles_occluded\image_5.jpg,1075,2254,1189,2368
D:\SEM 7\CVProject\datasets\bottles_occluded\image_5.jpg,1211,1848,1324,1963
D:\SEM 7\CVProject\datasets\bottles_occluded\image_5.jpg,169,1390,300,1489
D:\SEM 7\CVProject\datasets\bottles_occluded\image_5.jpg,2757,1604,2884,1706
D:\SEM 7\CVProject\datasets\bottles_occluded\image_5.jpg,113,893,197,1047
D:\SEM 7\CVProject\datasets\bottles_occluded\image_5.jpg,2228,586,2361,683
D:\SEM 7\CVProject\datasets\bottles_occluded\image_5.jpg,278,3506,419,3597
D:\SEM 7\CVProject\datasets\bottles_occluded\image_5.jpg,1,2437,56,2669
D:\SEM 7\CVProject\datasets\bottles_occluded\image_5.jpg,2804,619,2892,764
D:\SEM 7\CVProject\datasets\bottles_occluded\image_5.jpg,216,3507,304,3652
D:\SEM 7\CVProject\datasets\bottles_occluded\image_5.jpg,1210,3412,1333,3515
D:\SEM 7\CVProject\datasets\bottles_occluded\image_5.jpg,646,2842,719,3014
D:\SEM 7\CVProject\datasets\bottles_occluded\image_5.jpg,2431,3584,2546,3693
D:\SEM 7\CVProject\datasets\bottles_occluded\image_5.jpg,1964,3350,2081,3457
D:\SEM 7\CVProject\datasets\bottles_occluded\image_5.jpg,1062,2974,1196,3067
D:\SEM 7\CVProject\datasets\bottles_occluded\image_5.jpg,229,2792,351,2894
D:\SEM 7\CVProject\datasets\bottles_occluded\image_5.jpg,606,2066,707,2189
D:\SEM 7\CVProject\datasets\bottles_occluded\image_5.jpg,977,2746,1092,2854
D:\SEM 7\CVProject\datasets\bottles_occluded\image_5.jpg,864,3801,945,3954
D:\SEM 7\CVProject\datasets\bottles_occluded\image_5.jpg,2786,705,2845,914
D:\SEM 7\CVProject\datasets\bottles_occluded\image_5.jpg,200,1901,245,2173
D:\SEM 7\CVProject\datasets\bottles_occluded\image_5.jpg,1225,503,1279,729
D:\SEM 7\CVProject\datasets\bottles_occluded\image_5.jpg,189,288,267,445
D:\SEM 7\CVProject\datasets\bottles_occluded\image_5.jpg,666,2848,751,2992
D:\SEM 7\CVProject\datasets\bottles_occluded\image_5.jpg,38,2288,124,2430
D:\SEM 7\CVProject\datasets\bottles_occluded\image_5.jpg,362,2308,462,2430
D:\SEM 7\CVProject\datasets\bottles_occluded\image_5.jpg,2226,66,2298,234
D:\SEM 7\CVProject\datasets\bottles_occluded\image_5.jpg,545,2374,675,2467
D:\SEM 7\CVProject\datasets\bottles_occluded\image_5.jpg,76,362,189,469
D:\SEM 7\CVProject\datasets\bottles_occluded\image_5.jpg,2307,2639,2413,2753
D:\SEM 7\CVProject\datasets\bottles_occluded\image_5.jpg,1608,625,1714,739
D:\SEM 7\CVProject\datasets\bottles_occluded\image_5.jpg,816,541,933,644
D:\SEM 7\CVProject\datasets\bottles_occluded\image_5.jpg,587,1845,653,2027
D:\SEM 7\CVProject\datasets\bottles_occluded\image_5.jpg,1149,219,1267,321
D:\SEM 7\CVProject\datasets\bottles_occluded\image_5.jpg,27,681,129,799
D:\SEM 7\CVProject\datasets\bottles_occluded\image_5.jpg,1099,3306,1178,3458
D:\SEM 7\CVProject\datasets\bottles_occluded\image_5.jpg,2139,139,2218,291
D:\SEM 7\CVProject\datasets\bottles_occluded\image_5.jpg,1482,249,1546,436
D:\SEM 7\CVProject\datasets\bottles_occluded\image_5.jpg,2969,1786,3023,2007
D:\SEM 7\CVProject\datasets\bottles_occluded\image_6.jpg,0,0,1817,2052
D:\SEM 7\CVProject\datasets\bottles_occluded\image_6.jpg,1588,1884,3023,3627
D:\SEM 7\CVProject\datasets\bottles_occluded\image_6.jpg,118,2640,1823,3874
D:\SEM 7\CVProject\datasets\bottles_occluded\image_6.jpg,1908,0,3023,1453
D:\SEM 7\CVProject\datasets\bottles_occluded\image_6.jpg,0,0,1642,805
D:\SEM 7\CVProject\datasets\bottles_occluded\image_6.jpg,0,3030,1166,3938
D:\SEM 7\CVProject\datasets\bottles_occluded\image_6.jpg,629,2315,1584,3237
D:\SEM 7\CVProject\datasets\bottles_occluded\image_6.jpg,467,1897,1627,2467
D:\SEM 7\CVProject\datasets\bottles_occluded\image_6.jpg,651,578,1309,1071
D:\SEM 7\CVProject\datasets\bottles_occluded\image_6.jpg,0,3274,427,3839
D:\SEM 7\CVProject\datasets\bottles_occluded\image_6.jpg,2512,0,3023,462
D:\SEM 7\CVProject\datasets\bottles_occluded\image_6.jpg,0,0,255,701
D:\SEM 7\CVProject\datasets\bottles_occluded\image_6.jpg,0,2270,560,2559
D:\SEM 7\CVProject\datasets\bottles_occluded\image_6.jpg,570,1485,1101,1763
D:\SEM 7\CVProject\datasets\bottles_occluded\image_6.jpg,0,2598,218,3128
D:\SEM 7\CVProject\datasets\bottles_occluded\image_6.jpg,1599,3141,1820,3558
D:\SEM 7\CVProject\datasets\bottles_occluded\image_6.jpg,2556,0,2929,241
D:\SEM 7\CVProject\datasets\bottles_occluded\image_6.jpg,245,115,580,354
D:\SEM 7\CVProject\datasets\bottles_occluded\image_6.jpg,1223,2354,1568,2560
D:\SEM 7\CVProject\datasets\bottles_occluded\image_6.jpg,480,2165,653,2442
D:\SEM 7\CVProject\datasets\bottles_occluded\image_6.jpg,2866,0,3023,305
D:\SEM 7\CVProject\datasets\bottles_occluded\image_6.jpg,1418,2546,1507,3072
D:\SEM 7\CVProject\datasets\bottles_occluded\image_6.jpg,1199,3550,1410,3767
D:\SEM 7\CVProject\datasets\bottles_occluded\image_6.jpg,1382,2549,1450,3084
D:\SEM 7\CVProject\datasets\bottles_occluded\image_6.jpg,2940,15,3023,451
D:\SEM 7\CVProject\datasets\bottles_occluded\image_6.jpg,984,1228,1151,1431
D:\SEM 7\CVProject\datasets\bottles_occluded\image_6.jpg,2829,3538,3023,3695
D:\SEM 7\CVProject\datasets\bottles_occluded\image_6.jpg,118,2720,230,2961
D:\SEM 7\CVProject\datasets\bottles_occluded\image_6.jpg,1487,1785,1600,2016
D:\SEM 7\CVProject\datasets\bottles_occluded\image_6.jpg,862,2666,937,3003
D:\SEM 7\CVProject\datasets\bottles_occluded\image_6.jpg,1574,2597,1682,2824
D:\SEM 7\CVProject\datasets\bottles_occluded\image_6.jpg,651,2775,737,3059
D:\SEM 7\CVProject\datasets\bottles_occluded\image_6.jpg,588,2600,686,2824
D:\SEM 7\CVProject\datasets\bottles_occluded\image_6.jpg,0,2680,152,2821
D:\SEM 7\CVProject\datasets\bottles_occluded\image_6.jpg,2341,1805,2519,1925
D:\SEM 7\CVProject\datasets\bottles_occluded\image_6.jpg,1,3658,140,3809
D:\SEM 7\CVProject\datasets\bottles_occluded\image_6.jpg,940,2805,1099,2935
D:\SEM 7\CVProject\datasets\bottles_occluded\image_6.jpg,493,1927,648,2050
D:\SEM 7\CVProject\datasets\bottles_occluded\image_6.jpg,2832,1453,2951,1613
D:\SEM 7\CVProject\datasets\bottles_occluded\image_6.jpg,1117,2775,1229,2923
D:\SEM 7\CVProject\datasets\bottles_occluded\image_6.jpg,1,3012,68,3217
D:\SEM 7\CVProject\datasets\bottles_occluded\image_6.jpg,720,1782,879,1868
D:\SEM 7\CVProject\datasets\bottles_occluded\image_6.jpg,1234,2704,1290,2941
D:\SEM 7\CVProject\datasets\bottles_occluded\image_6.jpg,752,2783,853,2907
D:\SEM 7\CVProject\datasets\bottles_occluded\image_6.jpg,1125,3453,1251,3550
D:\SEM 7\CVProject\datasets\bottles_occluded\image_6.jpg,877,3461,1048,3531
D:\SEM 7\CVProject\datasets\bottles_occluded\image_7.jpg,0,659,3023,4031
D:\SEM 7\CVProject\datasets\bottles_occluded\image_7.jpg,1023,2700,2923,4031
D:\SEM 7\CVProject\datasets\bottles_occluded\image_7.jpg,2308,786,3023,2751
D:\SEM 7\CVProject\datasets\bottles_occluded\image_7.jpg,810,1907,1610,2703
D:\SEM 7\CVProject\datasets\bottles_occluded\image_7.jpg,772,2517,1648,3098
D:\SEM 7\CVProject\datasets\bottles_occluded\image_7.jpg,804,2929,1653,3408
D:\SEM 7\CVProject\datasets\bottles_occluded\image_7.jpg,2659,942,2853,2082
D:\SEM 7\CVProject\datasets\bottles_occluded\image_7.jpg,1214,2341,1603,2704
D:\SEM 7\CVProject\datasets\bottles_occluded\image_7.jpg,1620,1401,1849,1919
D:\SEM 7\CVProject\datasets\bottles_occluded\image_7.jpg,1102,2122,1520,2398
D:\SEM 7\CVProject\datasets\bottles_occluded\image_7.jpg,2734,3316,3023,3657
D:\SEM 7\CVProject\datasets\bottles_occluded\image_7.jpg,980,677,1395,903
D:\SEM 7\CVProject\datasets\bottles_occluded\image_7.jpg,2682,3574,2956,3893
D:\SEM 7\CVProject\datasets\bottles_occluded\image_7.jpg,2161,3308,2447,3562
D:\SEM 7\CVProject\datasets\bottles_occluded\image_7.jpg,1216,2661,1590,2853
D:\SEM 7\CVProject\datasets\bottles_occluded\image_7.jpg,2676,2758,2925,3014
D:\SEM 7\CVProject\datasets\bottles_occluded\image_7.jpg,1413,2224,1554,2652
D:\SEM 7\CVProject\datasets\bottles_occluded\image_7.jpg,2444,3489,2710,3695
D:\SEM 7\CVProject\datasets\bottles_occluded\image_7.jpg,2272,3539,2516,3751
D:\SEM 7\CVProject\datasets\bottles_occluded\image_7.jpg,2829,0,2956,387
D:\SEM 7\CVProject\datasets\bottles_occluded\image_7.jpg,850,2577,997,2884
D:\SEM 7\CVProject\datasets\bottles_occluded\image_7.jpg,1327,2987,1581,3154
D:\SEM 7\CVProject\datasets\bottles_occluded\image_7.jpg,921,2187,1108,2396
D:\SEM 7\CVProject\datasets\bottles_occluded\image_7.jpg,2700,3865,2926,4031
D:\SEM 7\CVProject\datasets\bottles_occluded\image_7.jpg,2392,3330,2608,3497
D:\SEM 7\CVProject\datasets\bottles_occluded\image_7.jpg,622,1354,784,1550
D:\SEM 7\CVProject\datasets\bottles_occluded\image_7.jpg,859,2784,1019,2980
D:\SEM 7\CVProject\datasets\bottles_occluded\image_7.jpg,2862,3410,3023,3598
D:\SEM 7\CVProject\datasets\bottles_occluded\image_7.jpg,1423,3094,1593,3271
D:\SEM 7\CVProject\datasets\bottles_occluded\image_7.jpg,2411,2968,2590,3136
D:\SEM 7\CVProject\datasets\bottles_occluded\image_7.jpg,1103,2207,1222,2443
D:\SEM 7\CVProject\datasets\bottles_occluded\image_7.jpg,2667,3139,2826,3304
D:\SEM 7\CVProject\datasets\bottles_occluded\image_7.jpg,1207,2106,1279,2454
D:\SEM 7\CVProject\datasets\bottles_occluded\image_7.jpg,2550,3820,2708,3973
D:\SEM 7\CVProject\datasets\bottles_occluded\image_7.jpg,2588,3692,2744,3828
D:\SEM 7\CVProject\datasets\bottles_occluded\image_7.jpg,1398,2146,1480,2389
D:\SEM 7\CVProject\datasets\bottles_occluded\image_7.jpg,860,2745,945,2966
D:\SEM 7\CVProject\datasets\bottles_occluded\image_7.jpg,249,3582,375,3729
D:\SEM 7\CVProject\datasets\bottles_occluded\image_7.jpg,754,3443,872,3594
D:\SEM 7\CVProject\datasets\bottles_occluded\image_7.jpg,2869,3022,3023,3136
D:\SEM 7\CVProject\datasets\bottles_occluded\image_7.jpg,1374,1148,1469,1327
D:\SEM 7\CVProject\datasets\bottles_occluded\image_7.jpg,2120,3858,2239,4000
D:\SEM 7\CVProject\datasets\bottles_occluded\image_7.jpg,1276,2226,1395,2365
D:\SEM 7\CVProject\datasets\bottles_occluded\image_7.jpg,6,3249,115,3400
D:\SEM 7\CVProject\datasets\bottles_occluded\image_7.jpg,724,3243,833,3394
D:\SEM 7\CVProject\datasets\bottles_occluded\image_7.jpg,366,3705,494,3829
D:\SEM 7\CVProject\datasets\bottles_occluded\image_7.jpg,2878,1249,2936,1521
D:\SEM 7\CVProject\datasets\bottles_occluded\image_7.jpg,2332,3738,2465,3857
D:\SEM 7\CVProject\datasets\bottles_occluded\image_7.jpg,841,3780,953,3921
D:\SEM 7\CVProject\datasets\bottles_occluded\image_7.jpg,2885,2846,3023,2960
D:\SEM 7\CVProject\datasets\bottles_occluded\image_7.jpg,2535,3517,2646,3658
D:\SEM 7\CVProject\datasets\bottles_occluded\image_7.jpg,2566,3315,2737,3405
D:\SEM 7\CVProject\datasets\bottles_occluded\image_7.jpg,806,1331,886,1516
D:\SEM 7\CVProject\datasets\bottles_occluded\image_7.jpg,437,3434,542,3575
D:\SEM 7\CVProject\datasets\bottles_occluded\image_7.jpg,1237,3921,1371,4031
D:\SEM 7\CVProject\datasets\bottles_occluded\image_7.jpg,649,3908,780,4018
D:\SEM 7\CVProject\datasets\bottles_occluded\image_7.jpg,246,3791,336,3947
D:\SEM 7\CVProject\datasets\bottles_occluded\image_7.jpg,644,1310,793,1403
D:\SEM 7\CVProject\datasets\bottles_occluded\image_7.jpg,860,2667,944,2828
D:\SEM 7\CVProject\datasets\bottles_occluded\image_7.jpg,926,1293,1103,1369
D:\SEM 7\CVProject\datasets\bottles_occluded\image_7.jpg,693,3777,793,3904
D:\SEM 7\CVProject\datasets\bottles_occluded\image_7.jpg,755,3565,858,3685
D:\SEM 7\CVProject\datasets\bottles_occluded\image_7.jpg,872,2896,938,3080
D:\SEM 7\CVProject\datasets\bottles_occluded\image_7.jpg,2067,3308,2179,3415
D:\SEM 7\CVProject\datasets\bottles_occluded\image_7.jpg,1,3821,61,4020
D:\SEM 7\CVProject\datasets\bottles_occluded\image_8.jpg,1423,1066,2999,3781
D:\SEM 7\CVProject\datasets\bottles_occluded\image_8.jpg,0,1586,1233,3679
D:\SEM 7\CVProject\datasets\bottles_occluded\image_8.jpg,1088,2865,2999,3999
D:\SEM 7\CVProject\datasets\bottles_occluded\image_8.jpg,0,526,1452,1844
D:\SEM 7\CVProject\datasets\bottles_occluded\image_8.jpg,700,0,1736,982
D:\SEM 7\CVProject\datasets\bottles_occluded\image_8.jpg,1859,3252,2999,3999
D:\SEM 7\CVProject\datasets\bottles_occluded\image_8.jpg,0,0,903,629
D:\SEM 7\CVProject\datasets\bottles_occluded\image_8.jpg,2096,1267,2727,2043
D:\SEM 7\CVProject\datasets\bottles_occluded\image_8.jpg,1842,1610,2232,2591
D:\SEM 7\CVProject\datasets\bottles_occluded\image_8.jpg,1390,1479,1850,2302
D:\SEM 7\CVProject\datasets\bottles_occluded\image_8.jpg,2402,2465,2999,3034
D:\SEM 7\CVProject\datasets\bottles_occluded\image_8.jpg,2467,1834,2999,2362
D:\SEM 7\CVProject\datasets\bottles_occluded\image_8.jpg,1680,2232,2041,2938
D:\SEM 7\CVProject\datasets\bottles_occluded\image_8.jpg,2111,2302,2543,2832
D:\SEM 7\CVProject\datasets\bottles_occluded\image_8.jpg,2646,125,2999,725
D:\SEM 7\CVProject\datasets\bottles_occluded\image_8.jpg,10,0,482,446
D:\SEM 7\CVProject\datasets\bottles_occluded\image_8.jpg,2361,2877,2968,3214
D:\SEM 7\CVProject\datasets\bottles_occluded\image_8.jpg,1992,3680,2553,3999
D:\SEM 7\CVProject\datasets\bottles_occluded\image_8.jpg,1437,2250,1708,2900
D:\SEM 7\CVProject\datasets\bottles_occluded\image_8.jpg,2006,2714,2403,3149
D:\SEM 7\CVProject\datasets\bottles_occluded\image_8.jpg,2547,2137,2999,2511
D:\SEM 7\CVProject\datasets\bottles_occluded\image_8.jpg,2063,2884,2325,3501
D:\SEM 7\CVProject\datasets\bottles_occluded\image_8.jpg,1593,1866,1902,2385
D:\SEM 7\CVProject\datasets\bottles_occluded\image_8.jpg,2015,2010,2593,2283
D:\SEM 7\CVProject\datasets\bottles_occluded\image_8.jpg,2291,221,2614,707
D:\SEM 7\CVProject\datasets\bottles_occluded\image_8.jpg,724,0,1037,486
D:\SEM 7\CVProject\datasets\bottles_occluded\image_8.jpg,0,2577,265,3140
D:\SEM 7\CVProject\datasets\bottles_occluded\image_8.jpg,151,471,750,715
D:\SEM 7\CVProject\datasets\bottles_occluded\image_8.jpg,237,325,779,585
D:\SEM 7\CVProject\datasets\bottles_occluded\image_8.jpg,0,2323,311,2743
D:\SEM 7\CVProject\datasets\bottles_occluded\image_8.jpg,1591,2881,1911,3281
D:\SEM 7\CVProject\datasets\bottles_occluded\image_8.jpg,2112,3555,2564,3820
D:\SEM 7\CVProject\datasets\bottles_occluded\image_8.jpg,1635,0,2034,287
D:\SEM 7\CVProject\datasets\bottles_occluded\image_8.jpg,2531,1158,2915,1444
D:\SEM 7\CVProject\datasets\bottles_occluded\image_8.jpg,1402,1905,1608,2436
D:\SEM 7\CVProject\datasets\bottles_occluded\image_8.jpg,1927,3626,2213,3999
D:\SEM 7\CVProject\datasets\bottles_occluded\image_8.jpg,2614,0,2999,270
D:\SEM 7\CVProject\datasets\bottles_occluded\image_8.jpg,2370,3589,2810,3819
D:\SEM 7\CVProject\datasets\bottles_occluded\image_8.jpg,2521,1805,2718,2308
D:\SEM 7\CVProject\datasets\bottles_occluded\image_8.jpg,231,1436,693,1643
D:\SEM 7\CVProject\datasets\bottles_occluded\image_8.jpg,1140,1924,1371,2300
D:\SEM 7\CVProject\datasets\bottles_occluded\image_8.jpg,889,401,1139,726
D:\SEM 7\CVProject\datasets\bottles_occluded\image_8.jpg,2707,1365,2896,1779
D:\SEM 7\CVProject\datasets\bottles_occluded\image_8.jpg,2624,2917,2999,3113
D:\SEM 7\CVProject\datasets\bottles_occluded\image_8.jpg,2582,1549,2768,1940
D:\SEM 7\CVProject\datasets\bottles_occluded\image_8.jpg,1613,3637,1813,3999
D:\SEM 7\CVProject\datasets\bottles_occluded\image_8.jpg,1932,1358,2180,1630
D:\SEM 7\CVProject\datasets\bottles_occluded\image_8.jpg,1890,3585,2052,3999
D:\SEM 7\CVProject\datasets\bottles_occluded\image_8.jpg,1980,1542,2163,1906
D:\SEM 7\CVProject\datasets\bottles_occluded\image_8.jpg,1811,3204,2103,3430
D:\SEM 7\CVProject\datasets\bottles_occluded\image_8.jpg,2448,3091,2656,3400
D:\SEM 7\CVProject\datasets\bottles_occluded\image_8.jpg,2259,2338,2439,2693
D:\SEM 7\CVProject\datasets\bottles_occluded\image_8.jpg,0,1231,318,1427
D:\SEM 7\CVProject\datasets\bottles_occluded\image_8.jpg,2415,246,2582,614
D:\SEM 7\CVProject\datasets\bottles_occluded\image_8.jpg,718,0,919,304
D:\SEM 7\CVProject\datasets\bottles_occluded\image_8.jpg,693,589,983,795
D:\SEM 7\CVProject\datasets\bottles_occluded\image_8.jpg,2386,669,2542,1046
D:\SEM 7\CVProject\datasets\bottles_occluded\image_8.jpg,466,1559,815,1722
D:\SEM 7\CVProject\datasets\bottles_occluded\image_8.jpg,1633,0,1892,199
D:\SEM 7\CVProject\datasets\bottles_occluded\image_8.jpg,2046,1452,2204,1751
D:\SEM 7\CVProject\datasets\bottles_occluded\image_8.jpg,1402,1934,1509,2373
D:\SEM 7\CVProject\datasets\bottles_occluded\image_8.jpg,2253,2866,2375,3240
D:\SEM 7\CVProject\datasets\bottles_occluded\image_8.jpg,2854,3520,2999,3826
D:\SEM 7\CVProject\datasets\bottles_occluded\image_8.jpg,1347,2869,1529,3112
D:\SEM 7\CVProject\datasets\bottles_occluded\image_8.jpg,2629,71,2930,215
D:\SEM 7\CVProject\datasets\bottles_occluded\image_8.jpg,1249,2421,1417,2679
D:\SEM 7\CVProject\datasets\bottles_occluded\image_8.jpg,2730,437,2915,665
D:\SEM 7\CVProject\datasets\bottles_occluded\image_8.jpg,0,3351,205,3552
D:\SEM 7\CVProject\datasets\bottles_occluded\image_8.jpg,2750,1790,2999,1955
D:\SEM 7\CVProject\datasets\bottles_occluded\image_8.jpg,1572,2299,1714,2587
D:\SEM 7\CVProject\datasets\bottles_occluded\image_8.jpg,2112,3309,2284,3543
D:\SEM 7\CVProject\datasets\bottles_occluded\image_8.jpg,1471,3791,1662,3999
D:\SEM 7\CVProject\datasets\bottles_occluded\image_8.jpg,2614,1707,2760,1974
D:\SEM 7\CVProject\datasets\bottles_occluded\image_8.jpg,2227,3773,2399,3999
D:\SEM 7\CVProject\datasets\bottles_occluded\image_8.jpg,812,1385,1023,1556
D:\SEM 7\CVProject\datasets\bottles_occluded\image_8.jpg,2049,3817,2238,3999
D:\SEM 7\CVProject\datasets\bottles_occluded\image_8.jpg,2821,1449,2999,1641
D:\SEM 7\CVProject\datasets\bottles_occluded\image_8.jpg,1400,1166,1496,1521
D:\SEM 7\CVProject\datasets\bottles_occluded\image_8.jpg,2379,2671,2550,2870
D:\SEM 7\CVProject\datasets\bottles_occluded\image_8.jpg,1788,3385,2017,3533
D:\SEM 7\CVProject\datasets\bottles_occluded\image_8.jpg,1182,3699,1341,3909
D:\SEM 7\CVProject\datasets\bottles_occluded\image_8.jpg,2583,0,2829,132
D:\SEM 7\CVProject\datasets\bottles_occluded\image_8.jpg,1397,1725,1506,2013
D:\SEM 7\CVProject\datasets\bottles_occluded\image_8.jpg,2805,413,2999,572
D:\SEM 7\CVProject\datasets\bottles_occluded\image_8.jpg,2128,2106,2219,2442
D:\SEM 7\CVProject\datasets\bottles_occluded\image_8.jpg,2569,3789,2793,3925
D:\SEM 7\CVProject\datasets\bottles_occluded\image_8.jpg,719,3609,927,3753
D:\SEM 7\CVProject\datasets\bottles_occluded\image_8.jpg,2542,3051,2652,3320
D:\SEM 7\CVProject\datasets\bottles_occluded\image_8.jpg,2356,2581,2445,2909
D:\SEM 7\CVProject\datasets\bottles_occluded\image_8.jpg,239,1486,456,1620
D:\SEM 7\CVProject\datasets\bottles_occluded\image_8.jpg,2706,2352,2878,2518
D:\SEM 7\CVProject\datasets\bottles_occluded\image_8.jpg,2884,1096,2999,1340
D:\SEM 7\CVProject\datasets\bottles_occluded\image_8.jpg,1896,2183,2045,2371
D:\SEM 7\CVProject\datasets\bottles_occluded\image_8.jpg,2118,700,2251,910
D:\SEM 7\CVProject\datasets\bottles_occluded\image_8.jpg,2827,478,2999,639
D:\SEM 7\CVProject\datasets\bottles_occluded\image_8.jpg,2771,1512,2876,1771
D:\SEM 7\CVProject\datasets\bottles_occluded\image_8.jpg,2825,139,2953,349
D:\SEM 7\CVProject\datasets\bottles_occluded\image_8.jpg,2587,328,2807,449
D:\SEM 7\CVProject\datasets\bottles_occluded\image_8.jpg,2783,236,2912,442
D:\SEM 7\CVProject\datasets\bottles_occluded\image_8.jpg,2153,2730,2308,2901
D:\SEM 7\CVProject\datasets\bottles_occluded\image_8.jpg,316,2623,451,2819
D:\SEM 7\CVProject\datasets\bottles_occluded\image_8.jpg,2645,126,2765,346
D:\SEM 7\CVProject\datasets\bottles_occluded\image_8.jpg,692,3683,879,3824
D:\SEM 7\CVProject\datasets\bottles_occluded\image_8.jpg,2142,182,2240,442
D:\SEM 7\CVProject\datasets\bottles_occluded\image_8.jpg,2914,1949,2999,2244
D:\SEM 7\CVProject\datasets\bottles_occluded\image_8.jpg,2395,2832,2575,2971
D:\SEM 7\CVProject\datasets\bottles_occluded\image_8.jpg,2493,3100,2584,3374
D:\SEM 7\CVProject\datasets\bottles_occluded\image_8.jpg,1080,1516,1304,1627
D:\SEM 7\CVProject\datasets\bottles_occluded\image_8.jpg,1843,1622,1944,1868
D:\SEM 7\CVProject\datasets\bottles_occluded\image_8.jpg,1218,1365,1379,1518
D:\SEM 7\CVProject\datasets\bottles_occluded\image_8.jpg,2075,2978,2181,3210
D:\SEM 7\CVProject\datasets\bottles_occluded\image_8.jpg,2902,12,2999,264
D:\SEM 7\CVProject\datasets\bottles_occluded\image_8.jpg,2500,2349,2664,2498
D:\SEM 7\CVProject\datasets\bottles_occluded\image_8.jpg,2862,1611,2999,1789
D:\SEM 7\CVProject\datasets\bottles_occluded\image_8.jpg,2144,1268,2233,1536
D:\SEM 7\CVProject\datasets\bottles_occluded\image_8.jpg,1648,1332,1808,1480
D:\SEM 7\CVProject\datasets\bottles_occluded\image_8.jpg,1525,2933,1632,3154
D:\SEM 7\CVProject\datasets\bottles_occluded\image_8.jpg,2840,2058,2960,2252
D:\SEM 7\CVProject\datasets\bottles_occluded\image_8.jpg,969,1866,1148,1996
D:\SEM 7\CVProject\datasets\bottles_occluded\image_8.jpg,2531,556,2641,766
D:\SEM 7\CVProject\datasets\bottles_occluded\image_8.jpg,2280,2525,2391,2733
D:\SEM 7\CVProject\datasets\bottles_occluded\image_8.jpg,1393,3214,1524,3389
D:\SEM 7\CVProject\datasets\bottles_occluded\image_8.jpg,2409,3435,2598,3556
D:\SEM 7\CVProject\datasets\bottles_occluded\image_8.jpg,1865,1971,1975,2177
D:\SEM 7\CVProject\datasets\bottles_occluded\image_8.jpg,2027,3564,2113,3826
D:\SEM 7\CVProject\datasets\bottles_occluded\image_8.jpg,2002,2619,2141,2781
D:\SEM 7\CVProject\datasets\bottles_occluded\image_8.jpg,1605,3356,1688,3624
D:\SEM 7\CVProject\datasets\bottles_occluded\image_8.jpg,1511,1279,1639,1451
D:\SEM 7\CVProject\datasets\bottles_occluded\image_8.jpg,2241,3573,2382,3729
D:\SEM 7\CVProject\datasets\bottles_occluded\image_8.jpg,2265,2670,2360,2901
D:\SEM 7\CVProject\datasets\bottles_occluded\image_8.jpg,0,1456,223,1553
D:\SEM 7\CVProject\datasets\bottles_occluded\image_8.jpg,2059,880,2186,1049
D:\SEM 7\CVProject\datasets\bottles_occluded\image_8.jpg,2006,1840,2148,1991
D:\SEM 7\CVProject\datasets\bottles_occluded\image_8.jpg,1511,3555,1635,3727
D:\SEM 7\CVProject\datasets\bottles_occluded\image_8.jpg,2484,1217,2557,1505
D:\SEM 7\CVProject\datasets\bottles_occluded\image_8.jpg,1765,2911,1879,3093
D:\SEM 7\CVProject\datasets\bottles_occluded\image_8.jpg,2524,1922,2623,2131
D:\SEM 7\CVProject\datasets\bottles_occluded\image_8.jpg,2763,1662,2902,1810
D:\SEM 7\CVProject\datasets\bottles_occluded\image_8.jpg,2669,1519,2766,1729
D:\SEM 7\CVProject\datasets\bottles_occluded\image_8.jpg,0,1855,167,1977
D:\SEM 7\CVProject\datasets\bottles_occluded\image_8.jpg,2788,1298,2873,1533
D:\SEM 7\CVProject\datasets\bottles_occluded\image_8.jpg,983,3597,1111,3753
D:\SEM 7\CVProject\datasets\bottles_occluded\image_8.jpg,2266,3216,2371,3404
D:\SEM 7\CVProject\datasets\bottles_occluded\image_8.jpg,2797,2756,2925,2910
D:\SEM 7\CVProject\datasets\bottles_occluded\image_8.jpg,12,1383,196,1490
D:\SEM 7\CVProject\datasets\bottles_occluded\image_8.jpg,455,368,559,556
D:\SEM 7\CVProject\datasets\bottles_occluded\image_8.jpg,1551,3399,1643,3610
D:\SEM 7\CVProject\datasets\bottles_occluded\image_8.jpg,2887,365,2999,538
D:\SEM 7\CVProject\datasets\bottles_occluded\image_8.jpg,2388,2203,2465,2454
D:\SEM 7\CVProject\datasets\bottles_occluded\image_8.jpg,579,0,737,122
D:\SEM 7\CVProject\datasets\bottles_occluded\image_8.jpg,2752,3528,2853,3717
D:\SEM 7\CVProject\datasets\bottles_occluded\image_8.jpg,2159,3307,2290,3452
D:\SEM 7\CVProject\datasets\bottles_occluded\image_8.jpg,1899,3083,2010,3254
D:\SEM 7\CVProject\datasets\bottles_occluded\image_8.jpg,1589,3539,1687,3732
D:\SEM 7\CVProject\datasets\bottles_occluded\image_8.jpg,2680,2279,2827,2406
D:\SEM 7\CVProject\datasets\bottles_occluded\image_8.jpg,461,181,585,331
D:\SEM 7\CVProject\datasets\bottles_occluded\image_8.jpg,1498,2013,1571,2265
D:\SEM 7\CVProject\datasets\bottles_occluded\image_8.jpg,1887,3492,1970,3713
D:\SEM 7\CVProject\datasets\bottles_occluded\image_8.jpg,2328,2941,2456,3084
D:\SEM 7\CVProject\datasets\bottles_occluded\image_8.jpg,2413,1350,2534,1501
D:\SEM 7\CVProject\datasets\bottles_occluded\image_8.jpg,2086,2170,2169,2388
D:\SEM 7\CVProject\datasets\bottles_occluded\image_8.jpg,2728,1806,2830,1979
D:\SEM 7\CVProject\datasets\bottles_occluded\image_8.jpg,1594,2421,1682,2621
D:\SEM 7\CVProject\datasets\bottles_occluded\image_8.jpg,2579,3874,2719,3999
D:\SEM 7\CVProject\datasets\bottles_occluded\image_8.jpg,1490,1575,1599,1732
D:\SEM 7\CVProject\datasets\bottles_occluded\image_8.jpg,2675,2654,2784,2811
D:\SEM 7\CVProject\datasets\bottles_occluded\image_8.jpg,2346,1352,2455,1508
D:\SEM 7\CVProject\datasets\bottles_occluded\image_8.jpg,698,1563,852,1673
D:\SEM 7\CVProject\datasets\bottles_occluded\image_8.jpg,1164,1971,1293,2102
D:\SEM 7\CVProject\datasets\bottles_occluded\image_8.jpg,83,2470,207,2606
D:\SEM 7\CVProject\datasets\bottles_occluded\image_8.jpg,2702,3588,2782,3796
D:\SEM 7\CVProject\datasets\bottles_occluded\image_8.jpg,1448,2725,1551,2886
D:\SEM 7\CVProject\datasets\bottles_occluded\image_8.jpg,2260,2817,2379,2956
D:\SEM 7\CVProject\datasets\bottles_occluded\image_8.jpg,2299,3825,2394,3999
D:\SEM 7\CVProject\datasets\bottles_occluded\image_8.jpg,2861,1390,2987,1521
D:\SEM 7\CVProject\datasets\bottles_occluded\image_8.jpg,1088,2003,1245,2107
D:\SEM 7\CVProject\datasets\bottles_occluded\image_8.jpg,424,0,568,113
D:\SEM 7\CVProject\datasets\bottles_occluded\image_8.jpg,119,283,199,483
D:\SEM 7\CVProject\datasets\bottles_occluded\image_8.jpg,2919,3267,2999,3466
D:\SEM 7\CVProject\datasets\bottles_occluded\image_8.jpg,1765,3401,1888,3530
D:\SEM 7\CVProject\datasets\bottles_occluded\image_8.jpg,2235,3802,2339,3953
D:\SEM 7\CVProject\datasets\bottles_occluded\image_8.jpg,1958,3195,2046,3373
D:\SEM 7\CVProject\datasets\bottles_occluded\image_8.jpg,2429,2259,2500,2478
D:\SEM 7\CVProject\datasets\bottles_occluded\image_8.jpg,1934,3778,2004,3999
D:\SEM 7\CVProject\datasets\bottles_occluded\image_8.jpg,1182,3838,1278,3999
D:\SEM 7\CVProject\datasets\bottles_occluded\image_8.jpg,2050,1527,2157,1671
D:\SEM 7\CVProject\datasets\bottles_occluded\image_8.jpg,2902,3082,2999,3239
D:\SEM 7\CVProject\datasets\bottles_occluded\image_8.jpg,2872,280,2999,399
D:\SEM 7\CVProject\datasets\bottles_occluded\image_8.jpg,2695,1797,2768,2000
D:\SEM 7\CVProject\datasets\bottles_occluded\image_8.jpg,1351,1176,1441,1338
D:\SEM 7\CVProject\datasets\bottles_occluded\image_8.jpg,2264,3432,2427,3521
D:\SEM 7\CVProject\datasets\bottles_occluded\image_8.jpg,2230,3746,2323,3902
D:\SEM 7\CVProject\datasets\bottles_occluded\image_8.jpg,2145,3792,2235,3953
D:\SEM 7\CVProject\datasets\bottles_occluded\image_8.jpg,2864,1929,2953,2091
D:\SEM 7\CVProject\datasets\bottles_occluded\image_8.jpg,2333,3281,2431,3428
D:\SEM 7\CVProject\datasets\bottles_occluded\image_8.jpg,1637,3734,1737,3878
D:\SEM 7\CVProject\datasets\bottles_occluded\image_8.jpg,2157,2503,2274,2626
D:\SEM 7\CVProject\datasets\bottles_occluded\image_8.jpg,196,3092,347,3187
D:\SEM 7\CVProject\datasets\bottles_occluded\image_8.jpg,1599,3465,1675,3653
D:\SEM 7\CVProject\datasets\bottles_occluded\image_8.jpg,1898,2879,1981,3050
D:\SEM 7\CVProject\datasets\bottles_occluded\image_8.jpg,484,3780,565,3952
D:\SEM 7\CVProject\datasets\bottles_occluded\image_8.jpg,2308,1531,2423,1651
D:\SEM 7\CVProject\datasets\bottles_occluded\image_8.jpg,2571,2092,2635,2306
D:\SEM 7\CVProject\datasets\bottles_occluded\image_8.jpg,2911,671,2999,827
D:\SEM 7\CVProject\datasets\bottles_occluded\image_8.jpg,2555,1468,2649,1612
D:\SEM 7\CVProject\datasets\bottles_occluded\image_8.jpg,1338,3881,1452,3999
D:\SEM 7\CVProject\datasets\bottles_occluded\image_8.jpg,2813,1279,2932,1392
D:\SEM 7\CVProject\datasets\bottles_occluded\image_8.jpg,2894,2316,2999,2444
D:\SEM 7\CVProject\datasets\bottles_occluded\image_8.jpg,2098,2562,2210,2682
D:\SEM 7\CVProject\datasets\bottles_occluded\image_8.jpg,2186,3237,2285,3371
D:\SEM 7\CVProject\datasets\bottles_occluded\image_8.jpg,2571,3330,2663,3474
D:\SEM 7\CVProject\datasets\bottles_occluded\image_8.jpg,2887,1050,2967,1213
D:\SEM 7\CVProject\datasets\bottles_occluded\image_8.jpg,2439,721,2532,857
D:\SEM 7\CVProject\datasets\bottles_occluded\image_8.jpg,1389,1700,1469,1857
D:\SEM 7\CVProject\datasets\bottles_occluded\image_8.jpg,2849,0,2973,98
D:\SEM 7\CVProject\datasets\bottles_occluded\image_8.jpg,363,19,431,197
D:\SEM 7\CVProject\datasets\bottles_occluded\image_8.jpg,2243,2404,2340,2528
D:\SEM 7\CVProject\datasets\bottles_occluded\image_8.jpg,1801,191,1939,278
D:\SEM 7\CVProject\datasets\bottles_occluded\image_8.jpg,175,1868,235,2067
D:\SEM 7\CVProject\datasets\bottles_occluded\image_8.jpg,778,500,889,607
D:\SEM 7\CVProject\datasets\bottles_occluded\image_8.jpg,2894,2406,2999,2519
D:\SEM 7\CVProject\datasets\bottles_occluded\image_8.jpg,268,2891,357,3024
D:\SEM 7\CVProject\datasets\bottles_occluded\image_8.jpg,2893,572,2974,718
D:\SEM 7\CVProject\datasets\bottles_occluded\image_8.jpg,359,180,440,326
D:\SEM 7\CVProject\datasets\bottles_occluded\image_8.jpg,2201,2349,2292,2479
D:\SEM 7\CVProject\datasets\bottles_occluded\image_8.jpg,1396,2350,1481,2489
D:\SEM 7\CVProject\datasets\bottles_occluded\image_8.jpg,2137,1228,2237,1346
D:\SEM 7\CVProject\datasets\bottles_occluded\image_9.jpg,0,2041,2667,3999
D:\SEM 7\CVProject\datasets\bottles_occluded\image_9.jpg,1277,0,2999,2404
D:\SEM 7\CVProject\datasets\bottles_occluded\image_9.jpg,0,314,1890,1659
D:\SEM 7\CVProject\datasets\bottles_occluded\image_9.jpg,1393,2508,2999,3999
D:\SEM 7\CVProject\datasets\bottles_occluded\image_9.jpg,0,2545,1041,3752
D:\SEM 7\CVProject\datasets\bottles_occluded\image_9.jpg,2347,716,2999,2223
D:\SEM 7\CVProject\datasets\bottles_occluded\image_9.jpg,556,1555,1746,2286
D:\SEM 7\CVProject\datasets\bottles_occluded\image_9.jpg,27,2263,945,2819
D:\SEM 7\CVProject\datasets\bottles_occluded\image_9.jpg,2039,2032,2999,2550
D:\SEM 7\CVProject\datasets\bottles_occluded\image_9.jpg,2561,875,2999,1844
D:\SEM 7\CVProject\datasets\bottles_occluded\image_9.jpg,2387,0,2999,672
D:\SEM 7\CVProject\datasets\bottles_occluded\image_9.jpg,2516,2117,2999,2838
D:\SEM 7\CVProject\datasets\bottles_occluded\image_9.jpg,1607,2301,2404,2686
D:\SEM 7\CVProject\datasets\bottles_occluded\image_9.jpg,1077,1971,1669,2477
D:\SEM 7\CVProject\datasets\bottles_occluded\image_9.jpg,848,2464,1273,3123
D:\SEM 7\CVProject\datasets\bottles_occluded\image_9.jpg,0,3141,328,3912
D:\SEM 7\CVProject\datasets\bottles_occluded\image_9.jpg,786,1678,1345,2097
D:\SEM 7\CVProject\datasets\bottles_occluded\image_9.jpg,210,2746,542,3376
D:\SEM 7\CVProject\datasets\bottles_occluded\image_9.jpg,0,358,419,839
D:\SEM 7\CVProject\datasets\bottles_occluded\image_9.jpg,2485,108,2818,707
D:\SEM 7\CVProject\datasets\bottles_occluded\image_9.jpg,0,1570,561,1883
D:\SEM 7\CVProject\datasets\bottles_occluded\image_9.jpg,20,1651,366,2096
D:\SEM 7\CVProject\datasets\bottles_occluded\image_9.jpg,1370,1769,1670,2265
D:\SEM 7\CVProject\datasets\bottles_occluded\image_9.jpg,451,1717,924,2023
D:\SEM 7\CVProject\datasets\bottles_occluded\image_9.jpg,1963,2836,2420,3143
D:\SEM 7\CVProject\datasets\bottles_occluded\image_9.jpg,2235,2179,2774,2431
D:\SEM 7\CVProject\datasets\bottles_occluded\image_9.jpg,622,123,1053,435
D:\SEM 7\CVProject\datasets\bottles_occluded\image_9.jpg,1908,270,2236,676
D:\SEM 7\CVProject\datasets\bottles_occluded\image_9.jpg,0,799,396,1131
D:\SEM 7\CVProject\datasets\bottles_occluded\image_9.jpg,1819,0,2234,303
D:\SEM 7\CVProject\datasets\bottles_occluded\image_9.jpg,374,75,839,332
D:\SEM 7\CVProject\datasets\bottles_occluded\image_9.jpg,2224,0,2424,593
D:\SEM 7\CVProject\datasets\bottles_occluded\image_9.jpg,0,661,436,930
D:\SEM 7\CVProject\datasets\bottles_occluded\image_9.jpg,1215,2441,1496,2852
D:\SEM 7\CVProject\datasets\bottles_occluded\image_9.jpg,2699,3436,2999,3820
D:\SEM 7\CVProject\datasets\bottles_occluded\image_9.jpg,1049,1638,1494,1888
D:\SEM 7\CVProject\datasets\bottles_occluded\image_9.jpg,1287,3700,1651,3999
D:\SEM 7\CVProject\datasets\bottles_occluded\image_9.jpg,1558,352,1891,678
D:\SEM 7\CVProject\datasets\bottles_occluded\image_9.jpg,1447,2497,1764,2837
D:\SEM 7\CVProject\datasets\bottles_occluded\image_9.jpg,1095,109,1403,457
D:\SEM 7\CVProject\datasets\bottles_occluded\image_9.jpg,2649,137,2999,442
D:\SEM 7\CVProject\datasets\bottles_occluded\image_9.jpg,1931,2604,2425,2815
D:\SEM 7\CVProject\datasets\bottles_occluded\image_9.jpg,1413,2266,1681,2651
D:\SEM 7\CVProject\datasets\bottles_occluded\image_9.jpg,2263,1734,2522,2129
D:\SEM 7\CVProject\datasets\bottles_occluded\image_9.jpg,710,2092,1043,2391
D:\SEM 7\CVProject\datasets\bottles_occluded\image_9.jpg,197,1662,453,2049
D:\SEM 7\CVProject\datasets\bottles_occluded\image_9.jpg,2137,1497,2501,1755
D:\SEM 7\CVProject\datasets\bottles_occluded\image_9.jpg,0,2558,336,2828
D:\SEM 7\CVProject\datasets\bottles_occluded\image_9.jpg,2562,179,2784,581
D:\SEM 7\CVProject\datasets\bottles_occluded\image_9.jpg,1198,2063,1359,2594
D:\SEM 7\CVProject\datasets\bottles_occluded\image_9.jpg,2472,353,2689,724
D:\SEM 7\CVProject\datasets\bottles_occluded\image_9.jpg,1972,3177,2406,3362
D:\SEM 7\CVProject\datasets\bottles_occluded\image_9.jpg,0,1251,266,1544
D:\SEM 7\CVProject\datasets\bottles_occluded\image_9.jpg,1937,1669,2072,2209
D:\SEM 7\CVProject\datasets\bottles_occluded\image_9.jpg,2808,440,2999,821
D:\SEM 7\CVProject\datasets\bottles_occluded\image_9.jpg,2601,3533,2751,3999
D:\SEM 7\CVProject\datasets\bottles_occluded\image_9.jpg,1604,2441,1859,2715
D:\SEM 7\CVProject\datasets\bottles_occluded\image_9.jpg,2743,1623,2999,1892
D:\SEM 7\CVProject\datasets\bottles_occluded\image_9.jpg,2462,2415,2850,2589
D:\SEM 7\CVProject\datasets\bottles_occluded\image_9.jpg,2727,3752,2999,3999
D:\SEM 7\CVProject\datasets\bottles_occluded\image_9.jpg,2151,0,2270,558
D:\SEM 7\CVProject\datasets\bottles_occluded\image_9.jpg,370,916,652,1147
D:\SEM 7\CVProject\datasets\bottles_occluded\image_9.jpg,2231,1633,2344,2193
D:\SEM 7\CVProject\datasets\bottles_occluded\image_9.jpg,604,2803,711,3379
D:\SEM 7\CVProject\datasets\bottles_occluded\image_9.jpg,2626,2897,2873,3142
D:\SEM 7\CVProject\datasets\bottles_occluded\image_9.jpg,2468,2843,2586,3354
D:\SEM 7\CVProject\datasets\bottles_occluded\image_9.jpg,2607,1669,2777,2012
D:\SEM 7\CVProject\datasets\bottles_occluded\image_9.jpg,701,2862,837,3285
D:\SEM 7\CVProject\datasets\bottles_occluded\image_9.jpg,2880,796,2999,1271
D:\SEM 7\CVProject\datasets\bottles_occluded\image_9.jpg,2355,1860,2601,2090
D:\SEM 7\CVProject\datasets\bottles_occluded\image_9.jpg,1427,58,1632,332
D:\SEM 7\CVProject\datasets\bottles_occluded\image_9.jpg,803,2751,909,3266
D:\SEM 7\CVProject\datasets\bottles_occluded\image_9.jpg,1243,478,1494,696
D:\SEM 7\CVProject\datasets\bottles_occluded\image_9.jpg,1220,1896,1538,2062
D:\SEM 7\CVProject\datasets\bottles_occluded\image_9.jpg,151,3033,411,3235
D:\SEM 7\CVProject\datasets\bottles_occluded\image_9.jpg,92,1585,370,1773
D:\SEM 7\CVProject\datasets\bottles_occluded\image_9.jpg,118,2580,402,2764
D:\SEM 7\CVProject\datasets\bottles_occluded\image_9.jpg,2694,3127,2965,3318
D:\SEM 7\CVProject\datasets\bottles_occluded\image_9.jpg,0,57,152,388
D:\SEM 7\CVProject\datasets\bottles_occluded\image_9.jpg,1913,2278,2244,2430
D:\SEM 7\CVProject\datasets\bottles_occluded\image_9.jpg,522,1741,794,1926
D:\SEM 7\CVProject\datasets\bottles_occluded\image_9.jpg,2665,2463,2914,2664
D:\SEM 7\CVProject\datasets\bottles_occluded\image_9.jpg,1867,1313,2143,1493
D:\SEM 7\CVProject\datasets\bottles_occluded\image_9.jpg,2216,3220,2511,3387
D:\SEM 7\CVProject\datasets\bottles_occluded\image_9.jpg,2334,1938,2560,2156
D:\SEM 7\CVProject\datasets\bottles_occluded\image_9.jpg,2766,1839,2999,2046
D:\SEM 7\CVProject\datasets\bottles_occluded\image_9.jpg,2577,3428,2698,3823
D:\SEM 7\CVProject\datasets\bottles_occluded\image_9.jpg,1326,2230,1608,2396
D:\SEM 7\CVProject\datasets\bottles_occluded\image_9.jpg,2319,3657,2507,3906
D:\SEM 7\CVProject\datasets\bottles_occluded\image_9.jpg,15,394,140,765
D:\SEM 7\CVProject\datasets\bottles_occluded\image_9.jpg,1719,1638,1833,2038
D:\SEM 7\CVProject\datasets\bottles_occluded\image_9.jpg,1779,1579,1946,1852
D:\SEM 7\CVProject\datasets\bottles_occluded\image_9.jpg,1832,854,1976,1166
D:\SEM 7\CVProject\datasets\bottles_occluded\image_9.jpg,1606,2076,1797,2311
D:\SEM 7\CVProject\datasets\bottles_occluded\image_9.jpg,2753,2100,2898,2397
D:\SEM 7\CVProject\datasets\bottles_occluded\image_9.jpg,1535,983,1811,1139
D:\SEM 7\CVProject\datasets\bottles_occluded\image_9.jpg,2060,1169,2375,1302
D:\SEM 7\CVProject\datasets\bottles_occluded\image_9.jpg,1363,1666,1507,1957
D:\SEM 7\CVProject\datasets\bottles_occluded\image_9.jpg,75,2531,335,2692
D:\SEM 7\CVProject\datasets\bottles_occluded\image_9.jpg,230,1688,437,1890
D:\SEM 7\CVProject\datasets\bottles_occluded\image_9.jpg,1979,3300,2285,3433
D:\SEM 7\CVProject\datasets\bottles_occluded\image_9.jpg,1845,1063,2075,1237
D:\SEM 7\CVProject\datasets\bottles_occluded\image_9.jpg,1174,2145,1283,2511
D:\SEM 7\CVProject\datasets\bottles_occluded\image_9.jpg,923,2533,1126,2727
D:\SEM 7\CVProject\datasets\bottles_occluded\image_9.jpg,1771,1022,1887,1360
D:\SEM 7\CVProject\datasets\bottles_occluded\image_9.jpg,1719,776,1930,962
D:\SEM 7\CVProject\datasets\bottles_occluded\image_9.jpg,1460,2059,1610,2320
D:\SEM 7\CVProject\datasets\bottles_occluded\image_9.jpg,2677,1254,2844,1488
D:\SEM 7\CVProject\datasets\bottles_occluded\image_9.jpg,2382,2437,2494,2785
D:\SEM 7\CVProject\datasets\bottles_occluded\image_9.jpg,2882,2441,2999,2774
D:\SEM 7\CVProject\datasets\bottles_occluded\image_9.jpg,2254,1688,2370,2023
D:\SEM 7\CVProject\datasets\bottles_occluded\image_9.jpg,1492,3759,1654,3999
D:\SEM 7\CVProject\datasets\bottles_occluded\image_9.jpg,1722,1279,1902,1489
D:\SEM 7\CVProject\datasets\bottles_occluded\image_9.jpg,1566,2692,1868,2814
D:\SEM 7\CVProject\datasets\bottles_occluded\image_9.jpg,2856,3080,2999,3336
D:\SEM 7\CVProject\datasets\bottles_occluded\image_9.jpg,2079,1812,2212,2087
D:\SEM 7\CVProject\datasets\bottles_occluded\image_9.jpg,2408,2037,2661,2178
D:\SEM 7\CVProject\datasets\bottles_occluded\image_9.jpg,2223,2042,2393,2250
D:\SEM 7\CVProject\datasets\bottles_occluded\image_9.jpg,0,1791,259,1924
D:\SEM 7\CVProject\datasets\bottles_occluded\image_9.jpg,1141,1648,1301,1862
D:\SEM 7\CVProject\datasets\bottles_occluded\image_9.jpg,1670,1875,1801,2136
D:\SEM 7\CVProject\datasets\bottles_occluded\image_9.jpg,879,1381,1121,1522
D:\SEM 7\CVProject\datasets\bottles_occluded\image_9.jpg,2535,391,2676,627
D:\SEM 7\CVProject\datasets\bottles_occluded\image_9.jpg,1284,3756,1420,3999
D:\SEM 7\CVProject\datasets\bottles_occluded\image_9.jpg,2281,0,2343,529
D:\SEM 7\CVProject\datasets\bottles_occluded\image_9.jpg,119,1868,245,2127
D:\SEM 7\CVProject\datasets\bottles_occluded\image_9.jpg,1339,308,1497,513
D:\SEM 7\CVProject\datasets\bottles_occluded\image_9.jpg,2743,3438,2949,3595
D:\SEM 7\CVProject\datasets\bottles_occluded\image_9.jpg,1649,1534,1785,1771
D:\SEM 7\CVProject\datasets\bottles_occluded\image_9.jpg,2387,2106,2650,2228
D:\SEM 7\CVProject\datasets\bottles_occluded\image_9.jpg,2378,669,2535,872
D:\SEM 7\CVProject\datasets\bottles_occluded\image_9.jpg,2458,3433,2599,3658
D:\SEM 7\CVProject\datasets\bottles_occluded\image_9.jpg,658,1797,842,1968
D:\SEM 7\CVProject\datasets\bottles_occluded\image_9.jpg,2517,2129,2706,2294
D:\SEM 7\CVProject\datasets\bottles_occluded\image_9.jpg,1653,790,1832,963
D:\SEM 7\CVProject\datasets\bottles_occluded\image_9.jpg,176,1315,298,1567
D:\SEM 7\CVProject\datasets\bottles_occluded\image_9.jpg,2184,3452,2349,3636
D:\SEM 7\CVProject\datasets\bottles_occluded\image_9.jpg,245,1837,402,2030
D:\SEM 7\CVProject\datasets\bottles_occluded\image_9.jpg,386,173,617,303
D:\SEM 7\CVProject\datasets\bottles_occluded\image_9.jpg,1162,1184,1309,1388
D:\SEM 7\CVProject\datasets\bottles_occluded\image_9.jpg,2422,2775,2560,2989
D:\SEM 7\CVProject\datasets\bottles_occluded\image_9.jpg,1649,2266,1848,2414
D:\SEM 7\CVProject\datasets\bottles_occluded\image_9.jpg,537,15,735,162
D:\SEM 7\CVProject\datasets\bottles_occluded\image_9.jpg,2091,2092,2221,2309
D:\SEM 7\CVProject\datasets\bottles_occluded\image_9.jpg,1947,915,2190,1030
D:\SEM 7\CVProject\datasets\bottles_occluded\image_9.jpg,2176,2535,2363,2681
D:\SEM 7\CVProject\datasets\bottles_occluded\image_9.jpg,1158,24,1289,232
D:\SEM 7\CVProject\datasets\bottles_occluded\image_9.jpg,1589,778,1738,960
D:\SEM 7\CVProject\datasets\bottles_occluded\image_9.jpg,2440,130,2635,269
D:\SEM 7\CVProject\datasets\bottles_occluded\image_9.jpg,1238,1858,1405,2020
D:\SEM 7\CVProject\datasets\bottles_occluded\image_9.jpg,1280,67,1443,231
D:\SEM 7\CVProject\datasets\bottles_occluded\image_9.jpg,1930,773,2125,910
D:\SEM 7\CVProject\datasets\bottles_occluded\image_9.jpg,1710,3038,1843,3236
D:\SEM 7\CVProject\datasets\bottles_occluded\image_9.jpg,2762,2548,2905,2732
D:\SEM 7\CVProject\datasets\bottles_occluded\image_9.jpg,2301,1042,2467,1193
D:\SEM 7\CVProject\datasets\bottles_occluded\image_9.jpg,437,953,573,1137
D:\SEM 7\CVProject\datasets\bottles_occluded\image_9.jpg,1882,2124,2007,2323
D:\SEM 7\CVProject\datasets\bottles_occluded\image_9.jpg,319,3327,491,3470
D:\SEM 7\CVProject\datasets\bottles_occluded\image_9.jpg,2740,3060,2897,3216
D:\SEM 7\CVProject\datasets\bottles_occluded\image_9.jpg,1088,410,1278,538
D:\SEM 7\CVProject\datasets\bottles_occluded\image_9.jpg,2871,581,2999,771
D:\SEM 7\CVProject\datasets\bottles_occluded\image_9.jpg,1895,2865,1951,3290
D:\SEM 7\CVProject\datasets\bottles_occluded\image_9.jpg,2067,2416,2179,2626
D:\SEM 7\CVProject\datasets\bottles_occluded\image_9.jpg,2559,2421,2706,2581
D:\SEM 7\CVProject\datasets\bottles_occluded\image_9.jpg,1398,1575,1545,1735
D:\SEM 7\CVProject\datasets\bottles_occluded\image_9.jpg,2426,3669,2588,3813
D:\SEM 7\CVProject\datasets\bottles_occluded\image_9.jpg,1471,350,1640,488
D:\SEM 7\CVProject\datasets\bottles_occluded\image_9.jpg,2275,3033,2394,3228
D:\SEM 7\CVProject\datasets\bottles_occluded\image_9.jpg,679,564,855,695
D:\SEM 7\CVProject\datasets\bottles_occluded\image_9.jpg,2705,2870,2849,3030
D:\SEM 7\CVProject\datasets\bottles_occluded\image_9.jpg,1394,2409,1496,2634
D:\SEM 7\CVProject\datasets\bottles_occluded\image_9.jpg,2789,2706,2980,2826
D:\SEM 7\CVProject\datasets\bottles_occluded\image_9.jpg,870,339,1064,457
D:\SEM 7\CVProject\datasets\bottles_occluded\image_9.jpg,2852,1175,2992,1338
D:\SEM 7\CVProject\datasets\bottles_occluded\image_9.jpg,2132,2672,2320,2792
D:\SEM 7\CVProject\datasets\bottles_occluded\image_9.jpg,2869,2262,2999,2435
D:\SEM 7\CVProject\datasets\bottles_occluded\image_9.jpg,2453,3705,2569,3898
D:\SEM 7\CVProject\datasets\bottles_occluded\image_9.jpg,1867,1292,1957,1539
D:\SEM 7\CVProject\datasets\bottles_occluded\image_9.jpg,1275,2237,1390,2430
D:\SEM 7\CVProject\datasets\bottles_occluded\image_9.jpg,0,1900,150,2048
D:\SEM 7\CVProject\datasets\bottles_occluded\image_9.jpg,634,1005,841,1112
D:\SEM 7\CVProject\datasets\bottles_occluded\image_9.jpg,2593,1244,2698,1452
D:\SEM 7\CVProject\datasets\bottles_occluded\image_9.jpg,452,1677,634,1797
D:\SEM 7\CVProject\datasets\bottles_occluded\image_9.jpg,2660,3069,2782,3247
D:\SEM 7\CVProject\datasets\bottles_occluded\image_9.jpg,2277,1939,2375,2160
D:\SEM 7\CVProject\datasets\bottles_occluded\image_9.jpg,2233,730,2449,830
D:\SEM 7\CVProject\datasets\bottles_occluded\image_9.jpg,113,3075,223,3270
D:\SEM 7\CVProject\datasets\bottles_occluded\image_9.jpg,277,983,421,1132
D:\SEM 7\CVProject\datasets\bottles_occluded\image_9.jpg,20,1960,147,2128
D:\SEM 7\CVProject\datasets\bottles_occluded\image_9.jpg,1408,2296,1532,2467
D:\SEM 7\CVProject\datasets\bottles_occluded\image_9.jpg,1536,1019,1679,1166
D:\SEM 7\CVProject\datasets\bottles_occluded\image_9.jpg,459,1833,643,1947
D:\SEM 7\CVProject\datasets\bottles_occluded\image_9.jpg,1183,1775,1321,1927
D:\SEM 7\CVProject\datasets\bottles_occluded\image_9.jpg,2747,3862,2898,3999
D:\SEM 7\CVProject\datasets\bottles_occluded\image_9.jpg,2206,1001,2332,1164
D:\SEM 7\CVProject\datasets\bottles_occluded\image_9.jpg,2474,1450,2593,1622
D:\SEM 7\CVProject\datasets\bottles_occluded\image_9.jpg,1356,3879,1525,3999
D:\SEM 7\CVProject\datasets\bottles_occluded\image_9.jpg,2385,3696,2498,3875
D:\SEM 7\CVProject\datasets\bottles_occluded\image_9.jpg,2025,2284,2158,2436
D:\SEM 7\CVProject\datasets\bottles_occluded\image_9.jpg,140,3362,315,3476
D:\SEM 7\CVProject\datasets\bottles_occluded\image_9.jpg,2055,2609,2195,2750
D:\SEM 7\CVProject\datasets\bottles_occluded\image_9.jpg,2023,597,2143,758
D:\SEM 7\CVProject\datasets\bottles_occluded\image_9.jpg,1861,2436,1913,2804
D:\SEM 7\CVProject\datasets\bottles_occluded\image_9.jpg,2010,677,2208,774
D:\SEM 7\CVProject\datasets\bottles_occluded\image_9.jpg,1915,356,2011,555
D:\SEM 7\CVProject\datasets\bottles_occluded\image_9.jpg,2854,33,2999,163
D:\SEM 7\CVProject\datasets\bottles_occluded\image_9.jpg,1096,1796,1234,1932
D:\SEM 7\CVProject\datasets\bottles_occluded\image_9.jpg,955,1232,1097,1364
D:\SEM 7\CVProject\datasets\bottles_occluded\image_9.jpg,607,2913,680,3167
D:\SEM 7\CVProject\datasets\bottles_occluded\image_9.jpg,1935,1947,2027,2147
D:\SEM 7\CVProject\datasets\bottles_occluded\image_9.jpg,2316,3022,2431,3182
D:\SEM 7\CVProject\datasets\bottles_occluded\image_9.jpg,2442,3145,2539,3334
D:\SEM 7\CVProject\datasets\bottles_occluded\image_9.jpg,1057,149,1169,312
D:\SEM 7\CVProject\datasets\bottles_occluded\image_9.jpg,527,679,641,839
D:\SEM 7\CVProject\datasets\bottles_occluded\image_9.jpg,98,3232,201,3409
D:\SEM 7\CVProject\datasets\bottles_occluded\image_9.jpg,2904,3555,2996,3751
D:\SEM 7\CVProject\datasets\bottles_occluded\image_9.jpg,2759,3529,2858,3711
D:\SEM 7\CVProject\datasets\bottles_occluded\image_9.jpg,2796,3623,2900,3796
D:\SEM 7\CVProject\datasets\bottles_occluded\image_9.jpg,1363,246,1488,390
D:\SEM 7\CVProject\datasets\bottles_occluded\image_9.jpg,1944,1797,2026,2016
D:\SEM 7\CVProject\datasets\bottles_occluded\image_9.jpg,1304,2081,1386,2300
D:\SEM 7\CVProject\datasets\bottles_occluded\image_9.jpg,2869,3625,2984,3781
D:\SEM 7\CVProject\datasets\bottles_occluded\image_9.jpg,1709,2556,1821,2716
D:\SEM 7\CVProject\datasets\bottles_occluded\image_9.jpg,1141,679,1272,815
D:\SEM 7\CVProject\datasets\bottles_occluded\image_9.jpg,2595,3227,2732,3357
D:\SEM 7\CVProject\datasets\bottles_occluded\image_9.jpg,151,1833,252,2009
D:\SEM 7\CVProject\datasets\bottles_occluded\image_9.jpg,1952,1363,2065,1518
D:\SEM 7\CVProject\datasets\bottles_occluded\image_9.jpg,2504,2648,2611,2810
D:\SEM 7\CVProject\datasets\bottles_occluded\image_9.jpg,1508,870,1692,964
D:\SEM 7\CVProject\datasets\bottles_occluded\image_9.jpg,2456,2491,2576,2635
D:\SEM 7\CVProject\datasets\bottles_occluded\image_9.jpg,1891,1075,2004,1227
D:\SEM 7\CVProject\datasets\bottles_occluded\image_9.jpg,1437,1865,1539,2033
D:\SEM 7\CVProject\datasets\bottles_occluded\image_9.jpg,1440,132,1524,335
D:\SEM 7\CVProject\datasets\bottles_occluded\image_9.jpg,2529,3743,2645,3890
D:\SEM 7\CVProject\datasets\bottles_occluded\image_9.jpg,2639,3417,2746,3576
D:\SEM 7\CVProject\datasets\bottles_occluded\image_9.jpg,2580,3173,2683,3338
D:\SEM 7\CVProject\datasets\bottles_occluded\image_9.jpg,1686,1839,1769,2043
D:\SEM 7\CVProject\datasets\bottles_occluded\image_9.jpg,2357,2052,2477,2193
D:\SEM 7\CVProject\datasets\bottles_occluded\image_9.jpg,2581,3515,2649,3763
D:\SEM 7\CVProject\datasets\bottles_occluded\image_9.jpg,0,2437,54,2746
D:\SEM 7\CVProject\datasets\bottles_occluded\image_9.jpg,1096,272,1180,471
D:\SEM 7\CVProject\datasets\bottles_occluded\image_9.jpg,1558,2885,1671,3032
D:\SEM 7\CVProject\datasets\bottles_occluded\image_9.jpg,1633,50,1702,286
D:\SEM 7\CVProject\datasets\bottles_occluded\image_9.jpg,2000,1911,2069,2147
D:\SEM 7\CVProject\datasets\bottles_occluded\image_9.jpg,2400,983,2513,1127
D:\SEM 7\CVProject\datasets\bottles_occluded\image_9.jpg,1773,2832,1857,3025
D:\SEM 7\CVProject\datasets\bottles_occluded\image_9.jpg,1542,8,1739,90
D:\SEM 7\CVProject\datasets\bottles_occluded\image_9.jpg,207,1872,316,2020
D:\SEM 7\CVProject\datasets\bottles_occluded\image_9.jpg,2011,1892,2098,2076
D:\SEM 7\CVProject\datasets\bottles_occluded\image_9.jpg,1735,226,1822,410
D:\SEM 7\CVProject\datasets\bottles_occluded\image_9.jpg,1451,753,1554,908
D:\SEM 7\CVProject\datasets\bottles_occluded\image_9.jpg,241,3031,412,3124
D:\SEM 7\CVProject\datasets\bottles_occluded\image_9.jpg,1687,771,1847,870
D:\SEM 7\CVProject\datasets\bottles_occluded\image_9.jpg,463,1565,607,1675
D:\SEM 7\CVProject\datasets\bottles_occluded\image_9.jpg,970,2554,1083,2694
D:\SEM 7\CVProject\datasets\bottles_occluded\image_9.jpg,2701,3611,2786,3796
D:\SEM 7\CVProject\datasets\bottles_occluded\image_9.jpg,1709,1179,1768,1443
D:\SEM 7\CVProject\datasets\bottles_occluded\image_9.jpg,2737,2963,2824,3142
D:\SEM 7\CVProject\datasets\bottles_occluded\image_9.jpg,3,3395,60,3663
D:\SEM 7\CVProject\datasets\bottles_occluded\image_9.jpg,2066,1614,2113,1936
D:\SEM 7\CVProject\datasets\bottles_occluded\image_9.jpg,1754,479,1873,607
D:\SEM 7\CVProject\datasets\bottles_occluded\image_9.jpg,304,1714,436,1829
D:\SEM 7\CVProject\datasets\bottles_occluded\image_9.jpg,1844,264,1938,425
D:\SEM 7\CVProject\datasets\bottles_occluded\image_9.jpg,2109,2616,2238,2733
D:\SEM 7\CVProject\datasets\bottles_occluded\image_9.jpg,1930,2060,2040,2196
D:\SEM 7\CVProject\datasets\bottles_occluded\image_9.jpg,2815,1779,2999,1860
D:\SEM 7\CVProject\datasets\bottles_occluded\image_9.jpg,1569,1287,1718,1387
D:\SEM 7\CVProject\datasets\bottles_occluded\image_9.jpg,1399,662,1512,793
D:\SEM 7\CVProject\datasets\bottles_occluded\image_9.jpg,1067,1696,1163,1849
D:\SEM 7\CVProject\datasets\bottles_occluded\image_9.jpg,629,0,742,130
D:\SEM 7\CVProject\datasets\bottles_occluded\image_9.jpg,2093,1946,2151,2198
D:\SEM 7\CVProject\datasets\bottles_occluded\image_9.jpg,2572,415,2666,571
D:\SEM 7\CVProject\datasets\bottles_occluded\image_9.jpg,761,1379,878,1504
D:\SEM 7\CVProject\datasets\bottles_occluded\image_9.jpg,682,1783,848,1871
D:\SEM 7\CVProject\datasets\bottles_occluded\image_9.jpg,1325,3014,1418,3171
D:\SEM 7\CVProject\datasets\bottles_occluded\image_9.jpg,1531,492,1611,674
D:\SEM 7\CVProject\datasets\bottles_occluded\image_9.jpg,2673,2897,2786,3025
D:\SEM 7\CVProject\datasets\bottles_occluded\image_9.jpg,1953,3243,2060,3377
D:\SEM 7\CVProject\datasets\bottles_occluded\image_9.jpg,290,1897,449,1987
D:\SEM 7\CVProject\datasets\bottles_occluded\image_9.jpg,2840,687,2956,810
D:\SEM 7\CVProject\datasets\bottles_occluded\image_9.jpg,1363,336,1472,466
D:\SEM 7\CVProject\datasets\bottles_occluded\image_9.jpg,379,1860,515,1964
D:\SEM 7\CVProject\datasets\bottles_occluded\image_9.jpg,2183,1943,2256,2136
D:\SEM 7\CVProject\datasets\bottles_occluded\image_9.jpg,2531,2477,2658,2587
D:\SEM 7\CVProject\datasets\bottles_occluded\image_9.jpg,746,2105,854,2234
D:\SEM 7\CVProject\datasets\bottles_occluded\image_9.jpg,378,1426,507,1533
D:\SEM 7\CVProject\datasets\bottles_occluded\image_9.jpg,257,1138,336,1311
D:\SEM 7\CVProject\datasets\bottles_occluded\image_9.jpg,2060,1974,2116,2217
D:\SEM 7\CVProject\datasets\bottles_occluded\image_9.jpg,1529,2480,1630,2615
D:\SEM 7\CVProject\datasets\bottles_occluded\image_9.jpg,2321,2583,2422,2718
D:\SEM 7\CVProject\datasets\bottles_occluded\image_9.jpg,1439,1100,1529,1251
D:\SEM 7\CVProject\datasets\bottles_occluded\image_9.jpg,2027,2015,2120,2161
D:\SEM 7\CVProject\datasets\bottles_occluded\image_9.jpg,2171,2035,2251,2204
D:\SEM 7\CVProject\datasets\bottles_occluded\image_9.jpg,934,2565,1026,2711
D:\SEM 7\CVProject\datasets\bottles_occluded\image_9.jpg,2946,1591,2999,1843
D:\SEM 7\CVProject\datasets\bottles_occluded\image_9.jpg,2525,2825,2594,3019
D:\SEM 7\CVProject\datasets\bottles_occluded\image_9.jpg,1747,0,1814,199
D:\SEM 7\CVProject\datasets\bottles_occluded\image_9.jpg,2199,3509,2301,3640
D:\SEM 7\CVProject\datasets\bottles_occluded\image_9.jpg,143,1690,281,1786
D:\SEM 7\CVProject\datasets\bottles_occluded\image_9.jpg,1318,1768,1417,1901
D:\SEM 7\CVProject\datasets\bottles_occluded\image_9.jpg,1448,14,1539,158
D:\SEM 7\CVProject\datasets\bottles_occluded\image_9.jpg,739,725,841,853
D:\SEM 7\CVProject\datasets\bottles_occluded\image_9.jpg,1146,34,1236,179
D:\SEM 7\CVProject\datasets\bottles_occluded\image_9.jpg,445,3179,536,3322
D:\SEM 7\CVProject\datasets\bottles_occluded\image_9.jpg,1675,375,1751,546
D:\SEM 7\CVProject\datasets\bottles_occluded\image_9.jpg,2404,1360,2496,1501
D:\SEM 7\CVProject\datasets\bottles_occluded\image_9.jpg,1360,624,1465,747
D:\SEM 7\CVProject\datasets\bottles_occluded\image_9.jpg,1140,754,1239,884
D:\SEM 7\CVProject\datasets\bottles_occluded\image_9.jpg,2217,3589,2319,3715
D:\SEM 7\CVProject\datasets\bottles_occluded\image_9.jpg,1720,1718,1793,1893
D:\SEM 7\CVProject\datasets\bottles_occluded\image_9.jpg,2004,911,2121,1020
D:\SEM 7\CVProject\datasets\bottles_occluded\image_9.jpg,1979,2146,2104,2248
D:\SEM 7\CVProject\datasets\bottles_occluded\image_9.jpg,2951,900,2999,1163
D:\SEM 7\CVProject\datasets\bottles_occluded\image_9.jpg,2366,2237,2533,2313
D:\SEM 7\CVProject\datasets\bottles_occluded\image_9.jpg,1448,397,1512,595
D:\SEM 7\CVProject\datasets\bottles_occluded\image_9.jpg,2253,2282,2375,2386
D:\SEM 7\CVProject\datasets\bottles_occluded\image_9.jpg,2812,3289,2944,3385
D:\SEM 7\CVProject\datasets\bottles_occluded\image_9.jpg,491,357,582,496
D:\SEM 7\CVProject\datasets\bottles_occluded\image_9.jpg,1319,1166,1452,1261
D:\SEM 7\CVProject\datasets\bottles_occluded\image_9.jpg,1799,2579,1883,2729
D:\SEM 7\CVProject\datasets\bottles_occluded\image_9.jpg,1140,2919,1236,3050
D:\SEM 7\CVProject\datasets\bottles_occluded\image_9.jpg,636,1796,793,1876
D:\SEM 7\CVProject\datasets\bottles_occluded\image_9.jpg,608,1583,691,1734
D:\SEM 7\CVProject\datasets\bottles_occluded\image_9.jpg,2040,2194,2104,2389
D:\SEM 7\CVProject\datasets\bottles_occluded\image_9.jpg,1638,1998,1703,2190
D:\SEM 7\CVProject\datasets\bottles_occluded\image_9.jpg,2927,2555,2999,2727
D:\SEM 7\CVProject\datasets\bottles_occluded\image_9.jpg,1477,1240,1593,1346
D:\SEM 7\CVProject\datasets\bottles_occluded\image_9.jpg,1951,699,2030,854
D:\SEM 7\CVProject\datasets\bottles_occluded\image_9.jpg,1593,1748,1668,1911
D:\SEM 7\CVProject\datasets\bottles_occluded\image_9.jpg,2426,608,2519,739
D:\SEM 7\CVProject\datasets\bottles_occluded\image_9.jpg,178,1981,323,2064
D:\SEM 7\CVProject\datasets\bottles_occluded\image_9.jpg,2564,3072,2675,3180
D:\SEM 7\CVProject\datasets\bottles_occluded\image_9.jpg,1,302,108,414
D:\SEM 7\CVProject\datasets\bottles_occluded\image_9.jpg,2302,1022,2409,1134
D:\SEM 7\CVProject\datasets\bottles_occluded\image_9.jpg,640,1403,747,1515
D:\SEM 7\CVProject\datasets\bottles_occluded\image_9.jpg,2466,2009,2542,2166
D:\SEM 7\CVProject\datasets\bottles_occluded\image_9.jpg,2627,1965,2712,2105
D:\SEM 7\CVProject\datasets\bottles_occluded\image_9.jpg,392,1747,525,1836
D:\SEM 7\CVProject\datasets\bottles_occluded\image_9.jpg,574,1369,655,1515
D:\SEM 7\CVProject\datasets\bottles_occluded\image_9.jpg,1174,58,1259,197
D:\SEM 7\CVProject\datasets\bottles_occluded\image_9.jpg,1635,809,1730,933
D:\SEM 7\CVProject\datasets\bottles_occluded\image_9.jpg,2153,2868,2248,2992
