{"_runtime":54,"oob_score":0.8955349620893007,"_timestamp":1.7572832233357692e+09,"_step":2,"val_f1_plastic":0.10723860589812333,"val_recall_plastic":0.09009009009009009,"val_confusion_matrix_table":{"artifact_path":"wandb-client-artifact://pfcadamk43wcte6v849plg1kna57gbk4dor50ty60epht71k0w750jcvcyz2xhx2mbkolfftqb5dsxmmey13tgdlgctz9iv4o7wgahh9jkl6v88llx51m3bvxxdkd7xm/val_confusion_matrix_table.table.json","_latest_artifact_path":"wandb-client-artifact://z9vkti5n4ehtp9vsqbj38n667lui7qepg9m86x1w4n06cn8zh4tk1tldebdzb9w1a5bozjqc1qh6bxp2s718lcnc7m3dy83m7u97jd6bu9k5ekn538lds9qlkmjfjq4a:latest/val_confusion_matrix_table.table.json","sha256":"4596c5f128a0dcd9f0d2f306893b84c8854e60330943e364dbae86c470d1f85f","path":"media/table/val_confusion_matrix_table_2_4596c5f128a0dcd9f0d2.table.json","log_mode":"IMMUTABLE","ncols":3,"nrows":4,"size":201,"_type":"table-file"},"val_precision_plastic":0.13245033112582782,"_wandb":{"runtime":54},"val_acc":0.34705882352941175}