{"_runtime":2347,"val_precision":0.5336134453781513,"val_recall":0.8819444444444444,"_timestamp":1.757280387386552e+09,"val_f1":0.6649214659685864,"val_confusion_matrix_table":{"artifact_path":"wandb-client-artifact://mfoew4dfurz9jtexbpfnl3buepay34ijlw82cj2ucmvgcuirv901qpyr5zg3o1va8082ac6vtaqfqfi4byifyms9yyhod12ihxeu7bachrr4utbpoj023e76q2ti2l53/val_confusion_matrix_table.table.json","_type":"table-file","ncols":3,"sha256":"b617ad854688b0433c241df559f7ad03668ccfa1478ff713598a2cd80313562d","path":"media/table/val_confusion_matrix_table_2_b617ad854688b0433c24.table.json","size":199,"nrows":4,"log_mode":"IMMUTABLE","_latest_artifact_path":"wandb-client-artifact://x4pb0v489y4sz5mbougepcjjb4eog475k938z48srfg4bsx6ybc0cx9q4ikirzsa3p65bbaztogmbm9st3sbsgnvwze7q8lxj0uemko9ocqszjhqw7cl5m3u41dzy7fc:latest/val_confusion_matrix_table.table.json"},"_wandb":{"runtime":2347},"oob_score":0.8955349620893007,"_step":2,"val_acc":0.4980392156862745}